ISO-10303-21;
HEADER;
/* Generated by software containing ST-Developer
 * from STEP Tools, Inc. (www.steptools.com) 
 */
/* OPTION: using custom renumber hook */

FILE_DESCRIPTION(
/* description */ ('STEP AP242 Edition 2',
'CAx-IF Rec.Pracs.---Representation and Presentation of Product Manufa
cturing Information (PMI)---4.0---2014-10-13',
'CAx-IF Rec.Pracs.---3D Tessellated Geometry---0.4---2014-09-14','2;1',
'CAx-IF Rec.Pracs.---User Defined Attributes---1.5---2016-08-15'),
/* implementation_level */ '2;1');

FILE_NAME(
/* name */ 'Rectangle with band - Part 1',
/* time_stamp */ '2026-07-28T21:00:36Z',
/* author */ (''),
/* organization */ (''),
/* preprocessor_version */ 'ST-DEVELOPER v20',
/* originating_system */ 'ONSHAPE BY PTC INC, 1.218',
/* authorisation */ '  ');

FILE_SCHEMA (('AP242_MANAGED_MODEL_BASED_3D_ENGINEERING_MIM_LF { 1 0 10303 442 3 1 4 }'));
ENDSEC;

DATA;
#10=SHAPE_REPRESENTATION_RELATIONSHIP('','',#1659,#11);
#11=ADVANCED_BREP_SHAPE_REPRESENTATION('',(#1657),#2685);
#12=CONICAL_SURFACE('',#1756,0.0127499999999996,0.785398163397448);
#13=CONICAL_SURFACE('',#1779,0.0122499999999996,0.785398163397448);
#14=PLANE('',#1682);
#15=PLANE('',#1683);
#16=PLANE('',#1684);
#17=PLANE('',#1685);
#18=PLANE('',#1686);
#19=PLANE('',#1689);
#20=PLANE('',#1690);
#21=PLANE('',#1691);
#22=PLANE('',#1695);
#23=PLANE('',#1699);
#24=PLANE('',#1704);
#25=PLANE('',#1705);
#26=PLANE('',#1706);
#27=PLANE('',#1709);
#28=PLANE('',#1711);
#29=PLANE('',#1712);
#30=PLANE('',#1713);
#31=PLANE('',#1714);
#32=PLANE('',#1715);
#33=PLANE('',#1716);
#34=PLANE('',#1718);
#35=PLANE('',#1720);
#36=PLANE('',#1721);
#37=PLANE('',#1722);
#38=PLANE('',#1724);
#39=PLANE('',#1725);
#40=PLANE('',#1726);
#41=PLANE('',#1727);
#42=PLANE('',#1728);
#43=PLANE('',#1729);
#44=PLANE('',#1730);
#45=PLANE('',#1731);
#46=PLANE('',#1732);
#47=PLANE('',#1733);
#48=PLANE('',#1734);
#49=PLANE('',#1735);
#50=PLANE('',#1736);
#51=PLANE('',#1737);
#52=PLANE('',#1739);
#53=PLANE('',#1741);
#54=PLANE('',#1742);
#55=PLANE('',#1743);
#56=PLANE('',#1747);
#57=PLANE('',#1748);
#58=PLANE('',#1749);
#59=PLANE('',#1750);
#60=PLANE('',#1751);
#61=PLANE('',#1752);
#62=PLANE('',#1753);
#63=PLANE('',#1754);
#64=PLANE('',#1755);
#65=PLANE('',#1757);
#66=PLANE('',#1758);
#67=PLANE('',#1759);
#68=PLANE('',#1760);
#69=PLANE('',#1761);
#70=PLANE('',#1762);
#71=PLANE('',#1763);
#72=PLANE('',#1764);
#73=PLANE('',#1765);
#74=PLANE('',#1766);
#75=PLANE('',#1767);
#76=PLANE('',#1768);
#77=PLANE('',#1769);
#78=PLANE('',#1770);
#79=PLANE('',#1771);
#80=PLANE('',#1772);
#81=PLANE('',#1773);
#82=PLANE('',#1774);
#83=PLANE('',#1775);
#84=PLANE('',#1776);
#85=PLANE('',#1777);
#86=PLANE('',#1778);
#87=CIRCLE('',#1662,0.0067);
#88=CIRCLE('',#1663,0.0067);
#89=CIRCLE('',#1665,0.0067);
#90=CIRCLE('',#1666,0.0067);
#91=CIRCLE('',#1668,0.0067);
#92=CIRCLE('',#1669,0.0067);
#93=CIRCLE('',#1671,0.0075);
#94=CIRCLE('',#1672,0.0075);
#95=CIRCLE('',#1674,0.0075);
#96=CIRCLE('',#1675,0.0075);
#97=CIRCLE('',#1677,0.0075);
#98=CIRCLE('',#1678,0.0075);
#99=CIRCLE('',#1680,0.0075);
#100=CIRCLE('',#1681,0.0075);
#101=CIRCLE('',#1687,0.0122499999999996);
#102=CIRCLE('',#1688,0.0122499999999996);
#103=CIRCLE('',#1693,0.0127499999999996);
#104=CIRCLE('',#1694,0.0127499999999996);
#105=CIRCLE('',#1696,0.0127499999999996);
#106=CIRCLE('',#1697,0.0119499999999991);
#107=CIRCLE('',#1698,0.0119499999999991);
#108=CIRCLE('',#1701,0.0127499999999996);
#109=CIRCLE('',#1703,0.0119499999999991);
#110=CIRCLE('',#1708,0.0119499999999991);
#111=CIRCLE('',#1710,0.0067);
#112=CIRCLE('',#1717,0.0015);
#113=CIRCLE('',#1719,0.0015);
#114=CIRCLE('',#1738,0.0015);
#115=CIRCLE('',#1740,0.0015);
#116=CIRCLE('',#1746,0.0067);
#117=ORIENTED_EDGE('',*,*,#573,.F.);
#118=ORIENTED_EDGE('',*,*,#574,.T.);
#119=ORIENTED_EDGE('',*,*,#575,.T.);
#120=ORIENTED_EDGE('',*,*,#576,.T.);
#121=ORIENTED_EDGE('',*,*,#577,.T.);
#122=ORIENTED_EDGE('',*,*,#578,.T.);
#123=ORIENTED_EDGE('',*,*,#579,.T.);
#124=ORIENTED_EDGE('',*,*,#580,.F.);
#125=ORIENTED_EDGE('',*,*,#581,.T.);
#126=ORIENTED_EDGE('',*,*,#582,.T.);
#127=ORIENTED_EDGE('',*,*,#583,.T.);
#128=ORIENTED_EDGE('',*,*,#584,.T.);
#129=ORIENTED_EDGE('',*,*,#585,.F.);
#130=ORIENTED_EDGE('',*,*,#586,.T.);
#131=ORIENTED_EDGE('',*,*,#587,.T.);
#132=ORIENTED_EDGE('',*,*,#588,.F.);
#133=ORIENTED_EDGE('',*,*,#589,.F.);
#134=ORIENTED_EDGE('',*,*,#590,.T.);
#135=ORIENTED_EDGE('',*,*,#591,.T.);
#136=ORIENTED_EDGE('',*,*,#592,.T.);
#137=ORIENTED_EDGE('',*,*,#593,.F.);
#138=ORIENTED_EDGE('',*,*,#594,.T.);
#139=ORIENTED_EDGE('',*,*,#595,.T.);
#140=ORIENTED_EDGE('',*,*,#596,.F.);
#141=ORIENTED_EDGE('',*,*,#597,.F.);
#142=ORIENTED_EDGE('',*,*,#598,.T.);
#143=ORIENTED_EDGE('',*,*,#599,.F.);
#144=ORIENTED_EDGE('',*,*,#600,.F.);
#145=ORIENTED_EDGE('',*,*,#601,.F.);
#146=ORIENTED_EDGE('',*,*,#585,.T.);
#147=ORIENTED_EDGE('',*,*,#602,.T.);
#148=ORIENTED_EDGE('',*,*,#574,.F.);
#149=ORIENTED_EDGE('',*,*,#579,.F.);
#150=ORIENTED_EDGE('',*,*,#603,.T.);
#151=ORIENTED_EDGE('',*,*,#596,.T.);
#152=ORIENTED_EDGE('',*,*,#604,.F.);
#153=ORIENTED_EDGE('',*,*,#583,.F.);
#154=ORIENTED_EDGE('',*,*,#605,.T.);
#155=ORIENTED_EDGE('',*,*,#600,.T.);
#156=ORIENTED_EDGE('',*,*,#606,.T.);
#157=ORIENTED_EDGE('',*,*,#607,.F.);
#158=ORIENTED_EDGE('',*,*,#608,.F.);
#159=ORIENTED_EDGE('',*,*,#609,.F.);
#160=ORIENTED_EDGE('',*,*,#610,.T.);
#161=ORIENTED_EDGE('',*,*,#611,.T.);
#162=ORIENTED_EDGE('',*,*,#612,.T.);
#163=ORIENTED_EDGE('',*,*,#613,.T.);
#164=ORIENTED_EDGE('',*,*,#614,.T.);
#165=ORIENTED_EDGE('',*,*,#615,.T.);
#166=ORIENTED_EDGE('',*,*,#616,.T.);
#167=ORIENTED_EDGE('',*,*,#617,.T.);
#168=ORIENTED_EDGE('',*,*,#618,.T.);
#169=ORIENTED_EDGE('',*,*,#619,.T.);
#170=ORIENTED_EDGE('',*,*,#620,.T.);
#171=ORIENTED_EDGE('',*,*,#621,.T.);
#172=ORIENTED_EDGE('',*,*,#622,.T.);
#173=ORIENTED_EDGE('',*,*,#623,.T.);
#174=ORIENTED_EDGE('',*,*,#624,.T.);
#175=ORIENTED_EDGE('',*,*,#625,.T.);
#176=ORIENTED_EDGE('',*,*,#626,.T.);
#177=ORIENTED_EDGE('',*,*,#627,.T.);
#178=ORIENTED_EDGE('',*,*,#628,.T.);
#179=ORIENTED_EDGE('',*,*,#629,.T.);
#180=ORIENTED_EDGE('',*,*,#630,.T.);
#181=ORIENTED_EDGE('',*,*,#631,.T.);
#182=ORIENTED_EDGE('',*,*,#632,.T.);
#183=ORIENTED_EDGE('',*,*,#633,.T.);
#184=ORIENTED_EDGE('',*,*,#634,.T.);
#185=ORIENTED_EDGE('',*,*,#635,.T.);
#186=ORIENTED_EDGE('',*,*,#636,.T.);
#187=ORIENTED_EDGE('',*,*,#637,.F.);
#188=ORIENTED_EDGE('',*,*,#610,.F.);
#189=ORIENTED_EDGE('',*,*,#638,.F.);
#190=ORIENTED_EDGE('',*,*,#639,.T.);
#191=ORIENTED_EDGE('',*,*,#640,.F.);
#192=ORIENTED_EDGE('',*,*,#641,.F.);
#193=ORIENTED_EDGE('',*,*,#642,.F.);
#194=ORIENTED_EDGE('',*,*,#608,.T.);
#195=ORIENTED_EDGE('',*,*,#643,.T.);
#196=ORIENTED_EDGE('',*,*,#644,.T.);
#197=ORIENTED_EDGE('',*,*,#645,.F.);
#198=ORIENTED_EDGE('',*,*,#646,.F.);
#199=ORIENTED_EDGE('',*,*,#645,.T.);
#200=ORIENTED_EDGE('',*,*,#647,.T.);
#201=ORIENTED_EDGE('',*,*,#648,.F.);
#202=ORIENTED_EDGE('',*,*,#649,.F.);
#203=ORIENTED_EDGE('',*,*,#650,.T.);
#204=ORIENTED_EDGE('',*,*,#651,.F.);
#205=ORIENTED_EDGE('',*,*,#652,.F.);
#206=ORIENTED_EDGE('',*,*,#653,.T.);
#207=ORIENTED_EDGE('',*,*,#641,.T.);
#208=ORIENTED_EDGE('',*,*,#654,.T.);
#209=ORIENTED_EDGE('',*,*,#655,.T.);
#210=ORIENTED_EDGE('',*,*,#656,.T.);
#211=ORIENTED_EDGE('',*,*,#657,.T.);
#212=ORIENTED_EDGE('',*,*,#658,.F.);
#213=ORIENTED_EDGE('',*,*,#659,.T.);
#214=ORIENTED_EDGE('',*,*,#660,.F.);
#215=ORIENTED_EDGE('',*,*,#646,.T.);
#216=ORIENTED_EDGE('',*,*,#649,.T.);
#217=ORIENTED_EDGE('',*,*,#661,.F.);
#218=ORIENTED_EDGE('',*,*,#662,.T.);
#219=ORIENTED_EDGE('',*,*,#663,.F.);
#220=ORIENTED_EDGE('',*,*,#664,.T.);
#221=ORIENTED_EDGE('',*,*,#665,.F.);
#222=ORIENTED_EDGE('',*,*,#666,.F.);
#223=ORIENTED_EDGE('',*,*,#667,.F.);
#224=ORIENTED_EDGE('',*,*,#668,.F.);
#225=ORIENTED_EDGE('',*,*,#669,.F.);
#226=ORIENTED_EDGE('',*,*,#670,.F.);
#227=ORIENTED_EDGE('',*,*,#671,.T.);
#228=ORIENTED_EDGE('',*,*,#672,.T.);
#229=ORIENTED_EDGE('',*,*,#673,.F.);
#230=ORIENTED_EDGE('',*,*,#674,.F.);
#231=ORIENTED_EDGE('',*,*,#675,.T.);
#232=ORIENTED_EDGE('',*,*,#676,.T.);
#233=ORIENTED_EDGE('',*,*,#677,.T.);
#234=ORIENTED_EDGE('',*,*,#678,.F.);
#235=ORIENTED_EDGE('',*,*,#679,.T.);
#236=ORIENTED_EDGE('',*,*,#680,.T.);
#237=ORIENTED_EDGE('',*,*,#681,.F.);
#238=ORIENTED_EDGE('',*,*,#652,.T.);
#239=ORIENTED_EDGE('',*,*,#682,.T.);
#240=ORIENTED_EDGE('',*,*,#683,.T.);
#241=ORIENTED_EDGE('',*,*,#679,.F.);
#242=ORIENTED_EDGE('',*,*,#651,.T.);
#243=ORIENTED_EDGE('',*,*,#684,.T.);
#244=ORIENTED_EDGE('',*,*,#685,.F.);
#245=ORIENTED_EDGE('',*,*,#686,.F.);
#246=ORIENTED_EDGE('',*,*,#671,.F.);
#247=ORIENTED_EDGE('',*,*,#678,.T.);
#248=ORIENTED_EDGE('',*,*,#687,.T.);
#249=ORIENTED_EDGE('',*,*,#688,.T.);
#250=ORIENTED_EDGE('',*,*,#684,.F.);
#251=ORIENTED_EDGE('',*,*,#689,.T.);
#252=ORIENTED_EDGE('',*,*,#690,.F.);
#253=ORIENTED_EDGE('',*,*,#687,.F.);
#254=ORIENTED_EDGE('',*,*,#677,.F.);
#255=ORIENTED_EDGE('',*,*,#691,.T.);
#256=ORIENTED_EDGE('',*,*,#692,.F.);
#257=ORIENTED_EDGE('',*,*,#689,.F.);
#258=ORIENTED_EDGE('',*,*,#676,.F.);
#259=ORIENTED_EDGE('',*,*,#675,.F.);
#260=ORIENTED_EDGE('',*,*,#693,.T.);
#261=ORIENTED_EDGE('',*,*,#694,.F.);
#262=ORIENTED_EDGE('',*,*,#691,.F.);
#263=ORIENTED_EDGE('',*,*,#598,.F.);
#264=ORIENTED_EDGE('',*,*,#695,.T.);
#265=ORIENTED_EDGE('',*,*,#581,.F.);
#266=ORIENTED_EDGE('',*,*,#696,.T.);
#267=ORIENTED_EDGE('',*,*,#587,.F.);
#268=ORIENTED_EDGE('',*,*,#697,.F.);
#269=ORIENTED_EDGE('',*,*,#576,.F.);
#270=ORIENTED_EDGE('',*,*,#698,.T.);
#271=ORIENTED_EDGE('',*,*,#591,.F.);
#272=ORIENTED_EDGE('',*,*,#699,.F.);
#273=ORIENTED_EDGE('',*,*,#700,.F.);
#274=ORIENTED_EDGE('',*,*,#701,.F.);
#275=ORIENTED_EDGE('',*,*,#594,.F.);
#276=ORIENTED_EDGE('',*,*,#702,.T.);
#277=ORIENTED_EDGE('',*,*,#577,.F.);
#278=ORIENTED_EDGE('',*,*,#703,.F.);
#279=ORIENTED_EDGE('',*,*,#694,.T.);
#280=ORIENTED_EDGE('',*,*,#704,.F.);
#281=ORIENTED_EDGE('',*,*,#705,.F.);
#282=ORIENTED_EDGE('',*,*,#706,.T.);
#283=ORIENTED_EDGE('',*,*,#685,.T.);
#284=ORIENTED_EDGE('',*,*,#688,.F.);
#285=ORIENTED_EDGE('',*,*,#690,.T.);
#286=ORIENTED_EDGE('',*,*,#692,.T.);
#287=ORIENTED_EDGE('',*,*,#707,.F.);
#288=ORIENTED_EDGE('',*,*,#708,.T.);
#289=ORIENTED_EDGE('',*,*,#643,.F.);
#290=ORIENTED_EDGE('',*,*,#660,.T.);
#291=ORIENTED_EDGE('',*,*,#709,.F.);
#292=ORIENTED_EDGE('',*,*,#710,.F.);
#293=ORIENTED_EDGE('',*,*,#711,.T.);
#294=ORIENTED_EDGE('',*,*,#712,.T.);
#295=ORIENTED_EDGE('',*,*,#707,.T.);
#296=ORIENTED_EDGE('',*,*,#713,.F.);
#297=ORIENTED_EDGE('',*,*,#714,.T.);
#298=ORIENTED_EDGE('',*,*,#715,.T.);
#299=ORIENTED_EDGE('',*,*,#716,.F.);
#300=ORIENTED_EDGE('',*,*,#717,.T.);
#301=ORIENTED_EDGE('',*,*,#713,.T.);
#302=ORIENTED_EDGE('',*,*,#710,.T.);
#303=ORIENTED_EDGE('',*,*,#659,.F.);
#304=ORIENTED_EDGE('',*,*,#718,.T.);
#305=ORIENTED_EDGE('',*,*,#716,.T.);
#306=ORIENTED_EDGE('',*,*,#709,.T.);
#307=ORIENTED_EDGE('',*,*,#681,.T.);
#308=ORIENTED_EDGE('',*,*,#719,.T.);
#309=ORIENTED_EDGE('',*,*,#638,.T.);
#310=ORIENTED_EDGE('',*,*,#609,.T.);
#311=ORIENTED_EDGE('',*,*,#642,.T.);
#312=ORIENTED_EDGE('',*,*,#653,.F.);
#313=ORIENTED_EDGE('',*,*,#720,.T.);
#314=ORIENTED_EDGE('',*,*,#721,.T.);
#315=ORIENTED_EDGE('',*,*,#722,.T.);
#316=ORIENTED_EDGE('',*,*,#714,.F.);
#317=ORIENTED_EDGE('',*,*,#717,.F.);
#318=ORIENTED_EDGE('',*,*,#718,.F.);
#319=ORIENTED_EDGE('',*,*,#658,.T.);
#320=ORIENTED_EDGE('',*,*,#723,.F.);
#321=ORIENTED_EDGE('',*,*,#637,.T.);
#322=ORIENTED_EDGE('',*,*,#724,.T.);
#323=ORIENTED_EDGE('',*,*,#725,.T.);
#324=ORIENTED_EDGE('',*,*,#654,.F.);
#325=ORIENTED_EDGE('',*,*,#640,.T.);
#326=ORIENTED_EDGE('',*,*,#607,.T.);
#327=ORIENTED_EDGE('',*,*,#726,.T.);
#328=ORIENTED_EDGE('',*,*,#727,.T.);
#329=ORIENTED_EDGE('',*,*,#728,.T.);
#330=ORIENTED_EDGE('',*,*,#656,.F.);
#331=ORIENTED_EDGE('',*,*,#725,.F.);
#332=ORIENTED_EDGE('',*,*,#729,.T.);
#333=ORIENTED_EDGE('',*,*,#726,.F.);
#334=ORIENTED_EDGE('',*,*,#655,.F.);
#335=ORIENTED_EDGE('',*,*,#728,.F.);
#336=ORIENTED_EDGE('',*,*,#730,.T.);
#337=ORIENTED_EDGE('',*,*,#721,.F.);
#338=ORIENTED_EDGE('',*,*,#657,.F.);
#339=ORIENTED_EDGE('',*,*,#723,.T.);
#340=ORIENTED_EDGE('',*,*,#720,.F.);
#341=ORIENTED_EDGE('',*,*,#731,.T.);
#342=ORIENTED_EDGE('',*,*,#732,.F.);
#343=ORIENTED_EDGE('',*,*,#733,.T.);
#344=ORIENTED_EDGE('',*,*,#734,.T.);
#345=ORIENTED_EDGE('',*,*,#735,.T.);
#346=ORIENTED_EDGE('',*,*,#736,.T.);
#347=ORIENTED_EDGE('',*,*,#737,.T.);
#348=ORIENTED_EDGE('',*,*,#732,.T.);
#349=ORIENTED_EDGE('',*,*,#738,.T.);
#350=ORIENTED_EDGE('',*,*,#739,.T.);
#351=ORIENTED_EDGE('',*,*,#740,.T.);
#352=ORIENTED_EDGE('',*,*,#734,.F.);
#353=ORIENTED_EDGE('',*,*,#741,.T.);
#354=ORIENTED_EDGE('',*,*,#669,.T.);
#355=ORIENTED_EDGE('',*,*,#648,.T.);
#356=ORIENTED_EDGE('',*,*,#742,.T.);
#357=ORIENTED_EDGE('',*,*,#743,.F.);
#358=ORIENTED_EDGE('',*,*,#661,.T.);
#359=ORIENTED_EDGE('',*,*,#744,.T.);
#360=ORIENTED_EDGE('',*,*,#745,.T.);
#361=ORIENTED_EDGE('',*,*,#682,.F.);
#362=ORIENTED_EDGE('',*,*,#650,.F.);
#363=ORIENTED_EDGE('',*,*,#672,.F.);
#364=ORIENTED_EDGE('',*,*,#686,.T.);
#365=ORIENTED_EDGE('',*,*,#706,.F.);
#366=ORIENTED_EDGE('',*,*,#746,.F.);
#367=ORIENTED_EDGE('',*,*,#747,.F.);
#368=ORIENTED_EDGE('',*,*,#673,.T.);
#369=ORIENTED_EDGE('',*,*,#746,.T.);
#370=ORIENTED_EDGE('',*,*,#705,.T.);
#371=ORIENTED_EDGE('',*,*,#693,.F.);
#372=ORIENTED_EDGE('',*,*,#674,.T.);
#373=ORIENTED_EDGE('',*,*,#747,.T.);
#374=ORIENTED_EDGE('',*,*,#704,.T.);
#375=ORIENTED_EDGE('',*,*,#737,.F.);
#376=ORIENTED_EDGE('',*,*,#748,.T.);
#377=ORIENTED_EDGE('',*,*,#744,.F.);
#378=ORIENTED_EDGE('',*,*,#670,.T.);
#379=ORIENTED_EDGE('',*,*,#741,.F.);
#380=ORIENTED_EDGE('',*,*,#733,.F.);
#381=ORIENTED_EDGE('',*,*,#749,.T.);
#382=ORIENTED_EDGE('',*,*,#750,.T.);
#383=ORIENTED_EDGE('',*,*,#751,.F.);
#384=ORIENTED_EDGE('',*,*,#752,.T.);
#385=ORIENTED_EDGE('',*,*,#753,.F.);
#386=ORIENTED_EDGE('',*,*,#754,.T.);
#387=ORIENTED_EDGE('',*,*,#743,.T.);
#388=ORIENTED_EDGE('',*,*,#755,.T.);
#389=ORIENTED_EDGE('',*,*,#753,.T.);
#390=ORIENTED_EDGE('',*,*,#756,.T.);
#391=ORIENTED_EDGE('',*,*,#757,.T.);
#392=ORIENTED_EDGE('',*,*,#662,.F.);
#393=ORIENTED_EDGE('',*,*,#758,.T.);
#394=ORIENTED_EDGE('',*,*,#756,.F.);
#395=ORIENTED_EDGE('',*,*,#752,.F.);
#396=ORIENTED_EDGE('',*,*,#759,.F.);
#397=ORIENTED_EDGE('',*,*,#663,.T.);
#398=ORIENTED_EDGE('',*,*,#757,.F.);
#399=ORIENTED_EDGE('',*,*,#758,.F.);
#400=ORIENTED_EDGE('',*,*,#760,.F.);
#401=ORIENTED_EDGE('',*,*,#761,.F.);
#402=ORIENTED_EDGE('',*,*,#751,.T.);
#403=ORIENTED_EDGE('',*,*,#762,.T.);
#404=ORIENTED_EDGE('',*,*,#763,.F.);
#405=ORIENTED_EDGE('',*,*,#664,.F.);
#406=ORIENTED_EDGE('',*,*,#760,.T.);
#407=ORIENTED_EDGE('',*,*,#759,.T.);
#408=ORIENTED_EDGE('',*,*,#764,.T.);
#409=ORIENTED_EDGE('',*,*,#765,.F.);
#410=ORIENTED_EDGE('',*,*,#766,.T.);
#411=ORIENTED_EDGE('',*,*,#738,.F.);
#412=ORIENTED_EDGE('',*,*,#731,.F.);
#413=ORIENTED_EDGE('',*,*,#740,.F.);
#414=ORIENTED_EDGE('',*,*,#668,.T.);
#415=ORIENTED_EDGE('',*,*,#767,.F.);
#416=ORIENTED_EDGE('',*,*,#768,.T.);
#417=ORIENTED_EDGE('',*,*,#769,.F.);
#418=ORIENTED_EDGE('',*,*,#666,.T.);
#419=ORIENTED_EDGE('',*,*,#769,.T.);
#420=ORIENTED_EDGE('',*,*,#770,.T.);
#421=ORIENTED_EDGE('',*,*,#765,.T.);
#422=ORIENTED_EDGE('',*,*,#667,.T.);
#423=ORIENTED_EDGE('',*,*,#763,.T.);
#424=ORIENTED_EDGE('',*,*,#771,.T.);
#425=ORIENTED_EDGE('',*,*,#767,.T.);
#426=ORIENTED_EDGE('',*,*,#665,.T.);
#427=ORIENTED_EDGE('',*,*,#764,.F.);
#428=ORIENTED_EDGE('',*,*,#761,.T.);
#429=ORIENTED_EDGE('',*,*,#772,.F.);
#430=ORIENTED_EDGE('',*,*,#773,.T.);
#431=ORIENTED_EDGE('',*,*,#774,.F.);
#432=ORIENTED_EDGE('',*,*,#700,.T.);
#433=ORIENTED_EDGE('',*,*,#775,.F.);
#434=ORIENTED_EDGE('',*,*,#589,.T.);
#435=ORIENTED_EDGE('',*,*,#776,.F.);
#436=ORIENTED_EDGE('',*,*,#773,.F.);
#437=ORIENTED_EDGE('',*,*,#573,.T.);
#438=ORIENTED_EDGE('',*,*,#697,.T.);
#439=ORIENTED_EDGE('',*,*,#586,.F.);
#440=ORIENTED_EDGE('',*,*,#601,.T.);
#441=ORIENTED_EDGE('',*,*,#606,.F.);
#442=ORIENTED_EDGE('',*,*,#599,.T.);
#443=ORIENTED_EDGE('',*,*,#696,.F.);
#444=ORIENTED_EDGE('',*,*,#584,.F.);
#445=ORIENTED_EDGE('',*,*,#695,.F.);
#446=ORIENTED_EDGE('',*,*,#597,.T.);
#447=ORIENTED_EDGE('',*,*,#605,.F.);
#448=ORIENTED_EDGE('',*,*,#582,.F.);
#449=ORIENTED_EDGE('',*,*,#580,.T.);
#450=ORIENTED_EDGE('',*,*,#604,.T.);
#451=ORIENTED_EDGE('',*,*,#595,.F.);
#452=ORIENTED_EDGE('',*,*,#703,.T.);
#453=ORIENTED_EDGE('',*,*,#702,.F.);
#454=ORIENTED_EDGE('',*,*,#593,.T.);
#455=ORIENTED_EDGE('',*,*,#603,.F.);
#456=ORIENTED_EDGE('',*,*,#578,.F.);
#457=ORIENTED_EDGE('',*,*,#774,.T.);
#458=ORIENTED_EDGE('',*,*,#776,.T.);
#459=ORIENTED_EDGE('',*,*,#592,.F.);
#460=ORIENTED_EDGE('',*,*,#701,.T.);
#461=ORIENTED_EDGE('',*,*,#602,.F.);
#462=ORIENTED_EDGE('',*,*,#588,.T.);
#463=ORIENTED_EDGE('',*,*,#698,.F.);
#464=ORIENTED_EDGE('',*,*,#575,.F.);
#465=ORIENTED_EDGE('',*,*,#772,.T.);
#466=ORIENTED_EDGE('',*,*,#699,.T.);
#467=ORIENTED_EDGE('',*,*,#590,.F.);
#468=ORIENTED_EDGE('',*,*,#775,.T.);
#469=ORIENTED_EDGE('',*,*,#777,.F.);
#470=ORIENTED_EDGE('',*,*,#647,.F.);
#471=ORIENTED_EDGE('',*,*,#778,.F.);
#472=ORIENTED_EDGE('',*,*,#624,.F.);
#473=ORIENTED_EDGE('',*,*,#778,.T.);
#474=ORIENTED_EDGE('',*,*,#644,.F.);
#475=ORIENTED_EDGE('',*,*,#779,.F.);
#476=ORIENTED_EDGE('',*,*,#625,.F.);
#477=ORIENTED_EDGE('',*,*,#777,.T.);
#478=ORIENTED_EDGE('',*,*,#623,.F.);
#479=ORIENTED_EDGE('',*,*,#780,.F.);
#480=ORIENTED_EDGE('',*,*,#742,.F.);
#481=ORIENTED_EDGE('',*,*,#708,.F.);
#482=ORIENTED_EDGE('',*,*,#712,.F.);
#483=ORIENTED_EDGE('',*,*,#781,.F.);
#484=ORIENTED_EDGE('',*,*,#626,.F.);
#485=ORIENTED_EDGE('',*,*,#779,.T.);
#486=ORIENTED_EDGE('',*,*,#780,.T.);
#487=ORIENTED_EDGE('',*,*,#622,.F.);
#488=ORIENTED_EDGE('',*,*,#782,.F.);
#489=ORIENTED_EDGE('',*,*,#754,.F.);
#490=ORIENTED_EDGE('',*,*,#755,.F.);
#491=ORIENTED_EDGE('',*,*,#781,.T.);
#492=ORIENTED_EDGE('',*,*,#711,.F.);
#493=ORIENTED_EDGE('',*,*,#783,.F.);
#494=ORIENTED_EDGE('',*,*,#627,.F.);
#495=ORIENTED_EDGE('',*,*,#782,.T.);
#496=ORIENTED_EDGE('',*,*,#621,.F.);
#497=ORIENTED_EDGE('',*,*,#784,.F.);
#498=ORIENTED_EDGE('',*,*,#749,.F.);
#499=ORIENTED_EDGE('',*,*,#715,.F.);
#500=ORIENTED_EDGE('',*,*,#722,.F.);
#501=ORIENTED_EDGE('',*,*,#785,.F.);
#502=ORIENTED_EDGE('',*,*,#628,.F.);
#503=ORIENTED_EDGE('',*,*,#783,.T.);
#504=ORIENTED_EDGE('',*,*,#784,.T.);
#505=ORIENTED_EDGE('',*,*,#620,.F.);
#506=ORIENTED_EDGE('',*,*,#786,.F.);
#507=ORIENTED_EDGE('',*,*,#762,.F.);
#508=ORIENTED_EDGE('',*,*,#750,.F.);
#509=ORIENTED_EDGE('',*,*,#785,.T.);
#510=ORIENTED_EDGE('',*,*,#730,.F.);
#511=ORIENTED_EDGE('',*,*,#787,.F.);
#512=ORIENTED_EDGE('',*,*,#629,.F.);
#513=ORIENTED_EDGE('',*,*,#786,.T.);
#514=ORIENTED_EDGE('',*,*,#619,.F.);
#515=ORIENTED_EDGE('',*,*,#788,.F.);
#516=ORIENTED_EDGE('',*,*,#771,.F.);
#517=ORIENTED_EDGE('',*,*,#787,.T.);
#518=ORIENTED_EDGE('',*,*,#727,.F.);
#519=ORIENTED_EDGE('',*,*,#789,.F.);
#520=ORIENTED_EDGE('',*,*,#630,.F.);
#521=ORIENTED_EDGE('',*,*,#788,.T.);
#522=ORIENTED_EDGE('',*,*,#618,.F.);
#523=ORIENTED_EDGE('',*,*,#790,.F.);
#524=ORIENTED_EDGE('',*,*,#768,.F.);
#525=ORIENTED_EDGE('',*,*,#789,.T.);
#526=ORIENTED_EDGE('',*,*,#729,.F.);
#527=ORIENTED_EDGE('',*,*,#791,.F.);
#528=ORIENTED_EDGE('',*,*,#631,.F.);
#529=ORIENTED_EDGE('',*,*,#790,.T.);
#530=ORIENTED_EDGE('',*,*,#617,.F.);
#531=ORIENTED_EDGE('',*,*,#792,.F.);
#532=ORIENTED_EDGE('',*,*,#770,.F.);
#533=ORIENTED_EDGE('',*,*,#724,.F.);
#534=ORIENTED_EDGE('',*,*,#636,.F.);
#535=ORIENTED_EDGE('',*,*,#793,.F.);
#536=ORIENTED_EDGE('',*,*,#632,.F.);
#537=ORIENTED_EDGE('',*,*,#791,.T.);
#538=ORIENTED_EDGE('',*,*,#792,.T.);
#539=ORIENTED_EDGE('',*,*,#616,.F.);
#540=ORIENTED_EDGE('',*,*,#794,.F.);
#541=ORIENTED_EDGE('',*,*,#739,.F.);
#542=ORIENTED_EDGE('',*,*,#766,.F.);
#543=ORIENTED_EDGE('',*,*,#793,.T.);
#544=ORIENTED_EDGE('',*,*,#635,.F.);
#545=ORIENTED_EDGE('',*,*,#795,.F.);
#546=ORIENTED_EDGE('',*,*,#633,.F.);
#547=ORIENTED_EDGE('',*,*,#794,.T.);
#548=ORIENTED_EDGE('',*,*,#615,.F.);
#549=ORIENTED_EDGE('',*,*,#796,.F.);
#550=ORIENTED_EDGE('',*,*,#735,.F.);
#551=ORIENTED_EDGE('',*,*,#639,.F.);
#552=ORIENTED_EDGE('',*,*,#719,.F.);
#553=ORIENTED_EDGE('',*,*,#797,.F.);
#554=ORIENTED_EDGE('',*,*,#634,.F.);
#555=ORIENTED_EDGE('',*,*,#795,.T.);
#556=ORIENTED_EDGE('',*,*,#796,.T.);
#557=ORIENTED_EDGE('',*,*,#614,.F.);
#558=ORIENTED_EDGE('',*,*,#798,.F.);
#559=ORIENTED_EDGE('',*,*,#748,.F.);
#560=ORIENTED_EDGE('',*,*,#736,.F.);
#561=ORIENTED_EDGE('',*,*,#797,.T.);
#562=ORIENTED_EDGE('',*,*,#680,.F.);
#563=ORIENTED_EDGE('',*,*,#799,.F.);
#564=ORIENTED_EDGE('',*,*,#611,.F.);
#565=ORIENTED_EDGE('',*,*,#798,.T.);
#566=ORIENTED_EDGE('',*,*,#613,.F.);
#567=ORIENTED_EDGE('',*,*,#800,.F.);
#568=ORIENTED_EDGE('',*,*,#745,.F.);
#569=ORIENTED_EDGE('',*,*,#799,.T.);
#570=ORIENTED_EDGE('',*,*,#683,.F.);
#571=ORIENTED_EDGE('',*,*,#800,.T.);
#572=ORIENTED_EDGE('',*,*,#612,.F.);
#573=EDGE_CURVE('',#801,#802,#949,.T.);
#574=EDGE_CURVE('',#801,#803,#87,.T.);
#575=EDGE_CURVE('',#803,#804,#950,.T.);
#576=EDGE_CURVE('',#804,#802,#88,.F.);
#577=EDGE_CURVE('',#805,#806,#89,.F.);
#578=EDGE_CURVE('',#806,#807,#951,.F.);
#579=EDGE_CURVE('',#807,#808,#90,.T.);
#580=EDGE_CURVE('',#805,#808,#952,.F.);
#581=EDGE_CURVE('',#809,#810,#91,.F.);
#582=EDGE_CURVE('',#810,#811,#953,.F.);
#583=EDGE_CURVE('',#811,#812,#92,.T.);
#584=EDGE_CURVE('',#812,#809,#954,.T.);
#585=EDGE_CURVE('',#813,#814,#93,.T.);
#586=EDGE_CURVE('',#813,#815,#955,.T.);
#587=EDGE_CURVE('',#815,#816,#94,.T.);
#588=EDGE_CURVE('',#814,#816,#956,.T.);
#589=EDGE_CURVE('',#817,#818,#95,.T.);
#590=EDGE_CURVE('',#817,#819,#957,.T.);
#591=EDGE_CURVE('',#819,#820,#96,.T.);
#592=EDGE_CURVE('',#820,#818,#958,.F.);
#593=EDGE_CURVE('',#821,#822,#959,.F.);
#594=EDGE_CURVE('',#821,#823,#97,.T.);
#595=EDGE_CURVE('',#823,#824,#960,.F.);
#596=EDGE_CURVE('',#822,#824,#98,.T.);
#597=EDGE_CURVE('',#825,#826,#961,.F.);
#598=EDGE_CURVE('',#825,#827,#99,.T.);
#599=EDGE_CURVE('',#828,#827,#962,.T.);
#600=EDGE_CURVE('',#826,#828,#100,.T.);
#601=EDGE_CURVE('',#813,#801,#963,.T.);
#602=EDGE_CURVE('',#814,#803,#964,.T.);
#603=EDGE_CURVE('',#807,#822,#965,.T.);
#604=EDGE_CURVE('',#808,#824,#966,.T.);
#605=EDGE_CURVE('',#811,#826,#967,.T.);
#606=EDGE_CURVE('',#828,#812,#968,.T.);
#607=EDGE_CURVE('',#829,#830,#969,.T.);
#608=EDGE_CURVE('',#831,#829,#970,.T.);
#609=EDGE_CURVE('',#832,#831,#971,.T.);
#610=EDGE_CURVE('',#832,#830,#972,.T.);
#611=EDGE_CURVE('',#833,#834,#973,.T.);
#612=EDGE_CURVE('',#834,#835,#101,.F.);
#613=EDGE_CURVE('',#835,#836,#974,.T.);
#614=EDGE_CURVE('',#836,#837,#975,.T.);
#615=EDGE_CURVE('',#837,#838,#976,.T.);
#616=EDGE_CURVE('',#838,#839,#977,.T.);
#617=EDGE_CURVE('',#839,#840,#978,.T.);
#618=EDGE_CURVE('',#840,#841,#979,.T.);
#619=EDGE_CURVE('',#841,#842,#980,.T.);
#620=EDGE_CURVE('',#842,#843,#981,.T.);
#621=EDGE_CURVE('',#843,#844,#982,.T.);
#622=EDGE_CURVE('',#844,#845,#983,.T.);
#623=EDGE_CURVE('',#845,#846,#984,.T.);
#624=EDGE_CURVE('',#846,#847,#102,.F.);
#625=EDGE_CURVE('',#847,#848,#985,.T.);
#626=EDGE_CURVE('',#848,#849,#986,.T.);
#627=EDGE_CURVE('',#849,#850,#987,.T.);
#628=EDGE_CURVE('',#850,#851,#988,.T.);
#629=EDGE_CURVE('',#851,#852,#989,.T.);
#630=EDGE_CURVE('',#852,#853,#990,.T.);
#631=EDGE_CURVE('',#853,#854,#991,.T.);
#632=EDGE_CURVE('',#854,#855,#992,.T.);
#633=EDGE_CURVE('',#855,#856,#993,.T.);
#634=EDGE_CURVE('',#856,#833,#994,.T.);
#635=EDGE_CURVE('',#857,#858,#995,.T.);
#636=EDGE_CURVE('',#858,#859,#996,.T.);
#637=EDGE_CURVE('',#830,#859,#997,.T.);
#638=EDGE_CURVE('',#860,#832,#998,.T.);
#639=EDGE_CURVE('',#860,#857,#999,.T.);
#640=EDGE_CURVE('',#861,#829,#1000,.T.);
#641=EDGE_CURVE('',#862,#861,#1001,.T.);
#642=EDGE_CURVE('',#831,#862,#1002,.T.);
#643=EDGE_CURVE('',#863,#864,#1003,.T.);
#644=EDGE_CURVE('',#864,#865,#1004,.T.);
#645=EDGE_CURVE('',#866,#865,#1005,.T.);
#646=EDGE_CURVE('',#863,#866,#1006,.T.);
#647=EDGE_CURVE('',#865,#867,#103,.T.);
#648=EDGE_CURVE('',#868,#867,#1007,.T.);
#649=EDGE_CURVE('',#866,#868,#104,.T.);
#650=EDGE_CURVE('',#869,#870,#1008,.T.);
#651=EDGE_CURVE('',#871,#870,#105,.T.);
#652=EDGE_CURVE('',#872,#871,#1009,.T.);
#653=EDGE_CURVE('',#872,#862,#1010,.T.);
#654=EDGE_CURVE('',#861,#873,#1011,.T.);
#655=EDGE_CURVE('',#873,#874,#1012,.F.);
#656=EDGE_CURVE('',#874,#875,#1013,.T.);
#657=EDGE_CURVE('',#875,#876,#1014,.T.);
#658=EDGE_CURVE('',#877,#876,#1015,.T.);
#659=EDGE_CURVE('',#877,#878,#1016,.T.);
#660=EDGE_CURVE('',#863,#878,#1017,.T.);
#661=EDGE_CURVE('',#879,#868,#1018,.T.);
#662=EDGE_CURVE('',#879,#880,#1019,.T.);
#663=EDGE_CURVE('',#881,#880,#1020,.T.);
#664=EDGE_CURVE('',#881,#882,#1021,.T.);
#665=EDGE_CURVE('',#883,#882,#1022,.T.);
#666=EDGE_CURVE('',#884,#883,#1023,.T.);
#667=EDGE_CURVE('',#885,#884,#1024,.F.);
#668=EDGE_CURVE('',#886,#885,#1025,.T.);
#669=EDGE_CURVE('',#887,#886,#1026,.T.);
#670=EDGE_CURVE('',#869,#887,#1027,.T.);
#671=EDGE_CURVE('',#888,#889,#106,.F.);
#672=EDGE_CURVE('',#889,#890,#1028,.T.);
#673=EDGE_CURVE('',#891,#890,#1029,.T.);
#674=EDGE_CURVE('',#892,#891,#1030,.T.);
#675=EDGE_CURVE('',#892,#893,#107,.F.);
#676=EDGE_CURVE('',#893,#894,#1031,.T.);
#677=EDGE_CURVE('',#894,#895,#1032,.T.);
#678=EDGE_CURVE('',#888,#895,#1033,.T.);
#679=EDGE_CURVE('',#871,#896,#1034,.T.);
#680=EDGE_CURVE('',#896,#897,#1035,.T.);
#681=EDGE_CURVE('',#872,#897,#1036,.T.);
#682=EDGE_CURVE('',#870,#898,#1037,.T.);
#683=EDGE_CURVE('',#898,#896,#108,.T.);
#684=EDGE_CURVE('',#888,#899,#1038,.T.);
#685=EDGE_CURVE('',#900,#899,#109,.T.);
#686=EDGE_CURVE('',#889,#900,#1039,.T.);
#687=EDGE_CURVE('',#895,#901,#1040,.T.);
#688=EDGE_CURVE('',#901,#899,#1041,.T.);
#689=EDGE_CURVE('',#894,#902,#1042,.T.);
#690=EDGE_CURVE('',#901,#902,#1043,.T.);
#691=EDGE_CURVE('',#893,#903,#1044,.T.);
#692=EDGE_CURVE('',#902,#903,#1045,.T.);
#693=EDGE_CURVE('',#892,#904,#1046,.T.);
#694=EDGE_CURVE('',#903,#904,#110,.T.);
#695=EDGE_CURVE('',#825,#810,#1047,.T.);
#696=EDGE_CURVE('',#809,#827,#1048,.T.);
#697=EDGE_CURVE('',#802,#815,#1049,.T.);
#698=EDGE_CURVE('',#804,#816,#1050,.T.);
#699=EDGE_CURVE('',#905,#819,#1051,.T.);
#700=EDGE_CURVE('',#906,#905,#111,.F.);
#701=EDGE_CURVE('',#820,#906,#1052,.T.);
#702=EDGE_CURVE('',#821,#806,#1053,.T.);
#703=EDGE_CURVE('',#823,#805,#1054,.T.);
#704=EDGE_CURVE('',#907,#904,#1055,.T.);
#705=EDGE_CURVE('',#908,#907,#1056,.T.);
#706=EDGE_CURVE('',#908,#900,#1057,.T.);
#707=EDGE_CURVE('',#909,#910,#1058,.T.);
#708=EDGE_CURVE('',#909,#864,#1059,.T.);
#709=EDGE_CURVE('',#911,#878,#1060,.T.);
#710=EDGE_CURVE('',#910,#911,#1061,.T.);
#711=EDGE_CURVE('',#912,#913,#1062,.T.);
#712=EDGE_CURVE('',#913,#909,#1063,.F.);
#713=EDGE_CURVE('',#914,#910,#1064,.T.);
#714=EDGE_CURVE('',#914,#915,#1065,.T.);
#715=EDGE_CURVE('',#915,#912,#1066,.F.);
#716=EDGE_CURVE('',#916,#911,#1067,.T.);
#717=EDGE_CURVE('',#916,#914,#1068,.T.);
#718=EDGE_CURVE('',#877,#916,#1069,.T.);
#719=EDGE_CURVE('',#897,#860,#1070,.T.);
#720=EDGE_CURVE('',#917,#917,#112,.T.);
#721=EDGE_CURVE('',#876,#918,#1071,.T.);
#722=EDGE_CURVE('',#918,#915,#1072,.T.);
#723=EDGE_CURVE('',#919,#919,#113,.T.);
#724=EDGE_CURVE('',#859,#920,#1073,.T.);
#725=EDGE_CURVE('',#920,#873,#1074,.T.);
#726=EDGE_CURVE('',#874,#921,#1075,.T.);
#727=EDGE_CURVE('',#921,#922,#1076,.T.);
#728=EDGE_CURVE('',#922,#875,#1077,.T.);
#729=EDGE_CURVE('',#920,#921,#1078,.F.);
#730=EDGE_CURVE('',#922,#918,#1079,.T.);
#731=EDGE_CURVE('',#923,#924,#1080,.T.);
#732=EDGE_CURVE('',#925,#924,#1081,.T.);
#733=EDGE_CURVE('',#925,#926,#1082,.T.);
#734=EDGE_CURVE('',#926,#923,#1083,.T.);
#735=EDGE_CURVE('',#927,#928,#1084,.T.);
#736=EDGE_CURVE('',#928,#929,#1085,.T.);
#737=EDGE_CURVE('',#929,#925,#1086,.T.);
#738=EDGE_CURVE('',#924,#930,#1087,.T.);
#739=EDGE_CURVE('',#930,#927,#1088,.T.);
#740=EDGE_CURVE('',#886,#923,#1089,.T.);
#741=EDGE_CURVE('',#926,#887,#1090,.T.);
#742=EDGE_CURVE('',#867,#931,#1091,.T.);
#743=EDGE_CURVE('',#879,#931,#1092,.T.);
#744=EDGE_CURVE('',#869,#932,#1093,.T.);
#745=EDGE_CURVE('',#932,#898,#1094,.T.);
#746=EDGE_CURVE('',#890,#908,#1095,.T.);
#747=EDGE_CURVE('',#891,#907,#1096,.T.);
#748=EDGE_CURVE('',#929,#932,#1097,.T.);
#749=EDGE_CURVE('',#933,#934,#1098,.T.);
#750=EDGE_CURVE('',#934,#935,#1099,.F.);
#751=EDGE_CURVE('',#936,#935,#1100,.T.);
#752=EDGE_CURVE('',#936,#937,#1101,.T.);
#753=EDGE_CURVE('',#938,#937,#1102,.T.);
#754=EDGE_CURVE('',#938,#933,#1103,.F.);
#755=EDGE_CURVE('',#931,#938,#1104,.T.);
#756=EDGE_CURVE('',#937,#939,#1105,.T.);
#757=EDGE_CURVE('',#939,#880,#1106,.T.);
#758=EDGE_CURVE('',#940,#939,#1107,.T.);
#759=EDGE_CURVE('',#940,#936,#1108,.T.);
#760=EDGE_CURVE('',#881,#940,#1109,.T.);
#761=EDGE_CURVE('',#941,#941,#114,.T.);
#762=EDGE_CURVE('',#935,#942,#1110,.T.);
#763=EDGE_CURVE('',#882,#942,#1111,.T.);
#764=EDGE_CURVE('',#943,#943,#115,.T.);
#765=EDGE_CURVE('',#944,#885,#1112,.T.);
#766=EDGE_CURVE('',#944,#930,#1113,.T.);
#767=EDGE_CURVE('',#945,#883,#1114,.T.);
#768=EDGE_CURVE('',#945,#946,#1115,.T.);
#769=EDGE_CURVE('',#884,#946,#1116,.T.);
#770=EDGE_CURVE('',#946,#944,#1117,.F.);
#771=EDGE_CURVE('',#942,#945,#1118,.T.);
#772=EDGE_CURVE('',#947,#905,#1119,.T.);
#773=EDGE_CURVE('',#947,#948,#116,.T.);
#774=EDGE_CURVE('',#906,#948,#1120,.F.);
#775=EDGE_CURVE('',#817,#947,#1121,.T.);
#776=EDGE_CURVE('',#948,#818,#1122,.T.);
#777=EDGE_CURVE('',#867,#846,#1123,.T.);
#778=EDGE_CURVE('',#847,#865,#1124,.T.);
#779=EDGE_CURVE('',#848,#864,#1125,.T.);
#780=EDGE_CURVE('',#931,#845,#1126,.F.);
#781=EDGE_CURVE('',#849,#913,#1127,.T.);
#782=EDGE_CURVE('',#933,#844,#1128,.F.);
#783=EDGE_CURVE('',#850,#912,#1129,.T.);
#784=EDGE_CURVE('',#934,#843,#1130,.F.);
#785=EDGE_CURVE('',#851,#918,#1131,.T.);
#786=EDGE_CURVE('',#942,#842,#1132,.F.);
#787=EDGE_CURVE('',#852,#922,#1133,.F.);
#788=EDGE_CURVE('',#945,#841,#1134,.T.);
#789=EDGE_CURVE('',#853,#921,#1135,.T.);
#790=EDGE_CURVE('',#946,#840,#1136,.F.);
#791=EDGE_CURVE('',#854,#920,#1137,.T.);
#792=EDGE_CURVE('',#944,#839,#1138,.F.);
#793=EDGE_CURVE('',#855,#858,#1139,.F.);
#794=EDGE_CURVE('',#927,#838,#1140,.T.);
#795=EDGE_CURVE('',#856,#857,#1141,.F.);
#796=EDGE_CURVE('',#928,#837,#1142,.T.);
#797=EDGE_CURVE('',#833,#897,#1143,.F.);
#798=EDGE_CURVE('',#932,#836,#1144,.T.);
#799=EDGE_CURVE('',#834,#896,#1145,.T.);
#800=EDGE_CURVE('',#898,#835,#1146,.T.);
#801=VERTEX_POINT('',#2221);
#802=VERTEX_POINT('',#2222);
#803=VERTEX_POINT('',#2224);
#804=VERTEX_POINT('',#2226);
#805=VERTEX_POINT('',#2230);
#806=VERTEX_POINT('',#2231);
#807=VERTEX_POINT('',#2233);
#808=VERTEX_POINT('',#2235);
#809=VERTEX_POINT('',#2239);
#810=VERTEX_POINT('',#2240);
#811=VERTEX_POINT('',#2242);
#812=VERTEX_POINT('',#2244);
#813=VERTEX_POINT('',#2248);
#814=VERTEX_POINT('',#2249);
#815=VERTEX_POINT('',#2251);
#816=VERTEX_POINT('',#2253);
#817=VERTEX_POINT('',#2257);
#818=VERTEX_POINT('',#2258);
#819=VERTEX_POINT('',#2260);
#820=VERTEX_POINT('',#2262);
#821=VERTEX_POINT('',#2266);
#822=VERTEX_POINT('',#2267);
#823=VERTEX_POINT('',#2269);
#824=VERTEX_POINT('',#2271);
#825=VERTEX_POINT('',#2275);
#826=VERTEX_POINT('',#2276);
#827=VERTEX_POINT('',#2278);
#828=VERTEX_POINT('',#2280);
#829=VERTEX_POINT('',#2293);
#830=VERTEX_POINT('',#2294);
#831=VERTEX_POINT('',#2296);
#832=VERTEX_POINT('',#2298);
#833=VERTEX_POINT('',#2302);
#834=VERTEX_POINT('',#2303);
#835=VERTEX_POINT('',#2305);
#836=VERTEX_POINT('',#2307);
#837=VERTEX_POINT('',#2309);
#838=VERTEX_POINT('',#2311);
#839=VERTEX_POINT('',#2313);
#840=VERTEX_POINT('',#2315);
#841=VERTEX_POINT('',#2317);
#842=VERTEX_POINT('',#2319);
#843=VERTEX_POINT('',#2321);
#844=VERTEX_POINT('',#2323);
#845=VERTEX_POINT('',#2325);
#846=VERTEX_POINT('',#2327);
#847=VERTEX_POINT('',#2329);
#848=VERTEX_POINT('',#2331);
#849=VERTEX_POINT('',#2333);
#850=VERTEX_POINT('',#2335);
#851=VERTEX_POINT('',#2337);
#852=VERTEX_POINT('',#2339);
#853=VERTEX_POINT('',#2341);
#854=VERTEX_POINT('',#2343);
#855=VERTEX_POINT('',#2345);
#856=VERTEX_POINT('',#2347);
#857=VERTEX_POINT('',#2351);
#858=VERTEX_POINT('',#2352);
#859=VERTEX_POINT('',#2354);
#860=VERTEX_POINT('',#2357);
#861=VERTEX_POINT('',#2361);
#862=VERTEX_POINT('',#2363);
#863=VERTEX_POINT('',#2367);
#864=VERTEX_POINT('',#2368);
#865=VERTEX_POINT('',#2370);
#866=VERTEX_POINT('',#2372);
#867=VERTEX_POINT('',#2376);
#868=VERTEX_POINT('',#2378);
#869=VERTEX_POINT('',#2382);
#870=VERTEX_POINT('',#2383);
#871=VERTEX_POINT('',#2385);
#872=VERTEX_POINT('',#2387);
#873=VERTEX_POINT('',#2390);
#874=VERTEX_POINT('',#2392);
#875=VERTEX_POINT('',#2394);
#876=VERTEX_POINT('',#2396);
#877=VERTEX_POINT('',#2398);
#878=VERTEX_POINT('',#2400);
#879=VERTEX_POINT('',#2403);
#880=VERTEX_POINT('',#2405);
#881=VERTEX_POINT('',#2407);
#882=VERTEX_POINT('',#2409);
#883=VERTEX_POINT('',#2411);
#884=VERTEX_POINT('',#2413);
#885=VERTEX_POINT('',#2415);
#886=VERTEX_POINT('',#2417);
#887=VERTEX_POINT('',#2419);
#888=VERTEX_POINT('',#2422);
#889=VERTEX_POINT('',#2423);
#890=VERTEX_POINT('',#2425);
#891=VERTEX_POINT('',#2427);
#892=VERTEX_POINT('',#2429);
#893=VERTEX_POINT('',#2431);
#894=VERTEX_POINT('',#2433);
#895=VERTEX_POINT('',#2435);
#896=VERTEX_POINT('',#2439);
#897=VERTEX_POINT('',#2441);
#898=VERTEX_POINT('',#2445);
#899=VERTEX_POINT('',#2449);
#900=VERTEX_POINT('',#2451);
#901=VERTEX_POINT('',#2455);
#902=VERTEX_POINT('',#2459);
#903=VERTEX_POINT('',#2463);
#904=VERTEX_POINT('',#2467);
#905=VERTEX_POINT('',#2475);
#906=VERTEX_POINT('',#2477);
#907=VERTEX_POINT('',#2482);
#908=VERTEX_POINT('',#2484);
#909=VERTEX_POINT('',#2488);
#910=VERTEX_POINT('',#2489);
#911=VERTEX_POINT('',#2492);
#912=VERTEX_POINT('',#2496);
#913=VERTEX_POINT('',#2497);
#914=VERTEX_POINT('',#2500);
#915=VERTEX_POINT('',#2502);
#916=VERTEX_POINT('',#2506);
#917=VERTEX_POINT('',#2514);
#918=VERTEX_POINT('',#2516);
#919=VERTEX_POINT('',#2520);
#920=VERTEX_POINT('',#2522);
#921=VERTEX_POINT('',#2526);
#922=VERTEX_POINT('',#2528);
#923=VERTEX_POINT('',#2537);
#924=VERTEX_POINT('',#2538);
#925=VERTEX_POINT('',#2540);
#926=VERTEX_POINT('',#2542);
#927=VERTEX_POINT('',#2546);
#928=VERTEX_POINT('',#2547);
#929=VERTEX_POINT('',#2549);
#930=VERTEX_POINT('',#2552);
#931=VERTEX_POINT('',#2559);
#932=VERTEX_POINT('',#2563);
#933=VERTEX_POINT('',#2574);
#934=VERTEX_POINT('',#2575);
#935=VERTEX_POINT('',#2577);
#936=VERTEX_POINT('',#2579);
#937=VERTEX_POINT('',#2581);
#938=VERTEX_POINT('',#2583);
#939=VERTEX_POINT('',#2588);
#940=VERTEX_POINT('',#2592);
#941=VERTEX_POINT('',#2598);
#942=VERTEX_POINT('',#2600);
#943=VERTEX_POINT('',#2604);
#944=VERTEX_POINT('',#2606);
#945=VERTEX_POINT('',#2610);
#946=VERTEX_POINT('',#2612);
#947=VERTEX_POINT('',#2621);
#948=VERTEX_POINT('',#2623);
#949=LINE('',#2220,#1147);
#950=LINE('',#2225,#1148);
#951=LINE('',#2232,#1149);
#952=LINE('',#2236,#1150);
#953=LINE('',#2241,#1151);
#954=LINE('',#2245,#1152);
#955=LINE('',#2250,#1153);
#956=LINE('',#2254,#1154);
#957=LINE('',#2259,#1155);
#958=LINE('',#2263,#1156);
#959=LINE('',#2265,#1157);
#960=LINE('',#2270,#1158);
#961=LINE('',#2274,#1159);
#962=LINE('',#2279,#1160);
#963=LINE('',#2283,#1161);
#964=LINE('',#2284,#1162);
#965=LINE('',#2286,#1163);
#966=LINE('',#2287,#1164);
#967=LINE('',#2289,#1165);
#968=LINE('',#2290,#1166);
#969=LINE('',#2292,#1167);
#970=LINE('',#2295,#1168);
#971=LINE('',#2297,#1169);
#972=LINE('',#2299,#1170);
#973=LINE('',#2301,#1171);
#974=LINE('',#2306,#1172);
#975=LINE('',#2308,#1173);
#976=LINE('',#2310,#1174);
#977=LINE('',#2312,#1175);
#978=LINE('',#2314,#1176);
#979=LINE('',#2316,#1177);
#980=LINE('',#2318,#1178);
#981=LINE('',#2320,#1179);
#982=LINE('',#2322,#1180);
#983=LINE('',#2324,#1181);
#984=LINE('',#2326,#1182);
#985=LINE('',#2330,#1183);
#986=LINE('',#2332,#1184);
#987=LINE('',#2334,#1185);
#988=LINE('',#2336,#1186);
#989=LINE('',#2338,#1187);
#990=LINE('',#2340,#1188);
#991=LINE('',#2342,#1189);
#992=LINE('',#2344,#1190);
#993=LINE('',#2346,#1191);
#994=LINE('',#2348,#1192);
#995=LINE('',#2350,#1193);
#996=LINE('',#2353,#1194);
#997=LINE('',#2355,#1195);
#998=LINE('',#2356,#1196);
#999=LINE('',#2358,#1197);
#1000=LINE('',#2360,#1198);
#1001=LINE('',#2362,#1199);
#1002=LINE('',#2364,#1200);
#1003=LINE('',#2366,#1201);
#1004=LINE('',#2369,#1202);
#1005=LINE('',#2371,#1203);
#1006=LINE('',#2373,#1204);
#1007=LINE('',#2377,#1205);
#1008=LINE('',#2381,#1206);
#1009=LINE('',#2386,#1207);
#1010=LINE('',#2388,#1208);
#1011=LINE('',#2389,#1209);
#1012=LINE('',#2391,#1210);
#1013=LINE('',#2393,#1211);
#1014=LINE('',#2395,#1212);
#1015=LINE('',#2397,#1213);
#1016=LINE('',#2399,#1214);
#1017=LINE('',#2401,#1215);
#1018=LINE('',#2402,#1216);
#1019=LINE('',#2404,#1217);
#1020=LINE('',#2406,#1218);
#1021=LINE('',#2408,#1219);
#1022=LINE('',#2410,#1220);
#1023=LINE('',#2412,#1221);
#1024=LINE('',#2414,#1222);
#1025=LINE('',#2416,#1223);
#1026=LINE('',#2418,#1224);
#1027=LINE('',#2420,#1225);
#1028=LINE('',#2424,#1226);
#1029=LINE('',#2426,#1227);
#1030=LINE('',#2428,#1228);
#1031=LINE('',#2432,#1229);
#1032=LINE('',#2434,#1230);
#1033=LINE('',#2436,#1231);
#1034=LINE('',#2438,#1232);
#1035=LINE('',#2440,#1233);
#1036=LINE('',#2442,#1234);
#1037=LINE('',#2444,#1235);
#1038=LINE('',#2448,#1236);
#1039=LINE('',#2452,#1237);
#1040=LINE('',#2454,#1238);
#1041=LINE('',#2456,#1239);
#1042=LINE('',#2458,#1240);
#1043=LINE('',#2460,#1241);
#1044=LINE('',#2462,#1242);
#1045=LINE('',#2464,#1243);
#1046=LINE('',#2466,#1244);
#1047=LINE('',#2470,#1245);
#1048=LINE('',#2471,#1246);
#1049=LINE('',#2472,#1247);
#1050=LINE('',#2473,#1248);
#1051=LINE('',#2474,#1249);
#1052=LINE('',#2478,#1250);
#1053=LINE('',#2479,#1251);
#1054=LINE('',#2480,#1252);
#1055=LINE('',#2481,#1253);
#1056=LINE('',#2483,#1254);
#1057=LINE('',#2485,#1255);
#1058=LINE('',#2487,#1256);
#1059=LINE('',#2490,#1257);
#1060=LINE('',#2491,#1258);
#1061=LINE('',#2493,#1259);
#1062=LINE('',#2495,#1260);
#1063=LINE('',#2498,#1261);
#1064=LINE('',#2499,#1262);
#1065=LINE('',#2501,#1263);
#1066=LINE('',#2503,#1264);
#1067=LINE('',#2505,#1265);
#1068=LINE('',#2507,#1266);
#1069=LINE('',#2509,#1267);
#1070=LINE('',#2511,#1268);
#1071=LINE('',#2515,#1269);
#1072=LINE('',#2517,#1270);
#1073=LINE('',#2521,#1271);
#1074=LINE('',#2523,#1272);
#1075=LINE('',#2525,#1273);
#1076=LINE('',#2527,#1274);
#1077=LINE('',#2529,#1275);
#1078=LINE('',#2531,#1276);
#1079=LINE('',#2533,#1277);
#1080=LINE('',#2536,#1278);
#1081=LINE('',#2539,#1279);
#1082=LINE('',#2541,#1280);
#1083=LINE('',#2543,#1281);
#1084=LINE('',#2545,#1282);
#1085=LINE('',#2548,#1283);
#1086=LINE('',#2550,#1284);
#1087=LINE('',#2551,#1285);
#1088=LINE('',#2553,#1286);
#1089=LINE('',#2555,#1287);
#1090=LINE('',#2556,#1288);
#1091=LINE('',#2558,#1289);
#1092=LINE('',#2560,#1290);
#1093=LINE('',#2562,#1291);
#1094=LINE('',#2564,#1292);
#1095=LINE('',#2566,#1293);
#1096=LINE('',#2568,#1294);
#1097=LINE('',#2571,#1295);
#1098=LINE('',#2573,#1296);
#1099=LINE('',#2576,#1297);
#1100=LINE('',#2578,#1298);
#1101=LINE('',#2580,#1299);
#1102=LINE('',#2582,#1300);
#1103=LINE('',#2584,#1301);
#1104=LINE('',#2586,#1302);
#1105=LINE('',#2587,#1303);
#1106=LINE('',#2589,#1304);
#1107=LINE('',#2591,#1305);
#1108=LINE('',#2593,#1306);
#1109=LINE('',#2595,#1307);
#1110=LINE('',#2599,#1308);
#1111=LINE('',#2601,#1309);
#1112=LINE('',#2605,#1310);
#1113=LINE('',#2607,#1311);
#1114=LINE('',#2609,#1312);
#1115=LINE('',#2611,#1313);
#1116=LINE('',#2613,#1314);
#1117=LINE('',#2615,#1315);
#1118=LINE('',#2617,#1316);
#1119=LINE('',#2620,#1317);
#1120=LINE('',#2624,#1318);
#1121=LINE('',#2626,#1319);
#1122=LINE('',#2627,#1320);
#1123=LINE('',#2637,#1321);
#1124=LINE('',#2638,#1322);
#1125=LINE('',#2640,#1323);
#1126=LINE('',#2642,#1324);
#1127=LINE('',#2644,#1325);
#1128=LINE('',#2646,#1326);
#1129=LINE('',#2648,#1327);
#1130=LINE('',#2650,#1328);
#1131=LINE('',#2652,#1329);
#1132=LINE('',#2654,#1330);
#1133=LINE('',#2656,#1331);
#1134=LINE('',#2658,#1332);
#1135=LINE('',#2660,#1333);
#1136=LINE('',#2662,#1334);
#1137=LINE('',#2664,#1335);
#1138=LINE('',#2666,#1336);
#1139=LINE('',#2668,#1337);
#1140=LINE('',#2670,#1338);
#1141=LINE('',#2672,#1339);
#1142=LINE('',#2674,#1340);
#1143=LINE('',#2676,#1341);
#1144=LINE('',#2678,#1342);
#1145=LINE('',#2680,#1343);
#1146=LINE('',#2682,#1344);
#1147=VECTOR('',#1784,1.);
#1148=VECTOR('',#1787,1.);
#1149=VECTOR('',#1794,1.);
#1150=VECTOR('',#1797,1.);
#1151=VECTOR('',#1802,1.);
#1152=VECTOR('',#1805,1.);
#1153=VECTOR('',#1810,1.);
#1154=VECTOR('',#1813,1.);
#1155=VECTOR('',#1818,1.);
#1156=VECTOR('',#1821,1.);
#1157=VECTOR('',#1824,1.);
#1158=VECTOR('',#1827,1.);
#1159=VECTOR('',#1832,1.);
#1160=VECTOR('',#1835,1.);
#1161=VECTOR('',#1840,1.);
#1162=VECTOR('',#1841,1.);
#1163=VECTOR('',#1844,1.);
#1164=VECTOR('',#1845,1.);
#1165=VECTOR('',#1848,1.);
#1166=VECTOR('',#1849,1.);
#1167=VECTOR('',#1852,1.);
#1168=VECTOR('',#1853,1.);
#1169=VECTOR('',#1854,1.);
#1170=VECTOR('',#1855,1.);
#1171=VECTOR('',#1858,1.);
#1172=VECTOR('',#1861,1.);
#1173=VECTOR('',#1862,1.);
#1174=VECTOR('',#1863,1.);
#1175=VECTOR('',#1864,1.);
#1176=VECTOR('',#1865,1.);
#1177=VECTOR('',#1866,1.);
#1178=VECTOR('',#1867,1.);
#1179=VECTOR('',#1868,1.);
#1180=VECTOR('',#1869,1.);
#1181=VECTOR('',#1870,1.);
#1182=VECTOR('',#1871,1.);
#1183=VECTOR('',#1874,1.);
#1184=VECTOR('',#1875,1.);
#1185=VECTOR('',#1876,1.);
#1186=VECTOR('',#1877,1.);
#1187=VECTOR('',#1878,1.);
#1188=VECTOR('',#1879,1.);
#1189=VECTOR('',#1880,1.);
#1190=VECTOR('',#1881,1.);
#1191=VECTOR('',#1882,1.);
#1192=VECTOR('',#1883,1.);
#1193=VECTOR('',#1886,1.);
#1194=VECTOR('',#1887,1.);
#1195=VECTOR('',#1888,1.);
#1196=VECTOR('',#1889,1.);
#1197=VECTOR('',#1890,1.);
#1198=VECTOR('',#1893,1.);
#1199=VECTOR('',#1894,1.);
#1200=VECTOR('',#1895,1.);
#1201=VECTOR('',#1898,1.);
#1202=VECTOR('',#1899,1.);
#1203=VECTOR('',#1900,1.);
#1204=VECTOR('',#1901,1.);
#1205=VECTOR('',#1906,1.);
#1206=VECTOR('',#1911,1.);
#1207=VECTOR('',#1914,1.);
#1208=VECTOR('',#1915,1.);
#1209=VECTOR('',#1916,1.);
#1210=VECTOR('',#1917,1.);
#1211=VECTOR('',#1918,1.);
#1212=VECTOR('',#1919,1.);
#1213=VECTOR('',#1920,1.);
#1214=VECTOR('',#1921,1.);
#1215=VECTOR('',#1922,1.);
#1216=VECTOR('',#1923,1.);
#1217=VECTOR('',#1924,1.);
#1218=VECTOR('',#1925,1.);
#1219=VECTOR('',#1926,1.);
#1220=VECTOR('',#1927,1.);
#1221=VECTOR('',#1928,1.);
#1222=VECTOR('',#1929,1.);
#1223=VECTOR('',#1930,1.);
#1224=VECTOR('',#1931,1.);
#1225=VECTOR('',#1932,1.);
#1226=VECTOR('',#1935,1.);
#1227=VECTOR('',#1936,1.);
#1228=VECTOR('',#1937,1.);
#1229=VECTOR('',#1940,1.);
#1230=VECTOR('',#1941,1.);
#1231=VECTOR('',#1942,1.);
#1232=VECTOR('',#1945,1.);
#1233=VECTOR('',#1946,1.);
#1234=VECTOR('',#1947,1.);
#1235=VECTOR('',#1950,1.);
#1236=VECTOR('',#1955,1.);
#1237=VECTOR('',#1958,1.);
#1238=VECTOR('',#1961,1.);
#1239=VECTOR('',#1962,1.);
#1240=VECTOR('',#1965,1.);
#1241=VECTOR('',#1966,1.);
#1242=VECTOR('',#1969,1.);
#1243=VECTOR('',#1970,1.);
#1244=VECTOR('',#1973,1.);
#1245=VECTOR('',#1978,1.);
#1246=VECTOR('',#1979,1.);
#1247=VECTOR('',#1980,1.);
#1248=VECTOR('',#1981,1.);
#1249=VECTOR('',#1982,1.);
#1250=VECTOR('',#1985,1.);
#1251=VECTOR('',#1986,1.);
#1252=VECTOR('',#1987,1.);
#1253=VECTOR('',#1988,1.);
#1254=VECTOR('',#1989,1.);
#1255=VECTOR('',#1990,1.);
#1256=VECTOR('',#1993,1.);
#1257=VECTOR('',#1994,1.);
#1258=VECTOR('',#1995,1.);
#1259=VECTOR('',#1996,1.);
#1260=VECTOR('',#1999,1.);
#1261=VECTOR('',#2000,1.);
#1262=VECTOR('',#2001,1.);
#1263=VECTOR('',#2002,1.);
#1264=VECTOR('',#2003,1.);
#1265=VECTOR('',#2006,1.);
#1266=VECTOR('',#2007,1.);
#1267=VECTOR('',#2010,1.);
#1268=VECTOR('',#2013,1.);
#1269=VECTOR('',#2018,1.);
#1270=VECTOR('',#2019,1.);
#1271=VECTOR('',#2024,1.);
#1272=VECTOR('',#2025,1.);
#1273=VECTOR('',#2028,1.);
#1274=VECTOR('',#2029,1.);
#1275=VECTOR('',#2030,1.);
#1276=VECTOR('',#2033,1.);
#1277=VECTOR('',#2036,1.);
#1278=VECTOR('',#2041,1.);
#1279=VECTOR('',#2042,1.);
#1280=VECTOR('',#2043,1.);
#1281=VECTOR('',#2044,1.);
#1282=VECTOR('',#2047,1.);
#1283=VECTOR('',#2048,1.);
#1284=VECTOR('',#2049,1.);
#1285=VECTOR('',#2050,1.);
#1286=VECTOR('',#2051,1.);
#1287=VECTOR('',#2054,1.);
#1288=VECTOR('',#2055,1.);
#1289=VECTOR('',#2058,1.);
#1290=VECTOR('',#2059,1.);
#1291=VECTOR('',#2062,1.);
#1292=VECTOR('',#2063,1.);
#1293=VECTOR('',#2066,1.);
#1294=VECTOR('',#2069,1.);
#1295=VECTOR('',#2074,1.);
#1296=VECTOR('',#2077,1.);
#1297=VECTOR('',#2078,1.);
#1298=VECTOR('',#2079,1.);
#1299=VECTOR('',#2080,1.);
#1300=VECTOR('',#2081,1.);
#1301=VECTOR('',#2082,1.);
#1302=VECTOR('',#2085,1.);
#1303=VECTOR('',#2086,1.);
#1304=VECTOR('',#2087,1.);
#1305=VECTOR('',#2090,1.);
#1306=VECTOR('',#2091,1.);
#1307=VECTOR('',#2094,1.);
#1308=VECTOR('',#2099,1.);
#1309=VECTOR('',#2100,1.);
#1310=VECTOR('',#2105,1.);
#1311=VECTOR('',#2106,1.);
#1312=VECTOR('',#2109,1.);
#1313=VECTOR('',#2110,1.);
#1314=VECTOR('',#2111,1.);
#1315=VECTOR('',#2114,1.);
#1316=VECTOR('',#2117,1.);
#1317=VECTOR('',#2122,1.);
#1318=VECTOR('',#2125,1.);
#1319=VECTOR('',#2128,1.);
#1320=VECTOR('',#2129,1.);
#1321=VECTOR('',#2148,1.);
#1322=VECTOR('',#2149,1.);
#1323=VECTOR('',#2152,1.);
#1324=VECTOR('',#2155,1.);
#1325=VECTOR('',#2158,1.);
#1326=VECTOR('',#2161,1.);
#1327=VECTOR('',#2164,1.);
#1328=VECTOR('',#2167,1.);
#1329=VECTOR('',#2170,1.);
#1330=VECTOR('',#2173,1.);
#1331=VECTOR('',#2176,1.);
#1332=VECTOR('',#2179,1.);
#1333=VECTOR('',#2182,1.);
#1334=VECTOR('',#2185,1.);
#1335=VECTOR('',#2188,1.);
#1336=VECTOR('',#2191,1.);
#1337=VECTOR('',#2194,1.);
#1338=VECTOR('',#2197,1.);
#1339=VECTOR('',#2200,1.);
#1340=VECTOR('',#2203,1.);
#1341=VECTOR('',#2206,1.);
#1342=VECTOR('',#2209,1.);
#1343=VECTOR('',#2212,1.);
#1344=VECTOR('',#2215,1.);
#1345=EDGE_LOOP('',(#117,#118,#119,#120));
#1346=EDGE_LOOP('',(#121,#122,#123,#124));
#1347=EDGE_LOOP('',(#125,#126,#127,#128));
#1348=EDGE_LOOP('',(#129,#130,#131,#132));
#1349=EDGE_LOOP('',(#133,#134,#135,#136));
#1350=EDGE_LOOP('',(#137,#138,#139,#140));
#1351=EDGE_LOOP('',(#141,#142,#143,#144));
#1352=EDGE_LOOP('',(#145,#146,#147,#148));
#1353=EDGE_LOOP('',(#149,#150,#151,#152));
#1354=EDGE_LOOP('',(#153,#154,#155,#156));
#1355=EDGE_LOOP('',(#157,#158,#159,#160));
#1356=EDGE_LOOP('',(#161,#162,#163,#164,#165,#166,#167,#168,#169,#170,#171,
#172,#173,#174,#175,#176,#177,#178,#179,#180,#181,#182,#183,#184));
#1357=EDGE_LOOP('',(#185,#186,#187,#188,#189,#190));
#1358=EDGE_LOOP('',(#191,#192,#193,#194));
#1359=EDGE_LOOP('',(#195,#196,#197,#198));
#1360=EDGE_LOOP('',(#199,#200,#201,#202));
#1361=EDGE_LOOP('',(#203,#204,#205,#206,#207,#208,#209,#210,#211,#212,#213,
#214,#215,#216,#217,#218,#219,#220,#221,#222,#223,#224,#225,#226));
#1362=EDGE_LOOP('',(#227,#228,#229,#230,#231,#232,#233,#234));
#1363=EDGE_LOOP('',(#235,#236,#237,#238));
#1364=EDGE_LOOP('',(#239,#240,#241,#242));
#1365=EDGE_LOOP('',(#243,#244,#245,#246));
#1366=EDGE_LOOP('',(#247,#248,#249,#250));
#1367=EDGE_LOOP('',(#251,#252,#253,#254));
#1368=EDGE_LOOP('',(#255,#256,#257,#258));
#1369=EDGE_LOOP('',(#259,#260,#261,#262));
#1370=EDGE_LOOP('',(#263,#264,#265,#266));
#1371=EDGE_LOOP('',(#267,#268,#269,#270));
#1372=EDGE_LOOP('',(#271,#272,#273,#274));
#1373=EDGE_LOOP('',(#275,#276,#277,#278));
#1374=EDGE_LOOP('',(#279,#280,#281,#282,#283,#284,#285,#286));
#1375=EDGE_LOOP('',(#287,#288,#289,#290,#291,#292));
#1376=EDGE_LOOP('',(#293,#294,#295,#296,#297,#298));
#1377=EDGE_LOOP('',(#299,#300,#301,#302));
#1378=EDGE_LOOP('',(#303,#304,#305,#306));
#1379=EDGE_LOOP('',(#307,#308,#309,#310,#311,#312));
#1380=EDGE_LOOP('',(#313));
#1381=EDGE_LOOP('',(#314,#315,#316,#317,#318,#319));
#1382=EDGE_LOOP('',(#320));
#1383=EDGE_LOOP('',(#321,#322,#323,#324,#325,#326));
#1384=EDGE_LOOP('',(#327,#328,#329,#330));
#1385=EDGE_LOOP('',(#331,#332,#333,#334));
#1386=EDGE_LOOP('',(#335,#336,#337,#338));
#1387=EDGE_LOOP('',(#339));
#1388=EDGE_LOOP('',(#340));
#1389=EDGE_LOOP('',(#341,#342,#343,#344));
#1390=EDGE_LOOP('',(#345,#346,#347,#348,#349,#350));
#1391=EDGE_LOOP('',(#351,#352,#353,#354));
#1392=EDGE_LOOP('',(#355,#356,#357,#358));
#1393=EDGE_LOOP('',(#359,#360,#361,#362));
#1394=EDGE_LOOP('',(#363,#364,#365,#366));
#1395=EDGE_LOOP('',(#367,#368,#369,#370));
#1396=EDGE_LOOP('',(#371,#372,#373,#374));
#1397=EDGE_LOOP('',(#375,#376,#377,#378,#379,#380));
#1398=EDGE_LOOP('',(#381,#382,#383,#384,#385,#386));
#1399=EDGE_LOOP('',(#387,#388,#389,#390,#391,#392));
#1400=EDGE_LOOP('',(#393,#394,#395,#396));
#1401=EDGE_LOOP('',(#397,#398,#399,#400));
#1402=EDGE_LOOP('',(#401));
#1403=EDGE_LOOP('',(#402,#403,#404,#405,#406,#407));
#1404=EDGE_LOOP('',(#408));
#1405=EDGE_LOOP('',(#409,#410,#411,#412,#413,#414));
#1406=EDGE_LOOP('',(#415,#416,#417,#418));
#1407=EDGE_LOOP('',(#419,#420,#421,#422));
#1408=EDGE_LOOP('',(#423,#424,#425,#426));
#1409=EDGE_LOOP('',(#427));
#1410=EDGE_LOOP('',(#428));
#1411=EDGE_LOOP('',(#429,#430,#431,#432));
#1412=EDGE_LOOP('',(#433,#434,#435,#436));
#1413=EDGE_LOOP('',(#437,#438,#439,#440));
#1414=EDGE_LOOP('',(#441,#442,#443,#444));
#1415=EDGE_LOOP('',(#445,#446,#447,#448));
#1416=EDGE_LOOP('',(#449,#450,#451,#452));
#1417=EDGE_LOOP('',(#453,#454,#455,#456));
#1418=EDGE_LOOP('',(#457,#458,#459,#460));
#1419=EDGE_LOOP('',(#461,#462,#463,#464));
#1420=EDGE_LOOP('',(#465,#466,#467,#468));
#1421=EDGE_LOOP('',(#469,#470,#471,#472));
#1422=EDGE_LOOP('',(#473,#474,#475,#476));
#1423=EDGE_LOOP('',(#477,#478,#479,#480));
#1424=EDGE_LOOP('',(#481,#482,#483,#484,#485));
#1425=EDGE_LOOP('',(#486,#487,#488,#489,#490));
#1426=EDGE_LOOP('',(#491,#492,#493,#494));
#1427=EDGE_LOOP('',(#495,#496,#497,#498));
#1428=EDGE_LOOP('',(#499,#500,#501,#502,#503));
#1429=EDGE_LOOP('',(#504,#505,#506,#507,#508));
#1430=EDGE_LOOP('',(#509,#510,#511,#512));
#1431=EDGE_LOOP('',(#513,#514,#515,#516));
#1432=EDGE_LOOP('',(#517,#518,#519,#520));
#1433=EDGE_LOOP('',(#521,#522,#523,#524));
#1434=EDGE_LOOP('',(#525,#526,#527,#528));
#1435=EDGE_LOOP('',(#529,#530,#531,#532));
#1436=EDGE_LOOP('',(#533,#534,#535,#536,#537));
#1437=EDGE_LOOP('',(#538,#539,#540,#541,#542));
#1438=EDGE_LOOP('',(#543,#544,#545,#546));
#1439=EDGE_LOOP('',(#547,#548,#549,#550));
#1440=EDGE_LOOP('',(#551,#552,#553,#554,#555));
#1441=EDGE_LOOP('',(#556,#557,#558,#559,#560));
#1442=EDGE_LOOP('',(#561,#562,#563,#564));
#1443=EDGE_LOOP('',(#565,#566,#567,#568));
#1444=EDGE_LOOP('',(#569,#570,#571,#572));
#1445=FACE_BOUND('',#1345,.T.);
#1446=FACE_BOUND('',#1346,.T.);
#1447=FACE_BOUND('',#1347,.T.);
#1448=FACE_BOUND('',#1348,.T.);
#1449=FACE_BOUND('',#1349,.T.);
#1450=FACE_BOUND('',#1350,.T.);
#1451=FACE_BOUND('',#1351,.T.);
#1452=FACE_BOUND('',#1352,.T.);
#1453=FACE_BOUND('',#1353,.T.);
#1454=FACE_BOUND('',#1354,.T.);
#1455=FACE_BOUND('',#1355,.T.);
#1456=FACE_BOUND('',#1356,.T.);
#1457=FACE_BOUND('',#1357,.T.);
#1458=FACE_BOUND('',#1358,.T.);
#1459=FACE_BOUND('',#1359,.T.);
#1460=FACE_BOUND('',#1360,.T.);
#1461=FACE_BOUND('',#1361,.T.);
#1462=FACE_BOUND('',#1362,.T.);
#1463=FACE_BOUND('',#1363,.T.);
#1464=FACE_BOUND('',#1364,.T.);
#1465=FACE_BOUND('',#1365,.T.);
#1466=FACE_BOUND('',#1366,.T.);
#1467=FACE_BOUND('',#1367,.T.);
#1468=FACE_BOUND('',#1368,.T.);
#1469=FACE_BOUND('',#1369,.T.);
#1470=FACE_BOUND('',#1370,.T.);
#1471=FACE_BOUND('',#1371,.T.);
#1472=FACE_BOUND('',#1372,.T.);
#1473=FACE_BOUND('',#1373,.T.);
#1474=FACE_BOUND('',#1374,.T.);
#1475=FACE_BOUND('',#1375,.T.);
#1476=FACE_BOUND('',#1376,.T.);
#1477=FACE_BOUND('',#1377,.T.);
#1478=FACE_BOUND('',#1378,.T.);
#1479=FACE_BOUND('',#1379,.T.);
#1480=FACE_BOUND('',#1380,.T.);
#1481=FACE_BOUND('',#1381,.T.);
#1482=FACE_BOUND('',#1382,.T.);
#1483=FACE_BOUND('',#1383,.T.);
#1484=FACE_BOUND('',#1384,.T.);
#1485=FACE_BOUND('',#1385,.T.);
#1486=FACE_BOUND('',#1386,.T.);
#1487=FACE_BOUND('',#1387,.T.);
#1488=FACE_BOUND('',#1388,.T.);
#1489=FACE_BOUND('',#1389,.T.);
#1490=FACE_BOUND('',#1390,.T.);
#1491=FACE_BOUND('',#1391,.T.);
#1492=FACE_BOUND('',#1392,.T.);
#1493=FACE_BOUND('',#1393,.T.);
#1494=FACE_BOUND('',#1394,.T.);
#1495=FACE_BOUND('',#1395,.T.);
#1496=FACE_BOUND('',#1396,.T.);
#1497=FACE_BOUND('',#1397,.T.);
#1498=FACE_BOUND('',#1398,.T.);
#1499=FACE_BOUND('',#1399,.T.);
#1500=FACE_BOUND('',#1400,.T.);
#1501=FACE_BOUND('',#1401,.T.);
#1502=FACE_BOUND('',#1402,.T.);
#1503=FACE_BOUND('',#1403,.T.);
#1504=FACE_BOUND('',#1404,.T.);
#1505=FACE_BOUND('',#1405,.T.);
#1506=FACE_BOUND('',#1406,.T.);
#1507=FACE_BOUND('',#1407,.T.);
#1508=FACE_BOUND('',#1408,.T.);
#1509=FACE_BOUND('',#1409,.T.);
#1510=FACE_BOUND('',#1410,.T.);
#1511=FACE_BOUND('',#1411,.T.);
#1512=FACE_BOUND('',#1412,.T.);
#1513=FACE_BOUND('',#1413,.T.);
#1514=FACE_BOUND('',#1414,.T.);
#1515=FACE_BOUND('',#1415,.T.);
#1516=FACE_BOUND('',#1416,.T.);
#1517=FACE_BOUND('',#1417,.T.);
#1518=FACE_BOUND('',#1418,.T.);
#1519=FACE_BOUND('',#1419,.T.);
#1520=FACE_BOUND('',#1420,.T.);
#1521=FACE_BOUND('',#1421,.T.);
#1522=FACE_BOUND('',#1422,.T.);
#1523=FACE_BOUND('',#1423,.T.);
#1524=FACE_BOUND('',#1424,.T.);
#1525=FACE_BOUND('',#1425,.T.);
#1526=FACE_BOUND('',#1426,.T.);
#1527=FACE_BOUND('',#1427,.T.);
#1528=FACE_BOUND('',#1428,.T.);
#1529=FACE_BOUND('',#1429,.T.);
#1530=FACE_BOUND('',#1430,.T.);
#1531=FACE_BOUND('',#1431,.T.);
#1532=FACE_BOUND('',#1432,.T.);
#1533=FACE_BOUND('',#1433,.T.);
#1534=FACE_BOUND('',#1434,.T.);
#1535=FACE_BOUND('',#1435,.T.);
#1536=FACE_BOUND('',#1436,.T.);
#1537=FACE_BOUND('',#1437,.T.);
#1538=FACE_BOUND('',#1438,.T.);
#1539=FACE_BOUND('',#1439,.T.);
#1540=FACE_BOUND('',#1440,.T.);
#1541=FACE_BOUND('',#1441,.T.);
#1542=FACE_BOUND('',#1442,.T.);
#1543=FACE_BOUND('',#1443,.T.);
#1544=FACE_BOUND('',#1444,.T.);
#1545=CYLINDRICAL_SURFACE('',#1661,0.0067);
#1546=CYLINDRICAL_SURFACE('',#1664,0.0067);
#1547=CYLINDRICAL_SURFACE('',#1667,0.0067);
#1548=CYLINDRICAL_SURFACE('',#1670,0.0075);
#1549=CYLINDRICAL_SURFACE('',#1673,0.0075);
#1550=CYLINDRICAL_SURFACE('',#1676,0.0075);
#1551=CYLINDRICAL_SURFACE('',#1679,0.0075);
#1552=CYLINDRICAL_SURFACE('',#1692,0.0127499999999996);
#1553=CYLINDRICAL_SURFACE('',#1700,0.0127499999999996);
#1554=CYLINDRICAL_SURFACE('',#1702,0.0119499999999991);
#1555=CYLINDRICAL_SURFACE('',#1707,0.0119499999999991);
#1556=CYLINDRICAL_SURFACE('',#1723,0.0015);
#1557=CYLINDRICAL_SURFACE('',#1744,0.0015);
#1558=CYLINDRICAL_SURFACE('',#1745,0.0067);
#1559=ADVANCED_FACE('',(#1445),#1545,.F.);
#1560=ADVANCED_FACE('',(#1446),#1546,.F.);
#1561=ADVANCED_FACE('',(#1447),#1547,.F.);
#1562=ADVANCED_FACE('',(#1448),#1548,.T.);
#1563=ADVANCED_FACE('',(#1449),#1549,.T.);
#1564=ADVANCED_FACE('',(#1450),#1550,.T.);
#1565=ADVANCED_FACE('',(#1451),#1551,.T.);
#1566=ADVANCED_FACE('',(#1452),#14,.T.);
#1567=ADVANCED_FACE('',(#1453),#15,.T.);
#1568=ADVANCED_FACE('',(#1454),#16,.T.);
#1569=ADVANCED_FACE('',(#1455),#17,.F.);
#1570=ADVANCED_FACE('',(#1456),#18,.F.);
#1571=ADVANCED_FACE('',(#1457),#19,.F.);
#1572=ADVANCED_FACE('',(#1458),#20,.F.);
#1573=ADVANCED_FACE('',(#1459),#21,.F.);
#1574=ADVANCED_FACE('',(#1460),#1552,.T.);
#1575=ADVANCED_FACE('',(#1461,#1462),#22,.T.);
#1576=ADVANCED_FACE('',(#1463),#23,.F.);
#1577=ADVANCED_FACE('',(#1464),#1553,.T.);
#1578=ADVANCED_FACE('',(#1465),#1554,.F.);
#1579=ADVANCED_FACE('',(#1466),#24,.F.);
#1580=ADVANCED_FACE('',(#1467),#25,.T.);
#1581=ADVANCED_FACE('',(#1468),#26,.T.);
#1582=ADVANCED_FACE('',(#1469),#1555,.F.);
#1583=ADVANCED_FACE('',(#1470,#1471,#1472,#1473,#1474),#27,.T.);
#1584=ADVANCED_FACE('',(#1475),#28,.F.);
#1585=ADVANCED_FACE('',(#1476),#29,.F.);
#1586=ADVANCED_FACE('',(#1477),#30,.F.);
#1587=ADVANCED_FACE('',(#1478),#31,.F.);
#1588=ADVANCED_FACE('',(#1479),#32,.T.);
#1589=ADVANCED_FACE('',(#1480,#1481),#33,.F.);
#1590=ADVANCED_FACE('',(#1482,#1483),#34,.T.);
#1591=ADVANCED_FACE('',(#1484),#35,.T.);
#1592=ADVANCED_FACE('',(#1485),#36,.T.);
#1593=ADVANCED_FACE('',(#1486),#37,.F.);
#1594=ADVANCED_FACE('',(#1487,#1488),#1556,.T.);
#1595=ADVANCED_FACE('',(#1489),#38,.F.);
#1596=ADVANCED_FACE('',(#1490),#39,.F.);
#1597=ADVANCED_FACE('',(#1491),#40,.F.);
#1598=ADVANCED_FACE('',(#1492),#41,.F.);
#1599=ADVANCED_FACE('',(#1493),#42,.F.);
#1600=ADVANCED_FACE('',(#1494),#43,.F.);
#1601=ADVANCED_FACE('',(#1495),#44,.T.);
#1602=ADVANCED_FACE('',(#1496),#45,.T.);
#1603=ADVANCED_FACE('',(#1497),#46,.T.);
#1604=ADVANCED_FACE('',(#1498),#47,.F.);
#1605=ADVANCED_FACE('',(#1499),#48,.F.);
#1606=ADVANCED_FACE('',(#1500),#49,.F.);
#1607=ADVANCED_FACE('',(#1501),#50,.F.);
#1608=ADVANCED_FACE('',(#1502,#1503),#51,.F.);
#1609=ADVANCED_FACE('',(#1504,#1505),#52,.T.);
#1610=ADVANCED_FACE('',(#1506),#53,.T.);
#1611=ADVANCED_FACE('',(#1507),#54,.T.);
#1612=ADVANCED_FACE('',(#1508),#55,.F.);
#1613=ADVANCED_FACE('',(#1509,#1510),#1557,.T.);
#1614=ADVANCED_FACE('',(#1511),#1558,.F.);
#1615=ADVANCED_FACE('',(#1512),#56,.T.);
#1616=ADVANCED_FACE('',(#1513),#57,.F.);
#1617=ADVANCED_FACE('',(#1514),#58,.T.);
#1618=ADVANCED_FACE('',(#1515),#59,.T.);
#1619=ADVANCED_FACE('',(#1516),#60,.F.);
#1620=ADVANCED_FACE('',(#1517),#61,.T.);
#1621=ADVANCED_FACE('',(#1518),#62,.F.);
#1622=ADVANCED_FACE('',(#1519),#63,.T.);
#1623=ADVANCED_FACE('',(#1520),#64,.F.);
#1624=ADVANCED_FACE('',(#1521),#12,.T.);
#1625=ADVANCED_FACE('',(#1522),#65,.F.);
#1626=ADVANCED_FACE('',(#1523),#66,.F.);
#1627=ADVANCED_FACE('',(#1524),#67,.F.);
#1628=ADVANCED_FACE('',(#1525),#68,.F.);
#1629=ADVANCED_FACE('',(#1526),#69,.F.);
#1630=ADVANCED_FACE('',(#1527),#70,.F.);
#1631=ADVANCED_FACE('',(#1528),#71,.F.);
#1632=ADVANCED_FACE('',(#1529),#72,.F.);
#1633=ADVANCED_FACE('',(#1530),#73,.F.);
#1634=ADVANCED_FACE('',(#1531),#74,.F.);
#1635=ADVANCED_FACE('',(#1532),#75,.T.);
#1636=ADVANCED_FACE('',(#1533),#76,.T.);
#1637=ADVANCED_FACE('',(#1534),#77,.T.);
#1638=ADVANCED_FACE('',(#1535),#78,.T.);
#1639=ADVANCED_FACE('',(#1536),#79,.T.);
#1640=ADVANCED_FACE('',(#1537),#80,.T.);
#1641=ADVANCED_FACE('',(#1538),#81,.F.);
#1642=ADVANCED_FACE('',(#1539),#82,.F.);
#1643=ADVANCED_FACE('',(#1540),#83,.T.);
#1644=ADVANCED_FACE('',(#1541),#84,.T.);
#1645=ADVANCED_FACE('',(#1542),#85,.F.);
#1646=ADVANCED_FACE('',(#1543),#86,.F.);
#1647=ADVANCED_FACE('',(#1544),#13,.T.);
#1648=CLOSED_SHELL('',(#1559,#1560,#1561,#1562,#1563,#1564,#1565,#1566,
#1567,#1568,#1569,#1570,#1571,#1572,#1573,#1574,#1575,#1576,#1577,#1578,
#1579,#1580,#1581,#1582,#1583,#1584,#1585,#1586,#1587,#1588,#1589,#1590,
#1591,#1592,#1593,#1594,#1595,#1596,#1597,#1598,#1599,#1600,#1601,#1602,
#1603,#1604,#1605,#1606,#1607,#1608,#1609,#1610,#1611,#1612,#1613,#1614,
#1615,#1616,#1617,#1618,#1619,#1620,#1621,#1622,#1623,#1624,#1625,#1626,
#1627,#1628,#1629,#1630,#1631,#1632,#1633,#1634,#1635,#1636,#1637,#1638,
#1639,#1640,#1641,#1642,#1643,#1644,#1645,#1646,#1647));
#1649=STYLED_ITEM('',(#1650),#1657);
#1650=PRESENTATION_STYLE_ASSIGNMENT((#1651));
#1651=SURFACE_STYLE_USAGE(.BOTH.,#1652);
#1652=SURFACE_SIDE_STYLE('',(#1653));
#1653=SURFACE_STYLE_FILL_AREA(#1654);
#1654=FILL_AREA_STYLE('',(#1655));
#1655=FILL_AREA_STYLE_COLOUR('',#1656);
#1656=COLOUR_RGB('',0.615686274509804,0.811764705882353,0.929411764705882);
#1657=MANIFOLD_SOLID_BREP('Part 1',#1648);
#1658=SHAPE_DEFINITION_REPRESENTATION(#2690,#1659);
#1659=SHAPE_REPRESENTATION('Part 1',(#1660),#2685);
#1660=AXIS2_PLACEMENT_3D('',#2218,#1780,#1781);
#1661=AXIS2_PLACEMENT_3D('',#2219,#1782,#1783);
#1662=AXIS2_PLACEMENT_3D('',#2223,#1785,#1786);
#1663=AXIS2_PLACEMENT_3D('',#2227,#1788,#1789);
#1664=AXIS2_PLACEMENT_3D('',#2228,#1790,#1791);
#1665=AXIS2_PLACEMENT_3D('',#2229,#1792,#1793);
#1666=AXIS2_PLACEMENT_3D('',#2234,#1795,#1796);
#1667=AXIS2_PLACEMENT_3D('',#2237,#1798,#1799);
#1668=AXIS2_PLACEMENT_3D('',#2238,#1800,#1801);
#1669=AXIS2_PLACEMENT_3D('',#2243,#1803,#1804);
#1670=AXIS2_PLACEMENT_3D('',#2246,#1806,#1807);
#1671=AXIS2_PLACEMENT_3D('',#2247,#1808,#1809);
#1672=AXIS2_PLACEMENT_3D('',#2252,#1811,#1812);
#1673=AXIS2_PLACEMENT_3D('',#2255,#1814,#1815);
#1674=AXIS2_PLACEMENT_3D('',#2256,#1816,#1817);
#1675=AXIS2_PLACEMENT_3D('',#2261,#1819,#1820);
#1676=AXIS2_PLACEMENT_3D('',#2264,#1822,#1823);
#1677=AXIS2_PLACEMENT_3D('',#2268,#1825,#1826);
#1678=AXIS2_PLACEMENT_3D('',#2272,#1828,#1829);
#1679=AXIS2_PLACEMENT_3D('',#2273,#1830,#1831);
#1680=AXIS2_PLACEMENT_3D('',#2277,#1833,#1834);
#1681=AXIS2_PLACEMENT_3D('',#2281,#1836,#1837);
#1682=AXIS2_PLACEMENT_3D('',#2282,#1838,#1839);
#1683=AXIS2_PLACEMENT_3D('',#2285,#1842,#1843);
#1684=AXIS2_PLACEMENT_3D('',#2288,#1846,#1847);
#1685=AXIS2_PLACEMENT_3D('',#2291,#1850,#1851);
#1686=AXIS2_PLACEMENT_3D('',#2300,#1856,#1857);
#1687=AXIS2_PLACEMENT_3D('',#2304,#1859,#1860);
#1688=AXIS2_PLACEMENT_3D('',#2328,#1872,#1873);
#1689=AXIS2_PLACEMENT_3D('',#2349,#1884,#1885);
#1690=AXIS2_PLACEMENT_3D('',#2359,#1891,#1892);
#1691=AXIS2_PLACEMENT_3D('',#2365,#1896,#1897);
#1692=AXIS2_PLACEMENT_3D('',#2374,#1902,#1903);
#1693=AXIS2_PLACEMENT_3D('',#2375,#1904,#1905);
#1694=AXIS2_PLACEMENT_3D('',#2379,#1907,#1908);
#1695=AXIS2_PLACEMENT_3D('',#2380,#1909,#1910);
#1696=AXIS2_PLACEMENT_3D('',#2384,#1912,#1913);
#1697=AXIS2_PLACEMENT_3D('',#2421,#1933,#1934);
#1698=AXIS2_PLACEMENT_3D('',#2430,#1938,#1939);
#1699=AXIS2_PLACEMENT_3D('',#2437,#1943,#1944);
#1700=AXIS2_PLACEMENT_3D('',#2443,#1948,#1949);
#1701=AXIS2_PLACEMENT_3D('',#2446,#1951,#1952);
#1702=AXIS2_PLACEMENT_3D('',#2447,#1953,#1954);
#1703=AXIS2_PLACEMENT_3D('',#2450,#1956,#1957);
#1704=AXIS2_PLACEMENT_3D('',#2453,#1959,#1960);
#1705=AXIS2_PLACEMENT_3D('',#2457,#1963,#1964);
#1706=AXIS2_PLACEMENT_3D('',#2461,#1967,#1968);
#1707=AXIS2_PLACEMENT_3D('',#2465,#1971,#1972);
#1708=AXIS2_PLACEMENT_3D('',#2468,#1974,#1975);
#1709=AXIS2_PLACEMENT_3D('',#2469,#1976,#1977);
#1710=AXIS2_PLACEMENT_3D('',#2476,#1983,#1984);
#1711=AXIS2_PLACEMENT_3D('',#2486,#1991,#1992);
#1712=AXIS2_PLACEMENT_3D('',#2494,#1997,#1998);
#1713=AXIS2_PLACEMENT_3D('',#2504,#2004,#2005);
#1714=AXIS2_PLACEMENT_3D('',#2508,#2008,#2009);
#1715=AXIS2_PLACEMENT_3D('',#2510,#2011,#2012);
#1716=AXIS2_PLACEMENT_3D('',#2512,#2014,#2015);
#1717=AXIS2_PLACEMENT_3D('',#2513,#2016,#2017);
#1718=AXIS2_PLACEMENT_3D('',#2518,#2020,#2021);
#1719=AXIS2_PLACEMENT_3D('',#2519,#2022,#2023);
#1720=AXIS2_PLACEMENT_3D('',#2524,#2026,#2027);
#1721=AXIS2_PLACEMENT_3D('',#2530,#2031,#2032);
#1722=AXIS2_PLACEMENT_3D('',#2532,#2034,#2035);
#1723=AXIS2_PLACEMENT_3D('',#2534,#2037,#2038);
#1724=AXIS2_PLACEMENT_3D('',#2535,#2039,#2040);
#1725=AXIS2_PLACEMENT_3D('',#2544,#2045,#2046);
#1726=AXIS2_PLACEMENT_3D('',#2554,#2052,#2053);
#1727=AXIS2_PLACEMENT_3D('',#2557,#2056,#2057);
#1728=AXIS2_PLACEMENT_3D('',#2561,#2060,#2061);
#1729=AXIS2_PLACEMENT_3D('',#2565,#2064,#2065);
#1730=AXIS2_PLACEMENT_3D('',#2567,#2067,#2068);
#1731=AXIS2_PLACEMENT_3D('',#2569,#2070,#2071);
#1732=AXIS2_PLACEMENT_3D('',#2570,#2072,#2073);
#1733=AXIS2_PLACEMENT_3D('',#2572,#2075,#2076);
#1734=AXIS2_PLACEMENT_3D('',#2585,#2083,#2084);
#1735=AXIS2_PLACEMENT_3D('',#2590,#2088,#2089);
#1736=AXIS2_PLACEMENT_3D('',#2594,#2092,#2093);
#1737=AXIS2_PLACEMENT_3D('',#2596,#2095,#2096);
#1738=AXIS2_PLACEMENT_3D('',#2597,#2097,#2098);
#1739=AXIS2_PLACEMENT_3D('',#2602,#2101,#2102);
#1740=AXIS2_PLACEMENT_3D('',#2603,#2103,#2104);
#1741=AXIS2_PLACEMENT_3D('',#2608,#2107,#2108);
#1742=AXIS2_PLACEMENT_3D('',#2614,#2112,#2113);
#1743=AXIS2_PLACEMENT_3D('',#2616,#2115,#2116);
#1744=AXIS2_PLACEMENT_3D('',#2618,#2118,#2119);
#1745=AXIS2_PLACEMENT_3D('',#2619,#2120,#2121);
#1746=AXIS2_PLACEMENT_3D('',#2622,#2123,#2124);
#1747=AXIS2_PLACEMENT_3D('',#2625,#2126,#2127);
#1748=AXIS2_PLACEMENT_3D('',#2628,#2130,#2131);
#1749=AXIS2_PLACEMENT_3D('',#2629,#2132,#2133);
#1750=AXIS2_PLACEMENT_3D('',#2630,#2134,#2135);
#1751=AXIS2_PLACEMENT_3D('',#2631,#2136,#2137);
#1752=AXIS2_PLACEMENT_3D('',#2632,#2138,#2139);
#1753=AXIS2_PLACEMENT_3D('',#2633,#2140,#2141);
#1754=AXIS2_PLACEMENT_3D('',#2634,#2142,#2143);
#1755=AXIS2_PLACEMENT_3D('',#2635,#2144,#2145);
#1756=AXIS2_PLACEMENT_3D('',#2636,#2146,#2147);
#1757=AXIS2_PLACEMENT_3D('',#2639,#2150,#2151);
#1758=AXIS2_PLACEMENT_3D('',#2641,#2153,#2154);
#1759=AXIS2_PLACEMENT_3D('',#2643,#2156,#2157);
#1760=AXIS2_PLACEMENT_3D('',#2645,#2159,#2160);
#1761=AXIS2_PLACEMENT_3D('',#2647,#2162,#2163);
#1762=AXIS2_PLACEMENT_3D('',#2649,#2165,#2166);
#1763=AXIS2_PLACEMENT_3D('',#2651,#2168,#2169);
#1764=AXIS2_PLACEMENT_3D('',#2653,#2171,#2172);
#1765=AXIS2_PLACEMENT_3D('',#2655,#2174,#2175);
#1766=AXIS2_PLACEMENT_3D('',#2657,#2177,#2178);
#1767=AXIS2_PLACEMENT_3D('',#2659,#2180,#2181);
#1768=AXIS2_PLACEMENT_3D('',#2661,#2183,#2184);
#1769=AXIS2_PLACEMENT_3D('',#2663,#2186,#2187);
#1770=AXIS2_PLACEMENT_3D('',#2665,#2189,#2190);
#1771=AXIS2_PLACEMENT_3D('',#2667,#2192,#2193);
#1772=AXIS2_PLACEMENT_3D('',#2669,#2195,#2196);
#1773=AXIS2_PLACEMENT_3D('',#2671,#2198,#2199);
#1774=AXIS2_PLACEMENT_3D('',#2673,#2201,#2202);
#1775=AXIS2_PLACEMENT_3D('',#2675,#2204,#2205);
#1776=AXIS2_PLACEMENT_3D('',#2677,#2207,#2208);
#1777=AXIS2_PLACEMENT_3D('',#2679,#2210,#2211);
#1778=AXIS2_PLACEMENT_3D('',#2681,#2213,#2214);
#1779=AXIS2_PLACEMENT_3D('',#2683,#2216,#2217);
#1780=DIRECTION('',(0.,0.,1.));
#1781=DIRECTION('',(1.,0.,0.));
#1782=DIRECTION('',(0.,0.,-1.));
#1783=DIRECTION('',(-1.,0.,0.));
#1784=DIRECTION('',(0.,0.,-1.));
#1785=DIRECTION('',(0.,0.,1.));
#1786=DIRECTION('',(1.,0.,0.));
#1787=DIRECTION('',(0.,0.,-1.));
#1788=DIRECTION('',(0.,0.,1.));
#1789=DIRECTION('',(1.,0.,0.));
#1790=DIRECTION('',(0.,0.,-1.));
#1791=DIRECTION('',(-1.,0.,0.));
#1792=DIRECTION('',(0.,0.,1.));
#1793=DIRECTION('',(1.,0.,0.));
#1794=DIRECTION('',(0.,0.,-1.));
#1795=DIRECTION('',(0.,0.,1.));
#1796=DIRECTION('',(1.,0.,0.));
#1797=DIRECTION('',(0.,0.,-1.));
#1798=DIRECTION('',(0.,0.,-1.));
#1799=DIRECTION('',(-1.,0.,0.));
#1800=DIRECTION('',(0.,0.,1.));
#1801=DIRECTION('',(1.,0.,0.));
#1802=DIRECTION('',(0.,0.,-1.));
#1803=DIRECTION('',(0.,0.,1.));
#1804=DIRECTION('',(1.,0.,0.));
#1805=DIRECTION('',(0.,0.,-1.));
#1806=DIRECTION('',(0.,0.,-1.));
#1807=DIRECTION('',(-1.,0.,0.));
#1808=DIRECTION('',(0.,0.,1.));
#1809=DIRECTION('',(1.,0.,0.));
#1810=DIRECTION('',(0.,0.,-1.));
#1811=DIRECTION('',(0.,0.,1.));
#1812=DIRECTION('',(1.,0.,0.));
#1813=DIRECTION('',(0.,0.,-1.));
#1814=DIRECTION('',(0.,0.,-1.));
#1815=DIRECTION('',(-1.,0.,0.));
#1816=DIRECTION('',(0.,0.,1.));
#1817=DIRECTION('',(1.,0.,0.));
#1818=DIRECTION('',(0.,0.,-1.));
#1819=DIRECTION('',(0.,0.,1.));
#1820=DIRECTION('',(1.,0.,0.));
#1821=DIRECTION('',(0.,0.,-1.));
#1822=DIRECTION('',(0.,0.,-1.));
#1823=DIRECTION('',(-1.,0.,0.));
#1824=DIRECTION('',(0.,0.,-1.));
#1825=DIRECTION('',(0.,0.,1.));
#1826=DIRECTION('',(1.,0.,0.));
#1827=DIRECTION('',(0.,0.,-1.));
#1828=DIRECTION('',(0.,0.,1.));
#1829=DIRECTION('',(1.,0.,0.));
#1830=DIRECTION('',(0.,0.,-1.));
#1831=DIRECTION('',(-1.,0.,0.));
#1832=DIRECTION('',(0.,0.,-1.));
#1833=DIRECTION('',(0.,0.,1.));
#1834=DIRECTION('',(1.,0.,0.));
#1835=DIRECTION('',(0.,0.,-1.));
#1836=DIRECTION('',(0.,0.,1.));
#1837=DIRECTION('',(1.,0.,0.));
#1838=DIRECTION('',(0.,0.,1.));
#1839=DIRECTION('',(1.,0.,0.));
#1840=DIRECTION('',(-9.6373526443156E-17,-1.,0.));
#1841=DIRECTION('',(1.,0.,0.));
#1842=DIRECTION('',(0.,0.,1.));
#1843=DIRECTION('',(1.,0.,0.));
#1844=DIRECTION('',(-9.6373526443156E-17,-1.,0.));
#1845=DIRECTION('',(1.,0.,0.));
#1846=DIRECTION('',(0.,0.,1.));
#1847=DIRECTION('',(1.,0.,0.));
#1848=DIRECTION('',(1.,0.,0.));
#1849=DIRECTION('',(-9.6373526443156E-17,-1.,0.));
#1850=DIRECTION('',(-1.,0.,0.));
#1851=DIRECTION('',(0.,0.,1.));
#1852=DIRECTION('',(0.,0.,-1.));
#1853=DIRECTION('',(0.,1.,0.));
#1854=DIRECTION('',(0.,0.,1.));
#1855=DIRECTION('',(0.,1.,0.));
#1856=DIRECTION('',(0.,0.,1.));
#1857=DIRECTION('',(1.,0.,0.));
#1858=DIRECTION('',(-0.984807753012208,-0.17364817766693,0.));
#1859=DIRECTION('',(0.,0.,1.));
#1860=DIRECTION('',(1.,0.,0.));
#1861=DIRECTION('',(-0.984807753012208,0.17364817766693,0.));
#1862=DIRECTION('',(-1.,0.,0.));
#1863=DIRECTION('',(0.,1.,0.));
#1864=DIRECTION('',(1.,0.,0.));
#1865=DIRECTION('',(0.707106781186543,0.707106781186553,0.));
#1866=DIRECTION('',(0.,1.,0.));
#1867=DIRECTION('',(-0.707106781186543,0.707106781186553,0.));
#1868=DIRECTION('',(-1.,0.,0.));
#1869=DIRECTION('',(0.,1.,0.));
#1870=DIRECTION('',(1.,0.,0.));
#1871=DIRECTION('',(0.984807753012208,0.17364817766693,0.));
#1872=DIRECTION('',(0.,0.,1.));
#1873=DIRECTION('',(1.,0.,0.));
#1874=DIRECTION('',(0.984807753012208,-0.17364817766693,0.));
#1875=DIRECTION('',(1.,0.,0.));
#1876=DIRECTION('',(0.,-1.,0.));
#1877=DIRECTION('',(-1.,0.,0.));
#1878=DIRECTION('',(-0.707106781186543,-0.707106781186553,0.));
#1879=DIRECTION('',(0.,-1.,0.));
#1880=DIRECTION('',(0.707106781186543,-0.707106781186553,0.));
#1881=DIRECTION('',(1.,0.,0.));
#1882=DIRECTION('',(0.,-1.,0.));
#1883=DIRECTION('',(-1.,0.,0.));
#1884=DIRECTION('',(-0.707106781186548,0.,0.707106781186547));
#1885=DIRECTION('',(0.707106781186548,0.,0.707106781186548));
#1886=DIRECTION('',(0.,1.,0.));
#1887=DIRECTION('',(0.577350269189626,0.577350269189626,0.577350269189626));
#1888=DIRECTION('',(-0.707106781186548,0.,-0.707106781186548));
#1889=DIRECTION('',(0.707106781186548,0.,0.707106781186548));
#1890=DIRECTION('',(-0.577350269189626,0.577350269189626,-0.577350269189626));
#1891=DIRECTION('',(-0.707106781186548,0.,-0.707106781186547));
#1892=DIRECTION('',(-0.707106781186547,0.,0.707106781186548));
#1893=DIRECTION('',(0.707106781186547,0.,-0.707106781186548));
#1894=DIRECTION('',(0.,1.,0.));
#1895=DIRECTION('',(-0.707106781186547,0.,0.707106781186548));
#1896=DIRECTION('',(-0.173648177666929,-0.984807753012208,0.));
#1897=DIRECTION('',(0.984807753012208,-0.173648177666929,0.));
#1898=DIRECTION('',(0.,0.,-1.));
#1899=DIRECTION('',(-0.984807753012208,0.173648177666929,0.));
#1900=DIRECTION('',(0.,0.,-1.));
#1901=DIRECTION('',(-0.984807753012208,0.173648177666929,0.));
#1902=DIRECTION('',(0.,0.,-1.));
#1903=DIRECTION('',(-1.,0.,0.));
#1904=DIRECTION('',(0.,0.,1.));
#1905=DIRECTION('',(1.,0.,0.));
#1906=DIRECTION('',(0.,0.,-1.));
#1907=DIRECTION('',(0.,0.,1.));
#1908=DIRECTION('',(1.,0.,0.));
#1909=DIRECTION('',(0.,0.,1.));
#1910=DIRECTION('',(1.,0.,0.));
#1911=DIRECTION('',(0.984807753012208,-0.173648177666929,0.));
#1912=DIRECTION('',(0.,0.,-1.));
#1913=DIRECTION('',(1.,0.,0.));
#1914=DIRECTION('',(-0.984807753012208,-0.173648177666929,0.));
#1915=DIRECTION('',(1.,0.,0.));
#1916=DIRECTION('',(-1.,0.,0.));
#1917=DIRECTION('',(0.707106781186543,-0.707106781186553,0.));
#1918=DIRECTION('',(0.,1.,0.));
#1919=DIRECTION('',(0.707106781186543,0.707106781186553,0.));
#1920=DIRECTION('',(-1.,0.,0.));
#1921=DIRECTION('',(0.,1.,0.));
#1922=DIRECTION('',(1.,0.,0.));
#1923=DIRECTION('',(0.984807753012208,0.173648177666929,0.));
#1924=DIRECTION('',(-1.,0.,0.));
#1925=DIRECTION('',(0.,1.,0.));
#1926=DIRECTION('',(1.,0.,0.));
#1927=DIRECTION('',(-0.707106781186543,0.707106781186553,0.));
#1928=DIRECTION('',(0.,1.,0.));
#1929=DIRECTION('',(-0.707106781186543,-0.707106781186553,0.));
#1930=DIRECTION('',(1.,0.,0.));
#1931=DIRECTION('',(0.,1.,0.));
#1932=DIRECTION('',(-1.,0.,0.));
#1933=DIRECTION('',(0.,0.,1.));
#1934=DIRECTION('',(1.,0.,0.));
#1935=DIRECTION('',(-0.984807753012208,0.17364817766693,0.));
#1936=DIRECTION('',(0.,-1.,0.));
#1937=DIRECTION('',(-0.984807753012208,-0.17364817766693,0.));
#1938=DIRECTION('',(0.,0.,1.));
#1939=DIRECTION('',(1.,0.,0.));
#1940=DIRECTION('',(0.984807753012208,-0.17364817766693,0.));
#1941=DIRECTION('',(0.,-1.,0.));
#1942=DIRECTION('',(0.984807753012208,0.17364817766693,0.));
#1943=DIRECTION('',(-0.173648177666929,0.984807753012208,0.));
#1944=DIRECTION('',(0.984807753012208,0.173648177666929,0.));
#1945=DIRECTION('',(0.,0.,-1.));
#1946=DIRECTION('',(0.984807753012208,0.173648177666929,0.));
#1947=DIRECTION('',(0.,0.,-1.));
#1948=DIRECTION('',(0.,0.,-1.));
#1949=DIRECTION('',(-1.,0.,0.));
#1950=DIRECTION('',(0.,0.,-1.));
#1951=DIRECTION('',(0.,0.,1.));
#1952=DIRECTION('',(1.,0.,0.));
#1953=DIRECTION('',(0.,0.,-1.));
#1954=DIRECTION('',(-1.,0.,0.));
#1955=DIRECTION('',(0.,0.,-1.));
#1956=DIRECTION('',(0.,0.,1.));
#1957=DIRECTION('',(1.,0.,0.));
#1958=DIRECTION('',(0.,0.,-1.));
#1959=DIRECTION('',(0.17364817766693,-0.984807753012208,0.));
#1960=DIRECTION('',(0.984807753012208,0.17364817766693,0.));
#1961=DIRECTION('',(0.,0.,-1.));
#1962=DIRECTION('',(-0.984807753012208,-0.17364817766693,0.));
#1963=DIRECTION('',(-1.,0.,0.));
#1964=DIRECTION('',(0.,0.,1.));
#1965=DIRECTION('',(0.,0.,-1.));
#1966=DIRECTION('',(0.,1.,0.));
#1967=DIRECTION('',(-0.17364817766693,-0.984807753012208,0.));
#1968=DIRECTION('',(0.984807753012208,-0.17364817766693,0.));
#1969=DIRECTION('',(0.,0.,-1.));
#1970=DIRECTION('',(-0.984807753012208,0.17364817766693,0.));
#1971=DIRECTION('',(0.,0.,-1.));
#1972=DIRECTION('',(-1.,0.,0.));
#1973=DIRECTION('',(0.,0.,-1.));
#1974=DIRECTION('',(0.,0.,1.));
#1975=DIRECTION('',(1.,0.,0.));
#1976=DIRECTION('',(0.,0.,1.));
#1977=DIRECTION('',(1.,0.,0.));
#1978=DIRECTION('',(-1.,0.,0.));
#1979=DIRECTION('',(9.6373526443156E-17,1.,0.));
#1980=DIRECTION('',(9.6373526443156E-17,1.,0.));
#1981=DIRECTION('',(-1.,0.,0.));
#1982=DIRECTION('',(-1.,0.,0.));
#1983=DIRECTION('',(0.,0.,1.));
#1984=DIRECTION('',(1.,0.,0.));
#1985=DIRECTION('',(9.6373526443156E-17,1.,0.));
#1986=DIRECTION('',(9.6373526443156E-17,1.,0.));
#1987=DIRECTION('',(-1.,0.,0.));
#1988=DIRECTION('',(0.984807753012208,0.17364817766693,0.));
#1989=DIRECTION('',(0.,1.,0.));
#1990=DIRECTION('',(0.984807753012208,-0.17364817766693,0.));
#1991=DIRECTION('',(0.,-1.,0.));
#1992=DIRECTION('',(1.,0.,0.));
#1993=DIRECTION('',(0.707106781186548,0.,0.707106781186548));
#1994=DIRECTION('',(-1.,0.,0.));
#1995=DIRECTION('',(-0.707106781186547,0.,0.707106781186548));
#1996=DIRECTION('',(0.,0.,1.));
#1997=DIRECTION('',(-0.707106781186548,0.,0.707106781186547));
#1998=DIRECTION('',(0.707106781186548,0.,0.707106781186548));
#1999=DIRECTION('',(0.,1.,0.));
#2000=DIRECTION('',(-0.577350269189626,-0.577350269189626,-0.577350269189626));
#2001=DIRECTION('',(0.,1.,0.));
#2002=DIRECTION('',(-0.707106781186548,0.,-0.707106781186548));
#2003=DIRECTION('',(0.577350269189626,-0.577350269189626,0.577350269189626));
#2004=DIRECTION('',(-1.,0.,0.));
#2005=DIRECTION('',(0.,0.,1.));
#2006=DIRECTION('',(0.,1.,0.));
#2007=DIRECTION('',(0.,0.,-1.));
#2008=DIRECTION('',(-0.707106781186548,0.,-0.707106781186547));
#2009=DIRECTION('',(-0.707106781186547,0.,0.707106781186548));
#2010=DIRECTION('',(0.707106781186547,0.,-0.707106781186548));
#2011=DIRECTION('',(0.,-1.,0.));
#2012=DIRECTION('',(1.,0.,0.));
#2013=DIRECTION('',(1.,0.,0.));
#2014=DIRECTION('',(0.,1.,0.));
#2015=DIRECTION('',(0.,0.,1.));
#2016=DIRECTION('',(0.,1.,0.));
#2017=DIRECTION('',(0.,0.,1.));
#2018=DIRECTION('',(0.,0.,-1.));
#2019=DIRECTION('',(1.,0.,0.));
#2020=DIRECTION('',(0.,1.,0.));
#2021=DIRECTION('',(0.,0.,1.));
#2022=DIRECTION('',(0.,1.,0.));
#2023=DIRECTION('',(0.,0.,1.));
#2024=DIRECTION('',(-1.,0.,0.));
#2025=DIRECTION('',(0.,0.,1.));
#2026=DIRECTION('',(1.,0.,0.));
#2027=DIRECTION('',(0.,0.,-1.));
#2028=DIRECTION('',(0.,0.,-1.));
#2029=DIRECTION('',(0.,1.,0.));
#2030=DIRECTION('',(0.,0.,1.));
#2031=DIRECTION('',(0.707106781186552,0.707106781186543,0.));
#2032=DIRECTION('',(0.,0.,1.));
#2033=DIRECTION('',(0.707106781186543,-0.707106781186553,0.));
#2034=DIRECTION('',(-0.707106781186552,0.707106781186543,0.));
#2035=DIRECTION('',(0.,0.,-1.));
#2036=DIRECTION('',(0.707106781186543,0.707106781186553,0.));
#2037=DIRECTION('',(0.,-1.,0.));
#2038=DIRECTION('',(0.,0.,-1.));
#2039=DIRECTION('',(1.,0.,0.));
#2040=DIRECTION('',(0.,0.,1.));
#2041=DIRECTION('',(0.,0.,-1.));
#2042=DIRECTION('',(0.,1.,0.));
#2043=DIRECTION('',(0.,0.,1.));
#2044=DIRECTION('',(0.,1.,0.));
#2045=DIRECTION('',(0.707106781186548,0.,0.707106781186547));
#2046=DIRECTION('',(-0.707106781186548,0.,0.707106781186548));
#2047=DIRECTION('',(0.,-1.,0.));
#2048=DIRECTION('',(-0.577350269189626,-0.577350269189626,0.577350269189626));
#2049=DIRECTION('',(-0.707106781186548,0.,0.707106781186548));
#2050=DIRECTION('',(0.707106781186548,0.,-0.707106781186548));
#2051=DIRECTION('',(0.577350269189626,-0.577350269189626,-0.577350269189626));
#2052=DIRECTION('',(0.707106781186548,0.,-0.707106781186547));
#2053=DIRECTION('',(0.707106781186547,0.,0.707106781186548));
#2054=DIRECTION('',(-0.707106781186547,0.,-0.707106781186548));
#2055=DIRECTION('',(0.707106781186547,0.,0.707106781186548));
#2056=DIRECTION('',(0.173648177666929,-0.984807753012208,0.));
#2057=DIRECTION('',(-0.984807753012208,-0.173648177666929,0.));
#2058=DIRECTION('',(-0.984807753012208,-0.173648177666929,0.));
#2059=DIRECTION('',(0.,0.,-1.));
#2060=DIRECTION('',(0.173648177666929,0.984807753012208,0.));
#2061=DIRECTION('',(-0.984807753012208,0.173648177666929,0.));
#2062=DIRECTION('',(0.,0.,-1.));
#2063=DIRECTION('',(0.984807753012208,-0.173648177666929,0.));
#2064=DIRECTION('',(-0.17364817766693,-0.984807753012208,0.));
#2065=DIRECTION('',(-0.984807753012208,0.17364817766693,0.));
#2066=DIRECTION('',(0.,0.,-1.));
#2067=DIRECTION('',(1.,0.,0.));
#2068=DIRECTION('',(0.,0.,1.));
#2069=DIRECTION('',(0.,0.,-1.));
#2070=DIRECTION('',(0.17364817766693,-0.984807753012208,0.));
#2071=DIRECTION('',(-0.984807753012208,-0.17364817766693,0.));
#2072=DIRECTION('',(0.,-1.,0.));
#2073=DIRECTION('',(-1.,0.,0.));
#2074=DIRECTION('',(1.,0.,0.));
#2075=DIRECTION('',(0.707106781186548,0.,0.707106781186547));
#2076=DIRECTION('',(-0.707106781186548,0.,0.707106781186548));
#2077=DIRECTION('',(0.,-1.,0.));
#2078=DIRECTION('',(0.577350269189626,0.577350269189626,-0.577350269189626));
#2079=DIRECTION('',(0.707106781186548,0.,-0.707106781186548));
#2080=DIRECTION('',(0.,1.,0.));
#2081=DIRECTION('',(-0.707106781186548,0.,0.707106781186548));
#2082=DIRECTION('',(-0.577350269189626,0.577350269189626,0.577350269189626));
#2083=DIRECTION('',(0.,-1.,0.));
#2084=DIRECTION('',(-1.,0.,0.));
#2085=DIRECTION('',(-1.,0.,0.));
#2086=DIRECTION('',(0.,0.,1.));
#2087=DIRECTION('',(0.707106781186547,0.,0.707106781186548));
#2088=DIRECTION('',(1.,0.,0.));
#2089=DIRECTION('',(0.,0.,1.));
#2090=DIRECTION('',(0.,1.,0.));
#2091=DIRECTION('',(0.,0.,-1.));
#2092=DIRECTION('',(0.707106781186548,0.,-0.707106781186547));
#2093=DIRECTION('',(0.707106781186547,0.,0.707106781186548));
#2094=DIRECTION('',(-0.707106781186547,0.,-0.707106781186548));
#2095=DIRECTION('',(0.,1.,0.));
#2096=DIRECTION('',(0.,0.,1.));
#2097=DIRECTION('',(0.,-1.,0.));
#2098=DIRECTION('',(0.,0.,1.));
#2099=DIRECTION('',(1.,0.,0.));
#2100=DIRECTION('',(0.,0.,-1.));
#2101=DIRECTION('',(0.,1.,0.));
#2102=DIRECTION('',(0.,0.,1.));
#2103=DIRECTION('',(0.,-1.,0.));
#2104=DIRECTION('',(0.,0.,1.));
#2105=DIRECTION('',(0.,0.,1.));
#2106=DIRECTION('',(-1.,0.,0.));
#2107=DIRECTION('',(-1.,0.,0.));
#2108=DIRECTION('',(0.,0.,-1.));
#2109=DIRECTION('',(0.,0.,1.));
#2110=DIRECTION('',(0.,-1.,0.));
#2111=DIRECTION('',(0.,0.,-1.));
#2112=DIRECTION('',(-0.707106781186552,0.707106781186543,0.));
#2113=DIRECTION('',(0.,0.,1.));
#2114=DIRECTION('',(0.707106781186543,0.707106781186553,0.));
#2115=DIRECTION('',(0.707106781186552,0.707106781186543,0.));
#2116=DIRECTION('',(0.,0.,-1.));
#2117=DIRECTION('',(0.707106781186543,-0.707106781186553,0.));
#2118=DIRECTION('',(0.,-1.,0.));
#2119=DIRECTION('',(0.,0.,-1.));
#2120=DIRECTION('',(0.,0.,-1.));
#2121=DIRECTION('',(-1.,0.,0.));
#2122=DIRECTION('',(0.,0.,-1.));
#2123=DIRECTION('',(0.,0.,1.));
#2124=DIRECTION('',(1.,0.,0.));
#2125=DIRECTION('',(0.,0.,-1.));
#2126=DIRECTION('',(0.,0.,1.));
#2127=DIRECTION('',(1.,0.,0.));
#2128=DIRECTION('',(1.,0.,0.));
#2129=DIRECTION('',(-9.6373526443156E-17,-1.,0.));
#2130=DIRECTION('',(-1.,9.6373526443156E-17,0.));
#2131=DIRECTION('',(-9.6373526443156E-17,-1.,0.));
#2132=DIRECTION('',(-1.,9.6373526443156E-17,0.));
#2133=DIRECTION('',(-9.6373526443156E-17,-1.,0.));
#2134=DIRECTION('',(0.,-1.,0.));
#2135=DIRECTION('',(0.,0.,-1.));
#2136=DIRECTION('',(0.,-1.,0.));
#2137=DIRECTION('',(0.,0.,-1.));
#2138=DIRECTION('',(-1.,9.6373526443156E-17,0.));
#2139=DIRECTION('',(-9.6373526443156E-17,-1.,0.));
#2140=DIRECTION('',(-1.,9.6373526443156E-17,0.));
#2141=DIRECTION('',(-9.6373526443156E-17,-1.,0.));
#2142=DIRECTION('',(0.,-1.,0.));
#2143=DIRECTION('',(0.,0.,-1.));
#2144=DIRECTION('',(0.,-1.,0.));
#2145=DIRECTION('',(0.,0.,-1.));
#2146=DIRECTION('',(0.,0.,1.));
#2147=DIRECTION('',(1.,0.,0.));
#2148=DIRECTION('',(0.122787803968972,-0.696364240320019,-0.707106781186548));
#2149=DIRECTION('',(0.122787803968974,0.696364240320019,0.707106781186547));
#2150=DIRECTION('',(-0.122787803968972,-0.696364240320017,0.70710678118655));
#2151=DIRECTION('',(-0.984807753012208,0.173648177666929,0.));
#2152=DIRECTION('',(0.0617457854184735,0.705757556807951,0.705757556807951));
#2153=DIRECTION('',(0.122787803968972,-0.696364240320017,0.70710678118655));
#2154=DIRECTION('',(0.984807753012208,0.173648177666929,0.));
#2155=DIRECTION('',(-0.0617457854184735,0.705757556807951,0.705757556807951));
#2156=DIRECTION('',(0.,-0.707106781186548,0.707106781186548));
#2157=DIRECTION('',(1.,0.,0.));
#2158=DIRECTION('',(0.862856209461016,0.357406744336594,0.357406744336594));
#2159=DIRECTION('',(0.,-0.707106781186548,0.707106781186548));
#2160=DIRECTION('',(-1.,0.,0.));
#2161=DIRECTION('',(-0.862856209461016,0.357406744336594,0.357406744336594));
#2162=DIRECTION('',(-0.382683432365091,0.,0.923879532511286));
#2163=DIRECTION('',(0.,1.,0.));
#2164=DIRECTION('',(0.862856209461016,-0.357406744336594,0.357406744336594));
#2165=DIRECTION('',(0.382683432365091,0.,0.923879532511286));
#2166=DIRECTION('',(0.,1.,0.));
#2167=DIRECTION('',(-0.862856209461016,-0.357406744336594,0.357406744336594));
#2168=DIRECTION('',(0.,0.707106781186548,0.707106781186548));
#2169=DIRECTION('',(1.,0.,0.));
#2170=DIRECTION('',(0.281084637714822,-0.678598344545847,0.678598344545847));
#2171=DIRECTION('',(0.,0.707106781186548,0.707106781186548));
#2172=DIRECTION('',(-1.,0.,0.));
#2173=DIRECTION('',(-0.281084637714822,-0.678598344545847,0.678598344545847));
#2174=DIRECTION('',(-0.5,0.5,0.707106781186547));
#2175=DIRECTION('',(-0.707106781186543,-0.707106781186553,0.));
#2176=DIRECTION('',(-0.678598344545848,0.281084637714816,-0.678598344545848));
#2177=DIRECTION('',(0.5,0.5,0.707106781186547));
#2178=DIRECTION('',(0.707106781186543,-0.707106781186553,0.));
#2179=DIRECTION('',(0.678598344545848,0.281084637714816,-0.678598344545848));
#2180=DIRECTION('',(0.707106781186548,0.,-0.707106781186548));
#2181=DIRECTION('',(0.,1.,0.));
#2182=DIRECTION('',(0.678598344545848,0.281084637714818,0.678598344545848));
#2183=DIRECTION('',(-0.707106781186548,0.,-0.707106781186548));
#2184=DIRECTION('',(0.,1.,0.));
#2185=DIRECTION('',(-0.678598344545848,0.281084637714818,0.678598344545848));
#2186=DIRECTION('',(0.5,0.5,-0.707106781186548));
#2187=DIRECTION('',(-0.707106781186543,0.707106781186553,0.));
#2188=DIRECTION('',(0.281084637714823,0.678598344545847,0.678598344545847));
#2189=DIRECTION('',(-0.5,0.5,-0.707106781186548));
#2190=DIRECTION('',(0.707106781186543,0.707106781186553,0.));
#2191=DIRECTION('',(-0.281084637714823,0.678598344545847,0.678598344545847));
#2192=DIRECTION('',(0.,0.707106781186548,-0.707106781186548));
#2193=DIRECTION('',(-1.,0.,0.));
#2194=DIRECTION('',(-0.862856209461016,-0.357406744336594,-0.357406744336594));
#2195=DIRECTION('',(0.,0.707106781186548,-0.707106781186548));
#2196=DIRECTION('',(1.,0.,0.));
#2197=DIRECTION('',(0.862856209461016,-0.357406744336594,-0.357406744336594));
#2198=DIRECTION('',(-0.382683432365091,0.,0.923879532511286));
#2199=DIRECTION('',(0.,1.,0.));
#2200=DIRECTION('',(-0.862856209461016,0.357406744336594,-0.357406744336594));
#2201=DIRECTION('',(0.382683432365091,0.,0.923879532511286));
#2202=DIRECTION('',(0.,1.,0.));
#2203=DIRECTION('',(0.862856209461016,0.357406744336594,-0.357406744336594));
#2204=DIRECTION('',(0.,-0.707106781186548,-0.707106781186548));
#2205=DIRECTION('',(-1.,0.,0.));
#2206=DIRECTION('',(-0.0617457854184703,0.705757556807951,-0.705757556807951));
#2207=DIRECTION('',(0.,-0.707106781186548,-0.707106781186548));
#2208=DIRECTION('',(1.,0.,0.));
#2209=DIRECTION('',(0.0617457854184703,0.705757556807951,-0.705757556807951));
#2210=DIRECTION('',(-0.122787803968972,0.696364240320017,0.707106781186549));
#2211=DIRECTION('',(-0.984807753012208,-0.173648177666929,0.));
#2212=DIRECTION('',(0.122787803968974,-0.69636424032002,0.707106781186546));
#2213=DIRECTION('',(0.122787803968972,0.696364240320017,0.707106781186549));
#2214=DIRECTION('',(0.984807753012208,-0.173648177666929,0.));
#2215=DIRECTION('',(0.122787803968978,0.69636424032002,-0.707106781186546));
#2216=DIRECTION('',(0.,0.,1.));
#2217=DIRECTION('',(1.,0.,0.));
#2218=CARTESIAN_POINT('',(0.,0.,0.));
#2219=CARTESIAN_POINT('',(0.,4.10256677714363E-19,0.003));
#2220=CARTESIAN_POINT('',(-0.003,0.00599082632030006,0.003));
#2221=CARTESIAN_POINT('',(-0.003,0.00599082632030006,0.003));
#2222=CARTESIAN_POINT('',(-0.003,0.00599082632030006,0.0006));
#2223=CARTESIAN_POINT('',(0.,4.10256677714363E-19,0.003));
#2224=CARTESIAN_POINT('',(-0.00599082632030006,0.003,0.003));
#2225=CARTESIAN_POINT('',(-0.00599082632030006,0.003,0.003));
#2226=CARTESIAN_POINT('',(-0.00599082632030006,0.003,0.0006));
#2227=CARTESIAN_POINT('',(0.,4.10256677714363E-19,0.0006));
#2228=CARTESIAN_POINT('',(0.,4.10256677714363E-19,0.003));
#2229=CARTESIAN_POINT('',(0.,4.10256677714363E-19,0.0006));
#2230=CARTESIAN_POINT('',(0.00599082632030006,-0.003,0.0006));
#2231=CARTESIAN_POINT('',(0.003,-0.00599082632030006,0.0006));
#2232=CARTESIAN_POINT('',(0.003,-0.00599082632030006,0.003));
#2233=CARTESIAN_POINT('',(0.003,-0.00599082632030006,0.003));
#2234=CARTESIAN_POINT('',(0.,4.10256677714363E-19,0.003));
#2235=CARTESIAN_POINT('',(0.00599082632030006,-0.003,0.003));
#2236=CARTESIAN_POINT('',(0.00599082632030006,-0.003,0.003));
#2237=CARTESIAN_POINT('',(0.,4.10256677714363E-19,0.003));
#2238=CARTESIAN_POINT('',(0.,4.10256677714363E-19,0.0006));
#2239=CARTESIAN_POINT('',(0.003,0.00599082632030006,0.0006));
#2240=CARTESIAN_POINT('',(0.00599082632030006,0.003,0.0006));
#2241=CARTESIAN_POINT('',(0.00599082632030006,0.003,0.003));
#2242=CARTESIAN_POINT('',(0.00599082632030006,0.003,0.003));
#2243=CARTESIAN_POINT('',(0.,4.10256677714363E-19,0.003));
#2244=CARTESIAN_POINT('',(0.003,0.00599082632030006,0.003));
#2245=CARTESIAN_POINT('',(0.003,0.00599082632030006,0.003));
#2246=CARTESIAN_POINT('',(0.,4.59242549680257E-19,0.003));
#2247=CARTESIAN_POINT('',(0.,4.59242549680257E-19,0.003));
#2248=CARTESIAN_POINT('',(-0.003,0.00687386354243376,0.003));
#2249=CARTESIAN_POINT('',(-0.00687386354243376,0.003,0.003));
#2250=CARTESIAN_POINT('',(-0.003,0.00687386354243376,0.003));
#2251=CARTESIAN_POINT('',(-0.003,0.00687386354243376,0.0006));
#2252=CARTESIAN_POINT('',(0.,4.59242549680257E-19,0.0006));
#2253=CARTESIAN_POINT('',(-0.00687386354243376,0.003,0.0006));
#2254=CARTESIAN_POINT('',(-0.00687386354243376,0.003,0.003));
#2255=CARTESIAN_POINT('',(0.,4.59242549680257E-19,0.003));
#2256=CARTESIAN_POINT('',(0.,4.59242549680257E-19,0.003));
#2257=CARTESIAN_POINT('',(-0.00687386354243376,-0.003,0.003));
#2258=CARTESIAN_POINT('',(-0.003,-0.00687386354243376,0.003));
#2259=CARTESIAN_POINT('',(-0.00687386354243376,-0.003,0.003));
#2260=CARTESIAN_POINT('',(-0.00687386354243376,-0.003,0.0006));
#2261=CARTESIAN_POINT('',(0.,4.59242549680257E-19,0.0006));
#2262=CARTESIAN_POINT('',(-0.003,-0.00687386354243376,0.0006));
#2263=CARTESIAN_POINT('',(-0.003,-0.00687386354243376,0.003));
#2264=CARTESIAN_POINT('',(0.,4.59242549680257E-19,0.003));
#2265=CARTESIAN_POINT('',(0.003,-0.00687386354243376,0.003));
#2266=CARTESIAN_POINT('',(0.003,-0.00687386354243376,0.0006));
#2267=CARTESIAN_POINT('',(0.003,-0.00687386354243376,0.003));
#2268=CARTESIAN_POINT('',(0.,4.59242549680257E-19,0.0006));
#2269=CARTESIAN_POINT('',(0.00687386354243376,-0.003,0.0006));
#2270=CARTESIAN_POINT('',(0.00687386354243376,-0.003,0.003));
#2271=CARTESIAN_POINT('',(0.00687386354243376,-0.003,0.003));
#2272=CARTESIAN_POINT('',(0.,4.59242549680257E-19,0.003));
#2273=CARTESIAN_POINT('',(0.,4.59242549680257E-19,0.003));
#2274=CARTESIAN_POINT('',(0.00687386354243376,0.003,0.003));
#2275=CARTESIAN_POINT('',(0.00687386354243376,0.003,0.0006));
#2276=CARTESIAN_POINT('',(0.00687386354243376,0.003,0.003));
#2277=CARTESIAN_POINT('',(0.,4.59242549680257E-19,0.0006));
#2278=CARTESIAN_POINT('',(0.003,0.00687386354243376,0.0006));
#2279=CARTESIAN_POINT('',(0.003,0.00687386354243376,0.003));
#2280=CARTESIAN_POINT('',(0.003,0.00687386354243376,0.003));
#2281=CARTESIAN_POINT('',(0.,4.59242549680257E-19,0.003));
#2282=CARTESIAN_POINT('',(0.,3.60822483003176E-16,0.003));
#2283=CARTESIAN_POINT('',(-0.003,0.00525,0.003));
#2284=CARTESIAN_POINT('',(-0.00525,0.003,0.003));
#2285=CARTESIAN_POINT('',(0.,3.60822483003176E-16,0.003));
#2286=CARTESIAN_POINT('',(0.003,-0.00525,0.003));
#2287=CARTESIAN_POINT('',(0.00525,-0.003,0.003));
#2288=CARTESIAN_POINT('',(0.,3.60822483003176E-16,0.003));
#2289=CARTESIAN_POINT('',(0.00525,0.003,0.003));
#2290=CARTESIAN_POINT('',(0.003,0.00525,0.003));
#2291=CARTESIAN_POINT('',(0.01775,-0.0107005202975103,0.005375));
#2292=CARTESIAN_POINT('',(0.01775,-0.00819852029751033,0.025));
#2293=CARTESIAN_POINT('',(0.01775,-0.00819852029751033,0.008875));
#2294=CARTESIAN_POINT('',(0.01775,-0.00819852029751033,0.001875));
#2295=CARTESIAN_POINT('',(0.01775,-0.0107005202975103,0.008875));
#2296=CARTESIAN_POINT('',(0.01775,-0.0106985202975103,0.008875));
#2297=CARTESIAN_POINT('',(0.01775,-0.0106985202975103,0.005375));
#2298=CARTESIAN_POINT('',(0.01775,-0.0106985202975103,0.001875));
#2299=CARTESIAN_POINT('',(0.01775,-0.0107005202975103,0.001875));
#2300=CARTESIAN_POINT('',(0.,9.83446507716243E-5,0.));
#2301=CARTESIAN_POINT('',(0.002144008102196,-0.0120609295203257,0.));
#2302=CARTESIAN_POINT('',(0.012706255668237,-0.0101985202975103,0.));
#2303=CARTESIAN_POINT('',(0.00212719017641989,-0.0120638949743995,0.));
#2304=CARTESIAN_POINT('',(3.09361121143789E-17,-3.60822483003176E-16,0.));
#2305=CARTESIAN_POINT('',(-0.00212719017641988,-0.0120638949743995,0.));
#2306=CARTESIAN_POINT('',(-0.002144008102196,-0.0120609295203257,0.));
#2307=CARTESIAN_POINT('',(-0.012706255668237,-0.0101985202975103,0.));
#2308=CARTESIAN_POINT('',(-0.015875,-0.0101985202975103,0.));
#2309=CARTESIAN_POINT('',(-0.0156678932188134,-0.0101985202975103,0.));
#2310=CARTESIAN_POINT('',(-0.0156678932188134,9.83446507716243E-5,0.));
#2311=CARTESIAN_POINT('',(-0.0156678932188134,-0.00869852029751033,0.));
#2312=CARTESIAN_POINT('',(-0.01325,-0.00869852029751033,0.));
#2313=CARTESIAN_POINT('',(-0.0130428932188134,-0.00869852029751033,0.));
#2314=CARTESIAN_POINT('',(-0.00212301413526584,0.00222135878603743,0.));
#2315=CARTESIAN_POINT('',(-0.01225,-0.00790562707869687,0.));
#2316=CARTESIAN_POINT('',(-0.01225,0.00769852029751033,0.));
#2317=CARTESIAN_POINT('',(-0.01225,0.00790562707869687,0.));
#2318=CARTESIAN_POINT('',(-0.00222135878603746,-0.00212301413526581,0.));
#2319=CARTESIAN_POINT('',(-0.0130428932188134,0.00869852029751033,0.));
#2320=CARTESIAN_POINT('',(0.,0.00869852029751033,0.));
#2321=CARTESIAN_POINT('',(-0.0156678932188134,0.00869852029751033,0.));
#2322=CARTESIAN_POINT('',(-0.0156678932188134,9.83446507716243E-5,0.));
#2323=CARTESIAN_POINT('',(-0.0156678932188134,0.0101985202975103,0.));
#2324=CARTESIAN_POINT('',(0.,0.0101985202975103,0.));
#2325=CARTESIAN_POINT('',(-0.012706255668237,0.0101985202975103,0.));
#2326=CARTESIAN_POINT('',(-0.00211037225064377,0.0120668604284734,0.));
#2327=CARTESIAN_POINT('',(-0.00212719017641989,0.0120638949743995,0.));
#2328=CARTESIAN_POINT('',(3.09361121143789E-17,3.60822483003176E-16,0.));
#2329=CARTESIAN_POINT('',(0.00212719017641989,0.0120638949743995,0.));
#2330=CARTESIAN_POINT('',(0.00211037225064377,0.0120668604284734,0.));
#2331=CARTESIAN_POINT('',(0.012706255668237,0.0101985202975103,0.));
#2332=CARTESIAN_POINT('',(0.,0.0101985202975103,0.));
#2333=CARTESIAN_POINT('',(0.0156678932188134,0.0101985202975103,0.));
#2334=CARTESIAN_POINT('',(0.0156678932188134,9.83446507716243E-5,0.));
#2335=CARTESIAN_POINT('',(0.0156678932188134,0.00869852029751033,0.));
#2336=CARTESIAN_POINT('',(0.,0.00869852029751033,0.));
#2337=CARTESIAN_POINT('',(0.0130428932188134,0.00869852029751033,0.));
#2338=CARTESIAN_POINT('',(0.00222135878603746,-0.00212301413526581,0.));
#2339=CARTESIAN_POINT('',(0.01225,0.00790562707869687,0.));
#2340=CARTESIAN_POINT('',(0.01225,-0.00769852029751033,0.));
#2341=CARTESIAN_POINT('',(0.01225,-0.00790562707869687,0.));
#2342=CARTESIAN_POINT('',(0.00212301413526584,0.00222135878603743,0.));
#2343=CARTESIAN_POINT('',(0.0130428932188134,-0.00869852029751033,0.));
#2344=CARTESIAN_POINT('',(0.015875,-0.00869852029751033,0.));
#2345=CARTESIAN_POINT('',(0.0156678932188134,-0.00869852029751033,0.));
#2346=CARTESIAN_POINT('',(0.0156678932188134,9.83446507716243E-5,0.));
#2347=CARTESIAN_POINT('',(0.0156678932188134,-0.0101985202975103,0.));
#2348=CARTESIAN_POINT('',(0.01275,-0.0101985202975103,0.));
#2349=CARTESIAN_POINT('',(0.0168125,-0.0107005202975103,0.0009375));
#2350=CARTESIAN_POINT('',(0.0160214466094067,-0.0107005202975103,0.000146446609406724));
#2351=CARTESIAN_POINT('',(0.0160214466094067,-0.010344966906917,0.000146446609406724));
#2352=CARTESIAN_POINT('',(0.0160214466094067,-0.0085520736881036,0.000146446609406724));
#2353=CARTESIAN_POINT('',(0.0105833333333333,-0.013990186964177,-0.00529166666666667));
#2354=CARTESIAN_POINT('',(0.016375,-0.00819852029751033,0.0005));
#2355=CARTESIAN_POINT('',(0.0168125,-0.00819852029751033,0.0009375));
#2356=CARTESIAN_POINT('',(0.0168125,-0.0106985202975103,0.0009375));
#2357=CARTESIAN_POINT('',(0.016375,-0.0106985202975103,0.0005));
#2358=CARTESIAN_POINT('',(0.0151666666666666,-0.00949018696417699,-0.000708333333333335));
#2359=CARTESIAN_POINT('',(0.0168125,-0.0107005202975103,0.0098125));
#2360=CARTESIAN_POINT('',(0.0168125,-0.00819852029751033,0.0098125));
#2361=CARTESIAN_POINT('',(0.015875,-0.00819852029751033,0.01075));
#2362=CARTESIAN_POINT('',(0.015875,-0.0107005202975103,0.01075));
#2363=CARTESIAN_POINT('',(0.015875,-0.0106985202975103,0.01075));
#2364=CARTESIAN_POINT('',(0.0168125,-0.0106985202975103,0.0098125));
#2365=CARTESIAN_POINT('',(0.00748200713262668,0.011627409574208,0.01075));
#2366=CARTESIAN_POINT('',(0.01275,0.0106985202975103,0.01075));
#2367=CARTESIAN_POINT('',(0.01275,0.0106985202975103,0.01075));
#2368=CARTESIAN_POINT('',(0.01275,0.0106985202975103,0.0005));
#2369=CARTESIAN_POINT('',(0.00748200713262668,0.011627409574208,0.0005));
#2370=CARTESIAN_POINT('',(0.00221401426525336,0.0125562988509056,0.0005));
#2371=CARTESIAN_POINT('',(0.00221401426525336,0.0125562988509056,0.01075));
#2372=CARTESIAN_POINT('',(0.00221401426525336,0.0125562988509056,0.01075));
#2373=CARTESIAN_POINT('',(0.00748200713262668,0.011627409574208,0.01075));
#2374=CARTESIAN_POINT('',(3.09361121143789E-17,3.60822483003176E-16,0.01075));
#2375=CARTESIAN_POINT('',(3.09361121143789E-17,3.60822483003176E-16,0.0005));
#2376=CARTESIAN_POINT('',(-0.00221401426525336,0.0125562988509056,0.0005));
#2377=CARTESIAN_POINT('',(-0.00221401426525336,0.0125562988509056,0.01075));
#2378=CARTESIAN_POINT('',(-0.00221401426525336,0.0125562988509056,0.01075));
#2379=CARTESIAN_POINT('',(3.09361121143789E-17,3.60822483003176E-16,0.01075));
#2380=CARTESIAN_POINT('',(0.,9.83446507716243E-5,0.01075));
#2381=CARTESIAN_POINT('',(-0.00748200713262668,-0.011627409574208,0.01075));
#2382=CARTESIAN_POINT('',(-0.01275,-0.0106985202975103,0.01075));
#2383=CARTESIAN_POINT('',(-0.00221401426525336,-0.0125562988509056,0.01075));
#2384=CARTESIAN_POINT('',(3.09361121143789E-17,-3.60822483003176E-16,0.01075));
#2385=CARTESIAN_POINT('',(0.00221401426525336,-0.0125562988509056,0.01075));
#2386=CARTESIAN_POINT('',(0.00748200713262668,-0.011627409574208,0.01075));
#2387=CARTESIAN_POINT('',(0.01275,-0.0106985202975103,0.01075));
#2388=CARTESIAN_POINT('',(0.0143125,-0.0106985202975103,0.01075));
#2389=CARTESIAN_POINT('',(0.,-0.00819852029751033,0.01075));
#2390=CARTESIAN_POINT('',(0.01325,-0.00819852029751033,0.01075));
#2391=CARTESIAN_POINT('',(0.01275,-0.00769852029751033,0.01075));
#2392=CARTESIAN_POINT('',(0.01275,-0.00769852029751033,0.01075));
#2393=CARTESIAN_POINT('',(0.01275,9.83446507716243E-5,0.01075));
#2394=CARTESIAN_POINT('',(0.01275,0.00769852029751033,0.01075));
#2395=CARTESIAN_POINT('',(0.01325,0.00819852029751033,0.01075));
#2396=CARTESIAN_POINT('',(0.01325,0.00819852029751033,0.01075));
#2397=CARTESIAN_POINT('',(0.,0.00819852029751033,0.01075));
#2398=CARTESIAN_POINT('',(0.015875,0.00819852029751033,0.01075));
#2399=CARTESIAN_POINT('',(0.015875,-0.0107005202975103,0.01075));
#2400=CARTESIAN_POINT('',(0.015875,0.0106985202975103,0.01075));
#2401=CARTESIAN_POINT('',(0.0143125,0.0106985202975103,0.01075));
#2402=CARTESIAN_POINT('',(-0.00748200713262668,0.011627409574208,0.01075));
#2403=CARTESIAN_POINT('',(-0.01275,0.0106985202975103,0.01075));
#2404=CARTESIAN_POINT('',(-0.0143125,0.0106985202975103,0.01075));
#2405=CARTESIAN_POINT('',(-0.015875,0.0106985202975103,0.01075));
#2406=CARTESIAN_POINT('',(-0.015875,-0.0107005202975103,0.01075));
#2407=CARTESIAN_POINT('',(-0.015875,0.00819852029751033,0.01075));
#2408=CARTESIAN_POINT('',(0.,0.00819852029751033,0.01075));
#2409=CARTESIAN_POINT('',(-0.01325,0.00819852029751033,0.01075));
#2410=CARTESIAN_POINT('',(-0.01325,0.00819852029751033,0.01075));
#2411=CARTESIAN_POINT('',(-0.01275,0.00769852029751033,0.01075));
#2412=CARTESIAN_POINT('',(-0.01275,9.83446507716243E-5,0.01075));
#2413=CARTESIAN_POINT('',(-0.01275,-0.00769852029751033,0.01075));
#2414=CARTESIAN_POINT('',(-0.01275,-0.00769852029751033,0.01075));
#2415=CARTESIAN_POINT('',(-0.01325,-0.00819852029751033,0.01075));
#2416=CARTESIAN_POINT('',(0.,-0.00819852029751033,0.01075));
#2417=CARTESIAN_POINT('',(-0.015875,-0.00819852029751033,0.01075));
#2418=CARTESIAN_POINT('',(-0.015875,-0.0107005202975103,0.01075));
#2419=CARTESIAN_POINT('',(-0.015875,-0.0106985202975103,0.01075));
#2420=CARTESIAN_POINT('',(-0.0143125,-0.0106985202975103,0.01075));
#2421=CARTESIAN_POINT('',(3.10191806546009E-17,5.19549681055054E-16,0.01075));
#2422=CARTESIAN_POINT('',(0.00207509572311977,-0.0117684526484952,0.01075));
#2423=CARTESIAN_POINT('',(-0.00207509572311977,-0.0117684526484952,0.01075));
#2424=CARTESIAN_POINT('',(-0.0020919136488958,-0.0117654871944213,0.01075));
#2425=CARTESIAN_POINT('',(-0.0119499999999993,-0.0100272405925679,0.01075));
#2426=CARTESIAN_POINT('',(-0.0119499999999993,9.83446507716243E-5,0.01075));
#2427=CARTESIAN_POINT('',(-0.0119499999999993,0.0100272405925679,0.01075));
#2428=CARTESIAN_POINT('',(-0.00205827779734358,0.0117714181025691,0.01075));
#2429=CARTESIAN_POINT('',(-0.00207509572311966,0.0117684526484952,0.01075));
#2430=CARTESIAN_POINT('',(2.84064121083094E-17,1.71737624121704E-16,0.01075));
#2431=CARTESIAN_POINT('',(0.00207509572311966,0.0117684526484952,0.01075));
#2432=CARTESIAN_POINT('',(0.00205827779734358,0.0117714181025691,0.01075));
#2433=CARTESIAN_POINT('',(0.0119499999999993,0.0100272405925679,0.01075));
#2434=CARTESIAN_POINT('',(0.0119499999999993,9.83446507716243E-5,0.01075));
#2435=CARTESIAN_POINT('',(0.0119499999999993,-0.0100272405925679,0.01075));
#2436=CARTESIAN_POINT('',(0.0020919136488958,-0.0117654871944213,0.01075));
#2437=CARTESIAN_POINT('',(0.00748200713262668,-0.011627409574208,0.01075));
#2438=CARTESIAN_POINT('',(0.00221401426525336,-0.0125562988509056,0.01075));
#2439=CARTESIAN_POINT('',(0.00221401426525336,-0.0125562988509056,0.0005));
#2440=CARTESIAN_POINT('',(0.00748200713262668,-0.011627409574208,0.0005));
#2441=CARTESIAN_POINT('',(0.01275,-0.0106985202975103,0.0005));
#2442=CARTESIAN_POINT('',(0.01275,-0.0106985202975103,0.01075));
#2443=CARTESIAN_POINT('',(3.09361121143789E-17,-3.60822483003176E-16,0.01075));
#2444=CARTESIAN_POINT('',(-0.00221401426525336,-0.0125562988509056,0.01075));
#2445=CARTESIAN_POINT('',(-0.00221401426525336,-0.0125562988509056,0.0005));
#2446=CARTESIAN_POINT('',(3.09361121143789E-17,-3.60822483003176E-16,0.0005));
#2447=CARTESIAN_POINT('',(3.10191806546009E-17,5.19549681055054E-16,0.0256));
#2448=CARTESIAN_POINT('',(0.00207509572311977,-0.0117684526484952,0.0256));
#2449=CARTESIAN_POINT('',(0.00207509572311977,-0.0117684526484952,0.0006));
#2450=CARTESIAN_POINT('',(3.10191806546009E-17,5.19549681055054E-16,0.0006));
#2451=CARTESIAN_POINT('',(-0.00207509572311977,-0.0117684526484952,0.0006));
#2452=CARTESIAN_POINT('',(-0.00207509572311977,-0.0117684526484952,0.0256));
#2453=CARTESIAN_POINT('',(0.00701254786155953,-0.0108978466205315,0.0256));
#2454=CARTESIAN_POINT('',(0.0119499999999993,-0.0100272405925679,0.0256));
#2455=CARTESIAN_POINT('',(0.0119499999999993,-0.0100272405925679,0.0006));
#2456=CARTESIAN_POINT('',(0.00701254786155953,-0.0108978466205315,0.0006));
#2457=CARTESIAN_POINT('',(0.0119499999999993,0.,0.0256));
#2458=CARTESIAN_POINT('',(0.0119499999999993,0.0100272405925679,0.0256));
#2459=CARTESIAN_POINT('',(0.0119499999999993,0.0100272405925679,0.0006));
#2460=CARTESIAN_POINT('',(0.0119499999999993,0.,0.0006));
#2461=CARTESIAN_POINT('',(0.00701254786155947,0.0108978466205315,0.0256));
#2462=CARTESIAN_POINT('',(0.00207509572311966,0.0117684526484952,0.0256));
#2463=CARTESIAN_POINT('',(0.00207509572311966,0.0117684526484952,0.0006));
#2464=CARTESIAN_POINT('',(0.00701254786155947,0.0108978466205315,0.0006));
#2465=CARTESIAN_POINT('',(2.84064121083094E-17,1.71737624121704E-16,0.0256));
#2466=CARTESIAN_POINT('',(-0.00207509572311966,0.0117684526484952,0.0256));
#2467=CARTESIAN_POINT('',(-0.00207509572311966,0.0117684526484952,0.0006));
#2468=CARTESIAN_POINT('',(2.84064121083094E-17,1.71737624121704E-16,0.0006));
#2469=CARTESIAN_POINT('',(0.006375,0.,0.0006));
#2470=CARTESIAN_POINT('',(0.00525,0.003,0.0006));
#2471=CARTESIAN_POINT('',(0.003,0.00525,0.0006));
#2472=CARTESIAN_POINT('',(-0.003,0.00525,0.0006));
#2473=CARTESIAN_POINT('',(-0.00525,0.003,0.0006));
#2474=CARTESIAN_POINT('',(-0.00525,-0.003,0.0006));
#2475=CARTESIAN_POINT('',(-0.00599082632030006,-0.003,0.0006));
#2476=CARTESIAN_POINT('',(0.,4.10256677714363E-19,0.0006));
#2477=CARTESIAN_POINT('',(-0.003,-0.00599082632030006,0.0006));
#2478=CARTESIAN_POINT('',(-0.003,-0.00525,0.0006));
#2479=CARTESIAN_POINT('',(0.003,-0.00525,0.0006));
#2480=CARTESIAN_POINT('',(0.00525,-0.003,0.0006));
#2481=CARTESIAN_POINT('',(-0.00701254786155947,0.0108978466205315,0.0006));
#2482=CARTESIAN_POINT('',(-0.0119499999999993,0.0100272405925679,0.0006));
#2483=CARTESIAN_POINT('',(-0.0119499999999993,0.,0.0006));
#2484=CARTESIAN_POINT('',(-0.0119499999999993,-0.0100272405925679,0.0006));
#2485=CARTESIAN_POINT('',(-0.00701254786155953,-0.0108978466205315,0.0006));
#2486=CARTESIAN_POINT('',(0.01275,0.0106985202975103,0.01075));
#2487=CARTESIAN_POINT('',(0.0168125,0.0106985202975103,0.0009375));
#2488=CARTESIAN_POINT('',(0.016375,0.0106985202975103,0.0005));
#2489=CARTESIAN_POINT('',(0.01775,0.0106985202975103,0.001875));
#2490=CARTESIAN_POINT('',(0.01275,0.0106985202975103,0.0005));
#2491=CARTESIAN_POINT('',(0.0168125,0.0106985202975103,0.0098125));
#2492=CARTESIAN_POINT('',(0.01775,0.0106985202975103,0.008875));
#2493=CARTESIAN_POINT('',(0.01775,0.0106985202975103,0.005375));
#2494=CARTESIAN_POINT('',(0.0168125,-0.0107005202975103,0.0009375));
#2495=CARTESIAN_POINT('',(0.0160214466094067,-0.0107005202975103,0.000146446609406724));
#2496=CARTESIAN_POINT('',(0.0160214466094067,0.0085520736881036,0.000146446609406724));
#2497=CARTESIAN_POINT('',(0.0160214466094067,0.010344966906917,0.000146446609406724));
#2498=CARTESIAN_POINT('',(0.0105833333333333,0.00490685363084366,-0.00529166666666667));
#2499=CARTESIAN_POINT('',(0.01775,-0.0107005202975103,0.001875));
#2500=CARTESIAN_POINT('',(0.01775,0.00819852029751033,0.001875));
#2501=CARTESIAN_POINT('',(0.0168125,0.00819852029751033,0.0009375));
#2502=CARTESIAN_POINT('',(0.016375,0.00819852029751033,0.0005));
#2503=CARTESIAN_POINT('',(0.016,0.00857352029751033,0.000125));
#2504=CARTESIAN_POINT('',(0.01775,-0.0107005202975103,0.005375));
#2505=CARTESIAN_POINT('',(0.01775,-0.0107005202975103,0.008875));
#2506=CARTESIAN_POINT('',(0.01775,0.00819852029751033,0.008875));
#2507=CARTESIAN_POINT('',(0.01775,0.00819852029751033,0.025));
#2508=CARTESIAN_POINT('',(0.0168125,-0.0107005202975103,0.0098125));
#2509=CARTESIAN_POINT('',(0.0168125,0.00819852029751033,0.0098125));
#2510=CARTESIAN_POINT('',(0.01275,-0.0106985202975103,0.01075));
#2511=CARTESIAN_POINT('',(0.015875,-0.0106985202975103,0.0005));
#2512=CARTESIAN_POINT('',(0.01525,0.00819852029751033,0.025));
#2513=CARTESIAN_POINT('',(0.01575,0.00819852029751033,0.005375));
#2514=CARTESIAN_POINT('',(0.01575,0.00819852029751033,0.006875));
#2515=CARTESIAN_POINT('',(0.01325,0.00819852029751033,0.025));
#2516=CARTESIAN_POINT('',(0.01325,0.00819852029751033,0.0005));
#2517=CARTESIAN_POINT('',(0.01525,0.00819852029751033,0.0005));
#2518=CARTESIAN_POINT('',(0.01525,-0.00819852029751033,0.025));
#2519=CARTESIAN_POINT('',(0.01575,-0.00819852029751033,0.005375));
#2520=CARTESIAN_POINT('',(0.01575,-0.00819852029751033,0.006875));
#2521=CARTESIAN_POINT('',(0.01325,-0.00819852029751033,0.0005));
#2522=CARTESIAN_POINT('',(0.01325,-0.00819852029751033,0.0005));
#2523=CARTESIAN_POINT('',(0.01325,-0.00819852029751033,0.01075));
#2524=CARTESIAN_POINT('',(0.01275,0.,0.025));
#2525=CARTESIAN_POINT('',(0.01275,-0.00769852029751033,0.));
#2526=CARTESIAN_POINT('',(0.01275,-0.00769852029751033,0.0005));
#2527=CARTESIAN_POINT('',(0.01275,0.00769852029751033,0.0005));
#2528=CARTESIAN_POINT('',(0.01275,0.00769852029751033,0.0005));
#2529=CARTESIAN_POINT('',(0.01275,0.00769852029751033,0.025));
#2530=CARTESIAN_POINT('',(0.01275,-0.00769852029751033,0.025));
#2531=CARTESIAN_POINT('',(0.01275,-0.00769852029751033,0.0005));
#2532=CARTESIAN_POINT('',(0.01325,0.00819852029751033,0.025));
#2533=CARTESIAN_POINT('',(0.01325,0.00819852029751033,0.0005));
#2534=CARTESIAN_POINT('',(0.01575,0.0107005202975103,0.005375));
#2535=CARTESIAN_POINT('',(-0.01775,-0.0107005202975103,0.005375));
#2536=CARTESIAN_POINT('',(-0.01775,-0.00819852029751033,0.025));
#2537=CARTESIAN_POINT('',(-0.01775,-0.00819852029751033,0.008875));
#2538=CARTESIAN_POINT('',(-0.01775,-0.00819852029751033,0.001875));
#2539=CARTESIAN_POINT('',(-0.01775,-0.0107005202975103,0.001875));
#2540=CARTESIAN_POINT('',(-0.01775,-0.0106985202975103,0.001875));
#2541=CARTESIAN_POINT('',(-0.01775,-0.0106985202975103,0.005375));
#2542=CARTESIAN_POINT('',(-0.01775,-0.0106985202975103,0.008875));
#2543=CARTESIAN_POINT('',(-0.01775,-0.0107005202975103,0.008875));
#2544=CARTESIAN_POINT('',(-0.0168125,-0.0107005202975103,0.0009375));
#2545=CARTESIAN_POINT('',(-0.0160214466094067,-0.0107005202975103,0.000146446609406724));
#2546=CARTESIAN_POINT('',(-0.0160214466094067,-0.0085520736881036,0.000146446609406724));
#2547=CARTESIAN_POINT('',(-0.0160214466094067,-0.010344966906917,0.000146446609406724));
#2548=CARTESIAN_POINT('',(-0.0105833333333333,-0.00490685363084366,-0.00529166666666667));
#2549=CARTESIAN_POINT('',(-0.016375,-0.0106985202975103,0.0005));
#2550=CARTESIAN_POINT('',(-0.0168125,-0.0106985202975103,0.0009375));
#2551=CARTESIAN_POINT('',(-0.0168125,-0.00819852029751033,0.0009375));
#2552=CARTESIAN_POINT('',(-0.016375,-0.00819852029751033,0.0005));
#2553=CARTESIAN_POINT('',(-0.016,-0.00857352029751033,0.000125));
#2554=CARTESIAN_POINT('',(-0.0168125,-0.0107005202975103,0.0098125));
#2555=CARTESIAN_POINT('',(-0.0168125,-0.00819852029751033,0.0098125));
#2556=CARTESIAN_POINT('',(-0.0168125,-0.0106985202975103,0.0098125));
#2557=CARTESIAN_POINT('',(-0.00748200713262668,0.011627409574208,0.01075));
#2558=CARTESIAN_POINT('',(-0.00748200713262668,0.011627409574208,0.0005));
#2559=CARTESIAN_POINT('',(-0.01275,0.0106985202975103,0.0005));
#2560=CARTESIAN_POINT('',(-0.01275,0.0106985202975103,0.01075));
#2561=CARTESIAN_POINT('',(-0.00748200713262668,-0.011627409574208,0.01075));
#2562=CARTESIAN_POINT('',(-0.01275,-0.0106985202975103,0.01075));
#2563=CARTESIAN_POINT('',(-0.01275,-0.0106985202975103,0.0005));
#2564=CARTESIAN_POINT('',(-0.00748200713262668,-0.011627409574208,0.0005));
#2565=CARTESIAN_POINT('',(-0.00701254786155953,-0.0108978466205315,0.0256));
#2566=CARTESIAN_POINT('',(-0.0119499999999993,-0.0100272405925679,0.0256));
#2567=CARTESIAN_POINT('',(-0.0119499999999993,0.,0.0256));
#2568=CARTESIAN_POINT('',(-0.0119499999999993,0.0100272405925679,0.0256));
#2569=CARTESIAN_POINT('',(-0.00701254786155947,0.0108978466205315,0.0256));
#2570=CARTESIAN_POINT('',(-0.01275,-0.0106985202975103,0.01075));
#2571=CARTESIAN_POINT('',(-0.01275,-0.0106985202975103,0.0005));
#2572=CARTESIAN_POINT('',(-0.0168125,-0.0107005202975103,0.0009375));
#2573=CARTESIAN_POINT('',(-0.0160214466094067,-0.0107005202975103,0.000146446609406724));
#2574=CARTESIAN_POINT('',(-0.0160214466094067,0.010344966906917,0.000146446609406724));
#2575=CARTESIAN_POINT('',(-0.0160214466094067,0.0085520736881036,0.000146446609406724));
#2576=CARTESIAN_POINT('',(-0.0105833333333333,0.013990186964177,-0.00529166666666667));
#2577=CARTESIAN_POINT('',(-0.016375,0.00819852029751033,0.0005));
#2578=CARTESIAN_POINT('',(-0.0168125,0.00819852029751033,0.0009375));
#2579=CARTESIAN_POINT('',(-0.01775,0.00819852029751033,0.001875));
#2580=CARTESIAN_POINT('',(-0.01775,-0.0107005202975103,0.001875));
#2581=CARTESIAN_POINT('',(-0.01775,0.0106985202975103,0.001875));
#2582=CARTESIAN_POINT('',(-0.0168125,0.0106985202975103,0.0009375));
#2583=CARTESIAN_POINT('',(-0.016375,0.0106985202975103,0.0005));
#2584=CARTESIAN_POINT('',(-0.0151666666666666,0.00949018696417699,-0.000708333333333335));
#2585=CARTESIAN_POINT('',(-0.01275,0.0106985202975103,0.01075));
#2586=CARTESIAN_POINT('',(-0.01275,0.0106985202975103,0.0005));
#2587=CARTESIAN_POINT('',(-0.01775,0.0106985202975103,0.005375));
#2588=CARTESIAN_POINT('',(-0.01775,0.0106985202975103,0.008875));
#2589=CARTESIAN_POINT('',(-0.0168125,0.0106985202975103,0.0098125));
#2590=CARTESIAN_POINT('',(-0.01775,-0.0107005202975103,0.005375));
#2591=CARTESIAN_POINT('',(-0.01775,-0.0107005202975103,0.008875));
#2592=CARTESIAN_POINT('',(-0.01775,0.00819852029751033,0.008875));
#2593=CARTESIAN_POINT('',(-0.01775,0.00819852029751033,0.025));
#2594=CARTESIAN_POINT('',(-0.0168125,-0.0107005202975103,0.0098125));
#2595=CARTESIAN_POINT('',(-0.0168125,0.00819852029751033,0.0098125));
#2596=CARTESIAN_POINT('',(-0.01525,0.00819852029751033,0.025));
#2597=CARTESIAN_POINT('',(-0.01575,0.00819852029751033,0.005375));
#2598=CARTESIAN_POINT('',(-0.01575,0.00819852029751033,0.006875));
#2599=CARTESIAN_POINT('',(-0.01525,0.00819852029751033,0.0005));
#2600=CARTESIAN_POINT('',(-0.01325,0.00819852029751033,0.0005));
#2601=CARTESIAN_POINT('',(-0.01325,0.00819852029751033,0.025));
#2602=CARTESIAN_POINT('',(-0.01525,-0.00819852029751033,0.025));
#2603=CARTESIAN_POINT('',(-0.01575,-0.00819852029751033,0.005375));
#2604=CARTESIAN_POINT('',(-0.01575,-0.00819852029751033,0.006875));
#2605=CARTESIAN_POINT('',(-0.01325,-0.00819852029751033,0.01075));
#2606=CARTESIAN_POINT('',(-0.01325,-0.00819852029751033,0.0005));
#2607=CARTESIAN_POINT('',(-0.015875,-0.00819852029751033,0.0005));
#2608=CARTESIAN_POINT('',(-0.01275,0.,0.025));
#2609=CARTESIAN_POINT('',(-0.01275,0.00769852029751033,0.025));
#2610=CARTESIAN_POINT('',(-0.01275,0.00769852029751033,0.0005));
#2611=CARTESIAN_POINT('',(-0.01275,-0.00769852029751033,0.0005));
#2612=CARTESIAN_POINT('',(-0.01275,-0.00769852029751033,0.0005));
#2613=CARTESIAN_POINT('',(-0.01275,-0.00769852029751033,0.));
#2614=CARTESIAN_POINT('',(-0.01275,-0.00769852029751033,0.025));
#2615=CARTESIAN_POINT('',(-0.01275,-0.00769852029751033,0.0005));
#2616=CARTESIAN_POINT('',(-0.01325,0.00819852029751033,0.025));
#2617=CARTESIAN_POINT('',(-0.01325,0.00819852029751033,0.0005));
#2618=CARTESIAN_POINT('',(-0.01575,0.0107005202975103,0.005375));
#2619=CARTESIAN_POINT('',(0.,4.10256677714363E-19,0.003));
#2620=CARTESIAN_POINT('',(-0.00599082632030006,-0.003,0.003));
#2621=CARTESIAN_POINT('',(-0.00599082632030006,-0.003,0.003));
#2622=CARTESIAN_POINT('',(0.,4.10256677714363E-19,0.003));
#2623=CARTESIAN_POINT('',(-0.003,-0.00599082632030006,0.003));
#2624=CARTESIAN_POINT('',(-0.003,-0.00599082632030006,0.003));
#2625=CARTESIAN_POINT('',(0.,3.60822483003176E-16,0.003));
#2626=CARTESIAN_POINT('',(-0.00525,-0.003,0.003));
#2627=CARTESIAN_POINT('',(-0.003,-0.00525,0.003));
#2628=CARTESIAN_POINT('',(-0.003,0.00525,0.000598));
#2629=CARTESIAN_POINT('',(0.003,0.00525,0.000598));
#2630=CARTESIAN_POINT('',(0.00525,0.003,0.000598));
#2631=CARTESIAN_POINT('',(0.00525,-0.003,0.000598));
#2632=CARTESIAN_POINT('',(0.003,-0.00525,0.000598));
#2633=CARTESIAN_POINT('',(-0.003,-0.00525,0.000598));
#2634=CARTESIAN_POINT('',(-0.00525,0.003,0.000598));
#2635=CARTESIAN_POINT('',(-0.00525,-0.003,0.000598));
#2636=CARTESIAN_POINT('',(3.09361121143789E-17,3.60822483003176E-16,0.0005));
#2637=CARTESIAN_POINT('',(-0.00221401426525336,0.0125562988509056,0.0005));
#2638=CARTESIAN_POINT('',(0.00212719017641989,0.0120638949743995,0.));
#2639=CARTESIAN_POINT('',(0.00748200713262668,0.011627409574208,0.0005));
#2640=CARTESIAN_POINT('',(0.0127703942790767,0.0109316279740338,0.000733107676523448));
#2641=CARTESIAN_POINT('',(-0.00211037225064377,0.0120668604284734,0.));
#2642=CARTESIAN_POINT('',(-0.01275,0.0106985202975103,0.0005));
#2643=CARTESIAN_POINT('',(0.,0.0101985202975103,0.));
#2644=CARTESIAN_POINT('',(0.00953121558010206,0.00765662519164436,-0.00254189510586597));
#2645=CARTESIAN_POINT('',(-0.01275,0.0106985202975103,0.0005));
#2646=CARTESIAN_POINT('',(-0.0138038515424026,0.00942640895431226,-0.000772111343198065));
#2647=CARTESIAN_POINT('',(0.0160214466094067,-0.0107005202975103,0.000146446609406726));
#2648=CARTESIAN_POINT('',(0.0156651536379162,0.0086996550690732,-1.13477156287465E-6));
#2649=CARTESIAN_POINT('',(-0.0156678932188134,9.83446507716243E-5,0.));
#2650=CARTESIAN_POINT('',(-0.0183201067930467,0.0075999374647529,0.00109858283275742));
#2651=CARTESIAN_POINT('',(0.01525,0.00819852029751033,0.0005));
#2652=CARTESIAN_POINT('',(0.0134080171471185,0.00781703315784924,0.000881487139661094));
#2653=CARTESIAN_POINT('',(0.,0.00869852029751033,0.));
#2654=CARTESIAN_POINT('',(-0.01325,0.00819852029751033,0.0005));
#2655=CARTESIAN_POINT('',(0.00222135878603746,-0.00212301413526581,0.));
#2656=CARTESIAN_POINT('',(0.00954475253724613,0.00902617726734491,-0.00270524746275387));
#2657=CARTESIAN_POINT('',(-0.01325,0.00819852029751033,0.0005));
#2658=CARTESIAN_POINT('',(-0.01421844324396,0.00709027119028696,0.00196844324396002));
#2659=CARTESIAN_POINT('',(0.01225,9.83446507716243E-5,0.));
#2660=CARTESIAN_POINT('',(0.0137767061405016,-0.00727324468954284,0.00152670614050158));
#2661=CARTESIAN_POINT('',(-0.01275,0.,0.0005));
#2662=CARTESIAN_POINT('',(-0.01275,-0.00769852029751033,0.0005));
#2663=CARTESIAN_POINT('',(0.00212301413526584,0.00222135878603743,0.));
#2664=CARTESIAN_POINT('',(0.0142630258674964,-0.00575285950916567,0.00294566078834465));
#2665=CARTESIAN_POINT('',(-0.01275,-0.00769852029751033,0.0005));
#2666=CARTESIAN_POINT('',(-0.0134080171471185,-0.00781703315784923,0.000881487139661096));
#2667=CARTESIAN_POINT('',(0.,-0.00869852029751033,0.));
#2668=CARTESIAN_POINT('',(0.0153588858089021,-0.00882651535756941,-0.000127995060059079));
#2669=CARTESIAN_POINT('',(-0.01525,-0.00819852029751033,0.0005));
#2670=CARTESIAN_POINT('',(-0.0156651536379162,-0.0086996550690732,-1.13477156287454E-6));
#2671=CARTESIAN_POINT('',(0.0160214466094067,-0.0107005202975103,0.000146446609406726));
#2672=CARTESIAN_POINT('',(0.0138038515424026,-0.00942640895431226,-0.000772111343198065));
#2673=CARTESIAN_POINT('',(-0.0156678932188134,9.83446507716243E-5,0.));
#2674=CARTESIAN_POINT('',(-0.0124924365642467,-0.00888320308446087,-0.00131531721304946));
#2675=CARTESIAN_POINT('',(0.01275,-0.0106985202975103,0.0005));
#2676=CARTESIAN_POINT('',(0.01275,-0.0106985202975103,0.0005));
#2677=CARTESIAN_POINT('',(0.,-0.0101985202975103,0.));
#2678=CARTESIAN_POINT('',(-0.0127703942790767,-0.0109316279740338,0.00073310767652346));
#2679=CARTESIAN_POINT('',(0.002144008102196,-0.0120609295203257,0.));
#2680=CARTESIAN_POINT('',(0.00212719017641989,-0.0120638949743995,0.));
#2681=CARTESIAN_POINT('',(-0.00748200713262668,-0.011627409574208,0.0005));
#2682=CARTESIAN_POINT('',(-0.00221401426525336,-0.0125562988509057,0.0005));
#2683=CARTESIAN_POINT('',(3.09361121143789E-17,-3.60822483003176E-16,0.));
#2684=MECHANICAL_DESIGN_GEOMETRIC_PRESENTATION_REPRESENTATION('',(#1649),
#2685);
#2685=(
GEOMETRIC_REPRESENTATION_CONTEXT(3)
GLOBAL_UNCERTAINTY_ASSIGNED_CONTEXT((#2686))
GLOBAL_UNIT_ASSIGNED_CONTEXT((#2689,#2688,#2687))
REPRESENTATION_CONTEXT('Part 1','TOP_LEVEL_ASSEMBLY_PART')
);
#2686=UNCERTAINTY_MEASURE_WITH_UNIT(LENGTH_MEASURE(1.E-8),#2689,
'DISTANCE_ACCURACY_VALUE','Maximum Tolerance applied to model');
#2687=(
NAMED_UNIT(*)
SI_UNIT($,.STERADIAN.)
SOLID_ANGLE_UNIT()
);
#2688=(
NAMED_UNIT(*)
PLANE_ANGLE_UNIT()
SI_UNIT($,.RADIAN.)
);
#2689=(
LENGTH_UNIT()
NAMED_UNIT(*)
SI_UNIT($,.METRE.)
);
#2690=PRODUCT_DEFINITION_SHAPE('','',#2691);
#2691=PRODUCT_DEFINITION('','',#2693,#2692);
#2692=PRODUCT_DEFINITION_CONTEXT('',#2699,'design');
#2693=PRODUCT_DEFINITION_FORMATION_WITH_SPECIFIED_SOURCE('','',#2695,
 .NOT_KNOWN.);
#2694=PRODUCT_RELATED_PRODUCT_CATEGORY('','',(#2695));
#2695=PRODUCT('Part 1','Part 1','Part 1',(#2697));
#2696=PRODUCT_CATEGORY('','');
#2697=PRODUCT_CONTEXT('',#2699,'mechanical');
#2698=APPLICATION_PROTOCOL_DEFINITION('international standard',
'ap242_managed_model_based_3d_engineering',2020,#2699);
#2699=APPLICATION_CONTEXT('managed model based 3d engineering');
ENDSEC;
END-ISO-10303-21;
