;FLAVOR:UltiGCode
;TIME:743
;MATERIAL:1699
;MATERIAL2:0
;NOZZLE_DIAMETER:0.8
;MINX:93.131
;MINY:36.407
;MINZ:0.3
;MAXX:129.872
;MAXY:97.889
;MAXZ:10.8
;TARGET_MACHINE.NAME:Ultimaker 2 Extended with Olsson
;Generated with Cura_SteamEngine 5.13.0
G0 F3000 Y50 ;avoid prime blob
M82 ;absolute extrusion mode
G92 E0
G92 E0
G10
;LAYER_COUNT:71
;LAYER:0
M107
G0 F7200 X95.053 Y45.537 Z0.3
;TYPE:SKIRT
G11
G1 F900 X95.665 Y44.623 E0.26399
G1 X96.151 Y44.029 E0.44819
G1 X96.94 Y43.278 E0.70962
G1 X97.989 Y42.485 E1.02522
G1 X104.752 Y37.568 E3.03198
G1 X105.298 Y37.183 E3.19232
G1 X105.852 Y36.852 E3.34721
G1 X106.453 Y36.612 E3.50252
G1 X107.236 Y36.429 E3.69551
G1 X108.559 Y36.407 E4.01307
G1 X114.966 Y36.407 E5.55075
G1 X115.727 Y36.42 E5.73342
G1 X116.303 Y36.473 E5.87224
G1 X116.928 Y36.629 E6.02684
G1 X117.679 Y36.945 E6.22239
G1 X118.71 Y37.666 E6.52433
G1 X125.767 Y42.797 E8.61837
G1 X126.405 Y43.279 E8.81028
G1 X126.894 Y43.709 E8.96656
G1 X127.688 Y44.632 E9.25876
G1 X128.395 Y45.765 E9.57928
G1 X128.886 Y46.984 E9.89468
G1 X129.076 Y47.856 E10.10887
G1 X129.221 Y48.809 E10.34022
G1 X129.226 Y49.637 E10.53895
G1 X129.164 Y50.514 E10.74995
G1 X129.007 Y51.765 E11.05255
G1 X128.698 Y54.529 E11.72004
G1 X128.478 Y57.179 E12.35823
G1 X128.329 Y59.916 E13.01608
G1 X128.257 Y62.638 E13.66959
G1 X128.263 Y65.333 E14.31639
G1 X128.344 Y68.019 E14.96132
G1 X128.504 Y70.753 E15.61861
G1 X128.738 Y73.44 E16.26593
G1 X129.048 Y76.124 E16.91437
G1 X129.62 Y79.922 E17.83617
G1 X129.818 Y81.102 E18.12333
G1 X129.872 Y81.766 E18.28322
G1 X129.864 Y82.447 E18.44667
G1 X129.822 Y83.101 E18.60395
G1 X129.627 Y84.248 E18.88318
G1 X129.234 Y85.408 E19.17712
G1 X128.987 Y85.984 E19.32754
G1 X128.384 Y87.036 E19.61855
G1 X127.558 Y88.062 E19.93468
G1 X126.646 Y88.91 E20.23355
G1 X126.053 Y89.358 E20.41192
G1 X117 Y95.937 E23.09778
G1 X116.311 Y96.418 E23.29945
G1 X115.779 Y96.739 E23.44857
G1 X115.003 Y97.144 E23.65865
G1 X114.195 Y97.452 E23.86618
G1 X113.216 Y97.704 E24.1088
G1 X112.528 Y97.807 E24.27576
G1 X111.336 Y97.889 E24.56252
G1 X109.979 Y97.747 E24.88998
G1 X109.091 Y97.527 E25.10954
G1 X108.6 Y97.367 E25.23348
G1 X107.487 Y96.9 E25.52316
G1 X106.779 Y96.499 E25.71844
G1 X97.07 Y89.446 E28.59853
G1 X96.27 Y88.846 E28.83853
G1 X95.69 Y88.308 E29.0284
G1 X95.263 Y87.854 E29.17798
G1 X94.805 Y87.294 E29.35161
G1 X94.383 Y86.651 E29.53619
G1 X93.91 Y85.749 E29.78063
G1 X93.648 Y85.098 E29.94905
G1 X93.362 Y84.197 E30.17592
G1 X93.187 Y83.367 E30.3795
G1 X93.14 Y82.402 E30.61138
G1 X93.131 Y81.771 E30.76283
G1 X93.178 Y81.123 E30.91876
G1 X93.347 Y80.099 E31.16784
G1 X93.508 Y79.256 E31.37382
G1 X93.931 Y76.631 E32.01195
G1 X94.281 Y73.992 E32.65085
G1 X94.569 Y71.226 E33.31828
G1 X94.771 Y68.551 E33.96211
G1 X94.898 Y65.854 E34.61011
G1 X94.949 Y63.147 E35.2599
G1 X94.923 Y60.432 E35.91153
G1 X94.821 Y57.734 E36.55952
G1 X94.641 Y55.003 E37.21638
G1 X94.388 Y52.342 E37.8579
G1 X94.118 Y50.029 E38.41679
G1 X94.097 Y48.874 E38.69403
G1 X94.212 Y47.951 E38.91727
G1 X94.502 Y46.773 E39.20843
G1 X95.053 Y45.537 E39.53321
G0 F7200 X95.755 Y45.926
G1 F900 X96.33 Y45.068 E39.78109
G1 X96.706 Y44.605 E39.92424
G1 X97.422 Y43.916 E40.16272
G1 X98.459 Y43.132 E40.47472
G1 X105.213 Y38.222 E42.47875
G1 X105.759 Y37.837 E42.63909
G1 X106.208 Y37.571 E42.76435
G1 X106.692 Y37.378 E42.8894
G1 X107.334 Y37.228 E43.04763
G1 X108.573 Y37.207 E43.34503
G1 X114.955 Y37.207 E44.87671
G1 X115.653 Y37.217 E45.04425
G1 X116.172 Y37.265 E45.16934
G1 X116.677 Y37.391 E45.29426
G1 X117.288 Y37.648 E45.45334
G1 X118.24 Y38.313 E45.73204
G1 X125.287 Y43.437 E47.82315
G1 X125.877 Y43.88 E48.00022
G1 X126.321 Y44.27 E48.14206
G1 X127.044 Y45.111 E48.40823
G1 X127.679 Y46.129 E48.69618
G1 X128.12 Y47.223 E48.97927
G1 X128.285 Y47.976 E49.16428
G1 X128.421 Y48.872 E49.38179
G1 X128.428 Y49.581 E49.55195
G1 X128.37 Y50.414 E49.75236
G1 X128.213 Y51.665 E50.05495
G1 X127.903 Y54.44 E50.7251
G1 X127.679 Y57.136 E51.37436
G1 X127.53 Y59.873 E52.03222
G1 X127.457 Y62.617 E52.69101
G1 X127.463 Y65.357 E53.34861
G1 X127.545 Y68.066 E53.99907
G1 X127.705 Y70.8 E54.65635
G1 X127.943 Y73.532 E55.31452
G1 X128.253 Y76.218 E55.96344
G1 X128.831 Y80.056 E56.89494
G1 X129.021 Y81.171 E57.1664
G1 X129.072 Y81.757 E57.30757
G1 X129.065 Y82.402 E57.46238
G1 X129.033 Y82.967 E57.5982
G1 X128.849 Y84.051 E57.86208
G1 X128.476 Y85.151 E58.14084
G1 X128.253 Y85.666 E58.27553
G1 X127.722 Y86.582 E58.52964
G1 X126.971 Y87.515 E58.81709
G1 X126.163 Y88.272 E59.08282
G1 X125.583 Y88.711 E59.2574
G1 X116.54 Y95.282 E61.94018
G1 X115.896 Y95.734 E62.12901
G1 X115.405 Y96.032 E62.26686
G1 X114.714 Y96.398 E62.45453
G1 X113.992 Y96.678 E62.64038
G1 X113.094 Y96.913 E62.86316
G1 X112.473 Y97.009 E63.01397
G1 X111.353 Y97.086 E63.2834
G1 X110.114 Y96.956 E63.58239
G1 X109.339 Y96.766 E63.7739
G1 X108.848 Y96.606 E63.89784
G1 X107.876 Y96.201 E64.15056
G1 X107.249 Y95.852 E64.32278
G1 X97.547 Y88.804 E67.20081
G1 X96.813 Y88.259 E67.42022
G1 X96.271 Y87.758 E67.59736
G1 X95.879 Y87.344 E67.7342
G1 X95.471 Y86.851 E67.88778
G1 X95.091 Y86.279 E68.05259
G1 X94.618 Y85.377 E68.29703
G1 X94.411 Y84.856 E68.43158
G1 X94.125 Y83.955 E68.65845
G1 X93.983 Y83.262 E68.82823
G1 X93.94 Y82.386 E69.03872
G1 X93.929 Y81.824 E69.17363
G1 X93.967 Y81.253 E69.31097
G1 X94.133 Y80.249 E69.5552
G1 X94.294 Y79.406 E69.76118
G1 X94.721 Y76.758 E70.40491
G1 X95.077 Y74.075 E71.05447
G1 X95.365 Y71.309 E71.7219
G1 X95.569 Y68.611 E72.37127
G1 X95.698 Y65.872 E73.02936
G1 X95.749 Y63.162 E73.67987
G1 X95.723 Y60.424 E74.33702
G1 X95.619 Y57.681 E74.99582
G1 X95.439 Y54.95 E75.65268
G1 X95.183 Y52.249 E76.30382
G1 X94.913 Y49.936 E76.86271
G1 X94.898 Y48.912 E77.1085
G1 X94.989 Y48.142 E77.29458
G1 X95.262 Y47.033 E77.56869
G1 X95.755 Y45.926 E77.85953
G10
;MESH:LED-charm-top_N0.8_v12.stl
G0 F7200 X101.612 Y62.508
G0 X102.171 Y63.46
G0 X103.488 Y64.574
G0 X105.235 Y65.144
G0 X117.871 Y65.144
G0 X119.407 Y64.779
G0 X118.971 Y63.571
;TYPE:WALL-OUTER
G11
G1 F900 X119.434 Y63.306 E78.00036
G1 X119.853 Y62.955 E78.14466
G1 X120.285 Y62.448 E78.32051
G1 X120.591 Y61.807 E78.50803
G1 X124.443 Y49.958 E81.79731
G1 X124.478 Y49.251 E81.98419
G1 X124.344 Y48.42 E82.2064
G1 X124.149 Y47.938 E82.34367
G1 X123.861 Y47.472 E82.48829
G1 X123.433 Y46.986 E82.65926
G1 X115.429 Y41.164 E85.27219
G1 X107.895 Y41.164 E87.26116
G1 X100.032 Y46.882 E89.82784
G1 X99.538 Y47.373 E90.01172
G1 X99.239 Y47.812 E90.15194
G1 X99.016 Y48.313 E90.29672
G1 X98.849 Y48.965 E90.4744
G1 X98.856 Y49.648 E90.65472
G1 X98.957 Y50.189 E90.80001
G1 X102.788 Y61.975 E94.07176
G1 X103.191 Y62.668 E94.2834
G1 X103.665 Y63.135 E94.45907
G1 X104.113 Y63.448 E94.60335
G1 X104.736 Y63.717 E94.7825
G1 X105.376 Y63.859 E94.95557
G1 X117.773 Y63.86 E98.22837
G1 X118.468 Y63.754 E98.41398
G1 X118.971 Y63.571 E98.55528
G0 F7200 X119.318 Y63.373
G0 X118.27 Y62.975
;TYPE:WALL-INNER
G1 F900 X118.974 Y62.647 E98.73236
G1 X119.608 Y62.008 E98.9376
G1 X119.846 Y61.509 E99.06365
G1 X123.649 Y49.812 E101.86798
G1 X123.675 Y49.295 E101.986
G1 X123.569 Y48.636 E102.13819
G1 X123.107 Y47.738 E102.36844
G1 X115.169 Y41.964 E104.60645
G1 X108.155 Y41.964 E106.20564
G1 X100.552 Y47.493 E108.34903
G1 X100.156 Y47.887 E108.4764
G1 X99.647 Y48.806 E108.71592
G1 X99.657 Y49.753 E108.93185
G1 X103.522 Y61.646 E111.78305
G1 X103.829 Y62.173 E111.92211
G1 X104.505 Y62.746 E112.12415
G1 X105.231 Y63.059 E112.30441
G1 X117.713 Y63.06 E115.15031
G1 X118.27 Y62.975 E115.27877
G0 F7200 X117.954 Y62.42
;TYPE:SKIN
G1 F900 X118.602 Y62.115 E115.4339
G1 X119.153 Y61.561 E115.60314
G1 X123.065 Y49.54 E118.3413
G1 X122.947 Y48.815 E118.5004
G1 X122.615 Y48.172 E118.65714
G1 X114.957 Y42.604 E120.70796
G1 X108.363 Y42.604 E122.13622
G1 X100.736 Y48.147 E124.17843
G1 X100.282 Y48.975 E124.38296
G1 X100.359 Y49.851 E124.57344
G1 X104.108 Y61.379 E127.19912
G1 X104.336 Y61.771 E127.29735
G1 X104.815 Y62.179 E127.43363
G1 X105.544 Y62.416 E127.59967
G1 X117.954 Y62.42 E130.28768
G10
G0 F7200 X117.871 Y65.144
G0 X105.235 Y65.144
G0 X103.488 Y64.574
G0 X102.171 Y63.46
G0 X101.089 Y60.901
G0 X104.059 Y59.935
G11
G1 F900 X106.14 Y62.016 E130.92513
G0 F7200 X107.271 Y62.016
G1 F900 X103.513 Y58.258 E132.07627
G1 X103.372 Y58.117
G0 F7200 X102.967 Y56.581
G1 F900 X108.403 Y62.017 E133.74142
G0 F7200 X109.534 Y62.017
G1 F900 X102.422 Y54.905 E135.91996
G1 X102.281 Y54.764
G0 F7200 X101.877 Y53.228
G1 F900 X110.666 Y62.018 E138.61235
G0 F7200 X111.799 Y62.018
G1 F900 X101.332 Y51.552 E141.81843
G1 X101.191 Y51.411
G0 F7200 X100.787 Y49.875
G1 F900 X112.93 Y62.018 E145.53806
G0 F7200 X114.062 Y62.019
G1 F900 X100.837 Y48.794 E149.58912
G0 F7200 X101.362 Y48.188
G1 F900 X115.193 Y62.019 E153.82581
G0 F7200 X116.325 Y62.02
G1 F900 X102.017 Y47.711 E158.20878
G0 F7200 X102.673 Y47.235
G1 F900 X117.457 Y62.02 E162.73754
G0 F7200 X118.356 Y61.788
G1 F900 X103.328 Y46.76 E167.3409
G0 F7200 X103.983 Y46.283
G1 F900 X118.863 Y61.163 E171.89892
G0 F7200 X119.14 Y60.309
G1 F900 X104.638 Y45.807 E176.34116
G0 F7200 X105.293 Y45.33
G1 F900 X119.418 Y59.456 E180.66806
G0 F7200 X119.696 Y58.602
G1 F900 X105.949 Y44.855 E184.87902
G0 F7200 X106.603 Y44.378
G1 F900 X119.974 Y57.749 E188.97481
G0 F7200 X120.252 Y56.895
G1 F900 X107.259 Y43.902 E192.95481
G0 F7200 X107.914 Y43.426
G1 F900 X120.53 Y56.042 E196.81932
G0 F7200 X120.807 Y55.188
G1 F900 X108.624 Y43.004 E200.55136
G0 F7200 X109.755 Y43.004
G1 F900 X121.085 Y54.334 E204.02195
G0 F7200 X121.363 Y53.481
G1 F900 X110.886 Y43.004 E207.23125
G0 F7200 X112.018 Y43.004
G1 F900 X121.641 Y52.627 E210.17895
G0 F7200 X121.919 Y51.774
G1 F900 X113.149 Y43.004 E212.86537
G0 F7200 X114.28 Y43.004
G1 F900 X122.197 Y50.92 E215.29034
G0 F7200 X122.474 Y50.067
G1 F900 X116.967 Y44.56 E216.97724
G1 X116.826 Y44.419
G10
G0 F7200 X121.112 Y47.573
G11
G1 F900 X122.579 Y49.04 E217.4266
G1 X122.72 Y49.181
G10
;MESH:LED-charm-base_N0.8_v12.stl
G0 F7200 X125.763 Y49.347
G0 X126.149 Y82.444
G0 X125.837 Y83.916
G0 X125.356 Y84.865
G0 X124.203 Y86.1
G0 X113.979 Y93.529
G0 X112.887 Y93.973
G0 X112.403 Y92.781
;TYPE:WALL-OUTER
G11
G1 F900 X113.348 Y92.399 E217.6957
G1 X123.404 Y85.092 E220.97733
G1 X123.832 Y84.711 E221.1286
G1 X124.265 Y84.17 E221.31154
G1 X124.637 Y83.437 E221.52855
G1 X124.864 Y82.635 E221.74859
G1 X124.864 Y81.798 E221.96956
G1 X124.743 Y81.172 E222.13788
G1 X120.91 Y69.373 E225.41306
G1 X120.633 Y68.849 E225.56954
G1 X120.229 Y68.268 E225.75636
G1 X119.669 Y67.794 E225.95005
G1 X119.116 Y67.459 E226.12074
G1 X118.588 Y67.246 E226.27105
G1 X117.664 Y67.076 E226.51908
G1 X105.346 Y67.08 E229.77103
G1 X104.716 Y67.149 E229.93834
G1 X103.905 Y67.426 E230.16459
G1 X103.1 Y67.975 E230.42183
G1 X102.647 Y68.42 E230.58947
G1 X102.233 Y69.089 E230.79717
G1 X101.996 Y69.652 E230.95843
G1 X98.195 Y81.369 E234.21041
G1 X98.111 Y82.298 E234.45667
G1 X98.244 Y83.134 E234.68015
G1 X98.52 Y83.802 E234.87096
G1 X98.863 Y84.392 E235.05113
G1 X99.524 Y85.041 E235.29569
G1 X109.567 Y92.336 E238.57268
G1 X110.515 Y92.765 E238.84738
G1 X111.463 Y92.892 E239.09989
G1 X112.403 Y92.781 E239.34978
G0 F7200 X112.773 Y92.632
G0 X112.203 Y91.999
;TYPE:WALL-INNER
G1 F900 X112.958 Y91.694 E239.53543
G1 X123.141 Y84.294 E242.40546
G1 X123.589 Y83.734 E242.56897
G1 X124.007 Y82.912 E242.77922
G1 X124.064 Y81.874 E243.01624
G1 X123.967 Y81.372 E243.13282
G1 X120.107 Y69.491 E245.98106
G1 X119.632 Y68.811 E246.17018
G1 X119.201 Y68.446 E246.29895
G1 X118.538 Y68.045 E246.47562
G1 X117.617 Y67.876 E246.68911
G1 X105.39 Y67.88 E249.47687
G1 X104.89 Y67.935 E249.59156
G1 X104.266 Y68.148 E249.74189
G1 X103.385 Y68.748 E249.98491
G1 X102.946 Y69.457 E250.17505
G1 X102.746 Y69.931 E250.29234
G1 X98.984 Y81.53 E253.07254
G1 X98.917 Y82.271 E253.24217
G1 X99.02 Y82.916 E253.3911
G1 X99.239 Y83.446 E253.52185
G1 X99.501 Y83.897 E253.64077
G1 X100.042 Y84.429 E253.81376
G1 X109.971 Y91.641 E256.61174
G1 X110.741 Y91.989 E256.8044
G1 X111.469 Y92.086 E256.97185
G1 X112.203 Y91.999 E257.14037
G0 F7200 X112.039 Y91.373
;TYPE:SKIN
G1 F900 X112.64 Y91.128 E257.28095
G1 X122.493 Y83.97 E259.91884
G1 X123.049 Y83.376 E260.09507
G1 X123.377 Y82.73 E260.25199
G1 X123.428 Y81.785 E260.45698
G1 X119.582 Y69.945 E263.15343
G1 X119.054 Y69.086 E263.37183
G1 X118.134 Y68.62 E263.5952
G1 X117.575 Y68.517 E263.71832
G1 X105.158 Y68.52 E266.40784
G1 X104.552 Y68.726 E266.54648
G1 X103.856 Y69.199 E266.72875
G1 X103.43 Y69.886 E266.90384
G1 X99.615 Y81.653 E269.58318
G1 X99.538 Y82.527 E269.77322
G1 X100.013 Y83.502 E270.00814
G1 X100.459 Y83.937 E270.14308
G1 X110.295 Y91.08 E272.77608
G1 X110.817 Y91.319 E272.90043
G1 X111.477 Y91.439 E273.04573
G1 X112.039 Y91.373 E273.1683
G10
G0 F7200 X112.354 Y94.08
G0 X110.537 Y94.067
G0 X108.918 Y93.453
G0 X98.69 Y86.024
G0 X97.845 Y85.191
G0 X97.002 Y83.482
G0 X96.838 Y82.455
G0 X99.995 Y81.893
G11
G1 F900 X104.425 Y86.323 E274.52529
G1 X104.566 Y86.464
G0 F7200 X108.556 Y89.323
G1 F900 X100.243 Y81.01 E277.07172
G0 F7200 X100.52 Y80.156
G1 F900 X111.379 Y91.015 E280.39803
G0 F7200 X112.321 Y90.825
G1 F900 X100.797 Y79.301 E283.92805
G0 F7200 X101.074 Y78.446
G1 F900 X112.999 Y90.372 E287.58105
G0 F7200 X113.655 Y89.896
G1 F900 X101.351 Y77.592 E291.34999
G0 F7200 X101.628 Y76.738
G1 F900 X114.309 Y89.419 E295.23442
G0 F7200 X114.965 Y88.943
G1 F900 X101.905 Y75.884 E299.23479
G0 F7200 X102.182 Y75.029
G1 F900 X115.62 Y88.468 E303.35125
G0 F7200 X116.276 Y87.992
G1 F900 X102.459 Y74.175 E307.58366
G0 F7200 X102.736 Y73.321
G1 F900 X116.931 Y87.515 E311.9317
G0 F7200 X117.586 Y87.039
G1 F900 X103.013 Y72.466 E316.39568
G0 F7200 X103.291 Y71.612
G1 F900 X118.242 Y86.563 E320.97545
G0 F7200 X118.897 Y86.087
G1 F900 X103.567 Y70.757 E325.67132
G0 F7200 X103.872 Y69.931
G1 F900 X119.552 Y85.611 E330.47439
G0 F7200 X120.207 Y85.135
G1 F900 X104.392 Y69.319 E335.31897
G0 F7200 X105.15 Y68.946
G1 F900 X120.863 Y84.659 E340.13216
G0 F7200 X121.518 Y84.182
G1 F900 X106.255 Y68.92 E344.80735
G0 F7200 X107.386 Y68.92
G1 F900 X122.173 Y83.707 E349.33688
G0 F7200 X122.726 Y83.128
G1 F900 X108.517 Y68.919 E353.68936
G0 F7200 X109.648 Y68.919
G1 F900 X123.001 Y82.271 E357.77948
G0 F7200 X122.7 Y80.839
G1 F900 X110.78 Y68.919 E361.4308
G0 F7200 X111.91 Y68.918
G1 F900 X122.156 Y79.163 E364.56919
G1 X122.297 Y79.304
G0 F7200 X121.611 Y77.488
G1 F900 X113.042 Y68.918 E367.19419
G0 F7200 X114.173 Y68.918
G1 F900 X121.067 Y75.812 E369.30595
G1 X121.208 Y75.953
G0 F7200 X120.523 Y74.137
G1 F900 X115.304 Y68.917 E370.90478
G0 F7200 X116.435 Y68.917
G1 F900 X119.978 Y72.461 E371.99022
G1 X120.119 Y72.602
G0 F7200 X119.434 Y70.785
G1 F900 X117.572 Y68.923 E372.56058
G1 X117.431 Y68.782
G10
;MESH:NONMESH
G0 F600 Z0.45
G0 F7200 X117.429 Y65.795
G0 X105.235 Y65.144
G0 X103.488 Y64.574
G0 X102.171 Y63.46
G0 X95.755 Y45.926
;TIME_ELAPSED:118.920008
;LAYER:1
M106 S255
;TYPE:SKIRT
G11
G1 F900 X96.33 Y45.068 E372.68453
G1 X96.706 Y44.605 E372.7561
G1 X97.422 Y43.916 E372.87534
G1 X98.459 Y43.132 E373.03134
G1 X105.213 Y38.222 E374.03336
G1 X105.759 Y37.837 E374.11353
G1 X106.208 Y37.571 E374.17615
G1 X106.692 Y37.378 E374.23868
G1 X107.334 Y37.228 E374.31779
G1 X108.573 Y37.207 E374.4665
G1 X114.955 Y37.207 E375.23234
G1 X115.653 Y37.217 E375.3161
G1 X116.172 Y37.265 E375.37865
G1 X116.677 Y37.391 E375.44111
G1 X117.288 Y37.648 E375.52065
G1 X118.24 Y38.313 E375.66
G1 X125.287 Y43.437 E376.70556
G1 X125.877 Y43.88 E376.79409
G1 X126.321 Y44.27 E376.86501
G1 X127.044 Y45.111 E376.99809
G1 X127.679 Y46.129 E377.14207
G1 X128.12 Y47.223 E377.28362
G1 X128.285 Y47.976 E377.37612
G1 X128.421 Y48.872 E377.48487
G1 X128.428 Y49.581 E377.56996
G1 X128.37 Y50.414 E377.67016
G1 X128.213 Y51.665 E377.82146
G1 X127.903 Y54.44 E378.15653
G1 X127.679 Y57.136 E378.48116
G1 X127.53 Y59.873 E378.81009
G1 X127.457 Y62.617 E379.13949
G1 X127.463 Y65.357 E379.46829
G1 X127.545 Y68.066 E379.79351
G1 X127.705 Y70.8 E380.12216
G1 X127.943 Y73.532 E380.45124
G1 X128.253 Y76.218 E380.7757
G1 X128.831 Y80.056 E381.24145
G1 X129.021 Y81.171 E381.37718
G1 X129.072 Y81.757 E381.44777
G1 X129.065 Y82.402 E381.52517
G1 X129.033 Y82.967 E381.59308
G1 X128.849 Y84.051 E381.72502
G1 X128.476 Y85.151 E381.8644
G1 X128.253 Y85.666 E381.93175
G1 X127.722 Y86.582 E382.0588
G1 X126.971 Y87.515 E382.20252
G1 X126.163 Y88.272 E382.33539
G1 X125.583 Y88.711 E382.42268
G1 X116.54 Y95.282 E383.76407
G1 X115.896 Y95.734 E383.85849
G1 X115.405 Y96.032 E383.92741
G1 X114.714 Y96.398 E384.02124
G1 X113.992 Y96.678 E384.11417
G1 X113.094 Y96.913 E384.22556
G1 X112.473 Y97.009 E384.30096
G1 X111.353 Y97.086 E384.43568
G1 X110.114 Y96.956 E384.58518
G1 X109.339 Y96.766 E384.68093
G1 X108.848 Y96.606 E384.7429
G1 X107.876 Y96.201 E384.86926
G1 X107.249 Y95.852 E384.95537
G1 X97.547 Y88.804 E386.39439
G1 X96.813 Y88.259 E386.50409
G1 X96.271 Y87.758 E386.59266
G1 X95.879 Y87.344 E386.66108
G1 X95.471 Y86.851 E386.73787
G1 X95.091 Y86.279 E386.82028
G1 X94.618 Y85.377 E386.9425
G1 X94.411 Y84.856 E387.00977
G1 X94.125 Y83.955 E387.12321
G1 X93.983 Y83.262 E387.20809
G1 X93.94 Y82.386 E387.31334
G1 X93.929 Y81.824 E387.38079
G1 X93.967 Y81.253 E387.44946
G1 X94.133 Y80.249 E387.57158
G1 X94.294 Y79.406 E387.67457
G1 X94.721 Y76.758 E387.99643
G1 X95.077 Y74.075 E388.32122
G1 X95.365 Y71.309 E388.65493
G1 X95.569 Y68.611 E388.97961
G1 X95.698 Y65.872 E389.30866
G1 X95.749 Y63.162 E389.63392
G1 X95.723 Y60.424 E389.96249
G1 X95.619 Y57.681 E390.29189
G1 X95.439 Y54.95 E390.62032
G1 X95.183 Y52.249 E390.94589
G1 X94.913 Y49.936 E391.22534
G1 X94.898 Y48.912 E391.34823
G1 X94.989 Y48.142 E391.44127
G1 X95.262 Y47.033 E391.57832
G1 X95.755 Y45.926 E391.72374
G10
;MESH:LED-charm-top_N0.8_v12.stl
G0 F7200 X97.912 Y47.243
G0 X118.509 Y63.906
;TYPE:WALL-OUTER
G11
G1 F1350 X119.036 Y63.718 E391.79089
G1 X119.522 Y63.442 E391.85795
G1 X119.965 Y63.07 E391.92737
G1 X120.425 Y62.532 E392.01231
G1 X120.739 Y61.868 E392.10045
G1 X124.599 Y49.985 E393.59976
G1 X124.642 Y49.238 E393.68955
G1 X124.5 Y48.381 E393.79379
G1 X124.293 Y47.866 E393.86039
G1 X123.989 Y47.376 E393.92959
G1 X123.541 Y46.866 E394.01105
G1 X115.481 Y41.004 E395.207
G1 X107.843 Y41.004 E396.12356
G1 X99.936 Y46.759 E397.29712
G1 X99.405 Y47.278 E397.38622
G1 X99.099 Y47.732 E397.45192
G1 X98.86 Y48.261 E397.52157
G1 X98.689 Y48.944 E397.60606
G1 X98.696 Y49.661 E397.69211
G1 X98.801 Y50.225 E397.76095
G1 X102.639 Y62.038 E399.25145
G1 X103.063 Y62.76 E399.35193
G1 X103.569 Y63.263 E399.43754
G1 X104.033 Y63.585 E399.50532
G1 X104.689 Y63.873 E399.59129
G1 X105.375 Y64.023 E399.67556
G1 X117.78 Y64.02 E401.16416
G1 X118.509 Y63.906 E401.2527
G0 F7200 X118.885 Y63.772
G0 X118.312 Y63.127
;TYPE:WALL-INNER
G1 F2250 X119.219 Y62.712 E401.37239
G1 X119.747 Y62.094 E401.46993
G1 X119.994 Y61.572 E401.53923
G1 X123.806 Y49.836 E403.01998
G1 X123.838 Y49.281 E403.08669
G1 X123.725 Y48.598 E403.16976
G1 X123.345 Y47.854 E403.27001
G1 X122.999 Y47.461 E403.33285
G1 X115.221 Y41.804 E404.48696
G1 X108.103 Y41.804 E405.34112
G1 X100.454 Y47.371 E406.47637
G1 X100.023 Y47.793 E406.54875
G1 X99.618 Y48.525 E406.64914
G1 X99.49 Y49.038 E406.71259
G1 X99.498 Y49.781 E406.80175
G1 X103.373 Y61.708 E408.30664
G1 X103.7 Y62.266 E408.38425
G1 X104.241 Y62.803 E408.47572
G1 X104.937 Y63.108 E408.56691
G1 X105.461 Y63.223 E408.63128
G1 X117.718 Y63.22 E410.10212
G1 X118.312 Y63.127 E410.17427
G0 F7200 X117.981 Y62.58
;TYPE:SKIN
G1 F1350 X118.695 Y62.25 E410.26394
G1 X119.296 Y61.645 E410.36116
G1 X123.229 Y49.537 E411.81246
G1 X123.103 Y48.78 E411.89995
G1 X122.735 Y48.064 E411.99172
G1 X115.009 Y42.445 E413.08079
G1 X108.311 Y42.444 E413.84436
G1 X100.605 Y48.055 E414.93105
G1 X100.118 Y48.931 E415.04531
G1 X100.203 Y49.883 E415.15427
G1 X103.956 Y61.438 E416.53928
G1 X104.204 Y61.859 E416.59498
G1 X104.74 Y62.32 E416.67558
G1 X105.54 Y62.58 E416.77147
G1 X117.981 Y62.58 E418.18975
G0 F7200 X117.742 Y62.145
G1 F1350 X119.179 Y60.709 E418.42134
G1 X119.32 Y60.568
G0 F7200 X119.724 Y59.033
G1 F1350 X116.576 Y62.18 E418.92878
G0 F7200 X115.445 Y62.18
G1 F1350 X120.268 Y57.358 E419.70626
G1 X120.409 Y57.217
G0 F7200 X120.811 Y55.683
G1 F1350 X114.314 Y62.18 E420.75371
G0 F7200 X113.182 Y62.18
G1 F1350 X121.356 Y54.007 E422.07145
G1 X121.497 Y53.866
G0 F7200 X121.9 Y52.332
G1 F1350 X112.051 Y62.18 E423.65923
G0 F7200 X110.92 Y62.18
G1 F1350 X122.444 Y50.656 E425.51713
G0 F7200 X122.767 Y49.201
G1 F1350 X109.788 Y62.18 E427.60961
G0 F7200 X108.657 Y62.18
G1 F1350 X122.451 Y48.386 E429.83348
G0 F7200 X121.816 Y47.89
G1 F1350 X107.525 Y62.18 E432.1374
G0 F7200 X106.394 Y62.18
G1 F1350 X121.161 Y47.413 E434.51814
G0 F7200 X120.507 Y46.936
G1 F1350 X105.346 Y62.097 E436.9624
G0 F7200 X104.621 Y61.69
G1 F1350 X119.851 Y46.46 E439.41779
G0 F7200 X119.196 Y45.984
G1 F1350 X104.222 Y60.958 E441.8319
G0 F7200 X103.944 Y60.105
G1 F1350 X118.542 Y45.507 E444.1854
G0 F7200 X117.886 Y45.031
G1 F1350 X103.667 Y59.251 E446.47787
G0 F7200 X103.39 Y58.396
G1 F1350 X117.231 Y44.555 E448.70932
G0 F7200 X116.576 Y44.078
G1 F1350 X103.112 Y57.543 E450.88007
G0 F7200 X102.835 Y56.689
G1 F1350 X115.921 Y43.602 E452.98988
G0 F7200 X115.266 Y43.126
G1 F1350 X102.557 Y55.835 E455.03883
G0 F7200 X102.279 Y54.981
G1 F1350 X114.416 Y42.844 E456.99556
G0 F7200 X113.285 Y42.844
G1 F1350 X102.002 Y54.127 E458.81461
G0 F7200 X101.724 Y53.273
G1 F1350 X112.153 Y42.844 E460.49598
G0 F7200 X111.023 Y42.844
G1 F1350 X101.447 Y52.419 E462.03974
G0 F7200 X101.17 Y51.565
G1 F1350 X109.891 Y42.844 E463.44575
G0 F7200 X108.76 Y42.844
G1 F1350 X100.892 Y50.712 E464.71423
G0 F7200 X100.615 Y49.857
G1 F1350 X105.449 Y45.023 E465.49357
G1 X105.59 Y44.882
G0 F7200 X101.287 Y48.054
G1 F1350 X100.784 Y48.557 E465.57466
G0 F7200 X100.91 Y48.644
G10
;MESH:LED-charm-base_N0.8_v12.stl
G0 X117.75 Y63.592
G0 X118.129 Y67.18
G0 X125.196 Y81.322
;TYPE:WALL-OUTER
G11
G1 F1350 X121.222 Y69.089 E467.11814
G1 X120.806 Y68.411 E467.21359
G1 X120.35 Y67.866 E467.29887
G1 X119.96 Y67.53 E467.36064
G1 X119.367 Y67.153 E467.44496
G1 X118.707 Y66.882 E467.53058
G1 X118.196 Y66.755 E467.59376
G1 X117.681 Y66.696 E467.65597
G1 X105.334 Y66.696 E469.13761
G1 X104.817 Y66.751 E469.2
G1 X104.311 Y66.874 E469.26249
G1 X103.648 Y67.142 E469.3483
G1 X103.051 Y67.519 E469.43303
G1 X102.661 Y67.856 E469.49488
G1 X102.2 Y68.394 E469.5799
G1 X101.917 Y68.849 E469.6442
G1 X101.632 Y69.521 E469.73179
G1 X97.896 Y81.043 E471.1853
G1 X97.786 Y81.573 E471.25026
G1 X97.746 Y82.276 E471.33475
G1 X97.796 Y82.804 E471.3984
G1 X97.964 Y83.477 E471.48163
G1 X98.253 Y84.128 E471.56711
G1 X98.642 Y84.726 E471.65271
G1 X99.273 Y85.328 E471.75736
G1 X109.247 Y92.577 E473.23696
G1 X109.862 Y92.912 E473.321
G1 X110.533 Y93.142 E473.40612
G1 X111.228 Y93.251 E473.49054
G1 X111.929 Y93.236 E473.57468
G1 X112.625 Y93.101 E473.65976
G1 X113.103 Y92.929 E473.72072
G1 X113.737 Y92.585 E473.80727
G1 X123.886 Y85.213 E475.31254
G1 X124.445 Y84.588 E475.41316
G1 X124.842 Y83.978 E475.5005
G1 X125.127 Y83.16 E475.60444
G1 X125.269 Y82.309 E475.70798
G1 X125.196 Y81.322 E475.82674
G0 F7200 X125.073 Y80.942
G0 X124.406 Y81.477
;TYPE:WALL-INNER
G1 F2250 X120.543 Y69.587 E477.32696
G1 X120.155 Y68.88 E477.42373
G1 X119.656 Y68.285 E477.51692
G1 X118.997 Y67.866 E477.61063
G1 X118.457 Y67.644 E477.68069
G1 X117.636 Y67.496 E477.7808
G1 X105.376 Y67.496 E479.252
G1 X104.556 Y67.638 E479.35186
G1 X104.014 Y67.857 E479.42201
G1 X103.359 Y68.27 E479.51493
G1 X102.71 Y69.028 E479.63468
G1 X102.382 Y69.801 E479.73544
G1 X98.592 Y81.49 E481.21001
G1 X98.536 Y82.47 E481.3278
G1 X98.724 Y83.216 E481.42012
G1 X98.959 Y83.745 E481.48958
G1 X99.262 Y84.212 E481.55639
G1 X99.786 Y84.712 E481.6433
G1 X109.675 Y91.899 E483.11027
G1 X110.185 Y92.177 E483.17998
G1 X110.726 Y92.362 E483.24859
G1 X111.282 Y92.45 E483.31614
G1 X111.844 Y92.438 E483.38359
G1 X112.604 Y92.29 E483.47651
G1 X113.309 Y91.907 E483.57278
G1 X123.346 Y84.616 E485.06146
G1 X123.808 Y84.1 E485.14457
G1 X124.118 Y83.623 E485.21284
G1 X124.349 Y82.961 E485.29698
G1 X124.464 Y82.272 E485.3808
G1 X124.406 Y81.477 E485.47645
G10
G0 F7200 X123.884 Y81.57
G0 X112.382 Y91.679
;TYPE:SKIN
G11
G1 F1350 X112.965 Y91.361 E485.55216
G1 X122.914 Y84.133 E486.95407
G1 X123.48 Y83.501 E487.05078
G1 X123.723 Y82.8 E487.13536
G1 X123.817 Y82.237 E487.20043
G1 X123.768 Y81.594 E487.27395
G1 X119.951 Y69.832 E488.68365
G1 X119.632 Y69.252 E488.75912
G1 X119.225 Y68.769 E488.83112
G1 X118.479 Y68.294 E488.93194
G1 X117.596 Y68.136 E489.0342
G1 X105.418 Y68.136 E490.42249
G1 X104.517 Y68.29 E490.5267
G1 X103.778 Y68.761 E490.6266
G1 X103.257 Y69.373 E490.71822
G1 X102.975 Y70.033 E490.80004
G1 X99.225 Y81.603 E492.18657
G1 X99.187 Y82.242 E492.25955
G1 X99.329 Y83.004 E492.34791
G1 X99.626 Y83.673 E492.43136
G1 X100.201 Y84.219 E492.52175
G1 X110.23 Y91.511 E493.93532
G1 X111.095 Y91.814 E494.03981
G1 X111.776 Y91.796 E494.11747
G1 X112.382 Y91.679 E494.18783
G0 F7200 X123.401 Y82.508
G1 F1350 X120.565 Y85.345 E494.64513
G1 X120.424 Y85.486
G0 F7200 X123.307 Y81.471
G1 F1350 X116.428 Y88.35 E495.75416
G1 X116.287 Y88.491
G0 F7200 X112.473 Y91.174
G1 F1350 X123.03 Y80.617 E497.45617
G0 F7200 X122.753 Y79.762
G1 F1350 X111.118 Y91.398 E499.33205
G0 F7200 X110.309 Y91.075
G1 F1350 X122.476 Y78.908 E501.29362
G0 F7200 X122.199 Y78.054
G1 F1350 X109.653 Y90.599 E503.3162
G0 F7200 X108.998 Y90.123
G1 F1350 X121.921 Y77.2 E505.39966
G0 F7200 X121.644 Y76.346
G1 F1350 X108.344 Y89.646 E507.54389
G0 F7200 X107.688 Y89.17
G1 F1350 X121.366 Y75.492 E509.74906
G0 F7200 X121.089 Y74.638
G1 F1350 X107.033 Y88.694 E512.01517
G0 F7200 X106.379 Y88.217
G1 F1350 X120.812 Y73.784 E514.34206
G0 F7200 X120.535 Y72.93
G1 F1350 X105.723 Y87.741 E516.72998
G0 F7200 X105.068 Y87.265
G1 F1350 X120.258 Y72.075 E519.17892
G0 F7200 X119.98 Y71.221
G1 F1350 X104.414 Y86.788 E521.68855
G0 F7200 X103.758 Y86.312
G1 F1350 X119.703 Y70.367 E524.25921
G0 F7200 X119.357 Y69.582
G1 F1350 X103.103 Y85.836 E526.87969
G0 F7200 X102.448 Y85.36
G1 F1350 X118.822 Y68.986 E529.51951
G0 F7200 X118.053 Y68.623
G1 F1350 X101.793 Y84.883 E532.14095
G0 F7200 X101.138 Y84.407
G1 F1350 X117.009 Y68.536 E534.69968
G0 F7200 X115.878 Y68.536
G1 F1350 X100.483 Y83.931 E537.18167
G0 F7200 X99.924 Y83.358
G1 F1350 X114.746 Y68.536 E539.57128
G0 F7200 X113.615 Y68.536
G1 F1350 X99.644 Y82.507 E541.82368
G0 F7200 X99.754 Y81.265
G1 F1350 X112.484 Y68.536 E543.87594
G0 F7200 X111.352 Y68.536
G1 F1350 X100.297 Y79.591 E545.65823
G1 X100.156 Y79.732
G0 F7200 X100.84 Y77.917
G1 F1350 X110.221 Y68.536 E547.17064
G0 F7200 X109.09 Y68.536
G1 F1350 X101.383 Y76.242 E548.41308
G1 X101.242 Y76.383
G0 F7200 X101.925 Y74.569
G1 F1350 X107.958 Y68.536 E549.38572
G0 F7200 X106.827 Y68.536
G1 F1350 X102.468 Y72.894 E550.0884
G1 X102.327 Y73.035
G0 F7200 X103.011 Y71.221
G1 F1350 X105.695 Y68.536 E550.5212
G1 X105.836 Y68.395
G0 F7200 X105.836 Y68.707
G10
;MESH:NONMESH
G0 F600 Z0.6
G0 F7200 X104.44 Y67.285
G0 X103.791 Y65.699
G0 X102.041 Y63.555
G0 X101.523 Y62.673
G0 X95.755 Y45.926
;TIME_ELAPSED:192.974881
;LAYER:2
;TYPE:SKIRT
G11
G1 F900 X96.33 Y45.068 E550.64514
G1 X96.706 Y44.605 E550.71672
G1 X97.422 Y43.916 E550.83596
G1 X98.459 Y43.132 E550.99196
G1 X105.213 Y38.222 E551.99397
G1 X105.759 Y37.837 E552.07414
G1 X106.208 Y37.571 E552.13677
G1 X106.692 Y37.378 E552.1993
G1 X107.334 Y37.228 E552.27841
G1 X108.573 Y37.207 E552.42711
G1 X114.955 Y37.207 E553.19295
G1 X115.653 Y37.217 E553.27672
G1 X116.172 Y37.265 E553.33927
G1 X116.677 Y37.391 E553.40172
G1 X117.288 Y37.648 E553.48127
G1 X118.24 Y38.313 E553.62062
G1 X125.287 Y43.437 E554.66617
G1 X125.877 Y43.88 E554.75471
G1 X126.321 Y44.27 E554.82562
G1 X127.044 Y45.111 E554.95871
G1 X127.679 Y46.129 E555.10269
G1 X128.12 Y47.223 E555.24423
G1 X128.285 Y47.976 E555.33674
G1 X128.421 Y48.872 E555.44549
G1 X128.428 Y49.581 E555.53057
G1 X128.37 Y50.414 E555.63077
G1 X128.213 Y51.665 E555.78207
G1 X127.903 Y54.44 E556.11714
G1 X127.679 Y57.136 E556.44178
G1 X127.53 Y59.873 E556.7707
G1 X127.457 Y62.617 E557.1001
G1 X127.463 Y65.357 E557.4289
G1 X127.545 Y68.066 E557.75413
G1 X127.705 Y70.8 E558.08277
G1 X127.943 Y73.532 E558.41185
G1 X128.253 Y76.218 E558.73631
G1 X128.831 Y80.056 E559.20207
G1 X129.021 Y81.171 E559.3378
G1 X129.072 Y81.757 E559.40838
G1 X129.065 Y82.402 E559.48579
G1 X129.033 Y82.967 E559.55369
G1 X128.849 Y84.051 E559.68563
G1 X128.476 Y85.151 E559.82502
G1 X128.253 Y85.666 E559.89236
G1 X127.722 Y86.582 E560.01942
G1 X126.971 Y87.515 E560.16314
G1 X126.163 Y88.272 E560.29601
G1 X125.583 Y88.711 E560.38329
G1 X116.54 Y95.282 E561.72469
G1 X115.896 Y95.734 E561.8191
G1 X115.405 Y96.032 E561.88803
G1 X114.714 Y96.398 E561.98186
G1 X113.992 Y96.678 E562.07479
G1 X113.094 Y96.913 E562.18617
G1 X112.473 Y97.009 E562.26158
G1 X111.353 Y97.086 E562.3963
G1 X110.114 Y96.956 E562.54579
G1 X109.339 Y96.766 E562.64155
G1 X108.848 Y96.606 E562.70352
G1 X107.876 Y96.201 E562.82988
G1 X107.249 Y95.852 E562.91599
G1 X97.547 Y88.804 E564.355
G1 X96.813 Y88.259 E564.46471
G1 X96.271 Y87.758 E564.55328
G1 X95.879 Y87.344 E564.62169
G1 X95.471 Y86.851 E564.69849
G1 X95.091 Y86.279 E564.78089
G1 X94.618 Y85.377 E564.90311
G1 X94.411 Y84.856 E564.97039
G1 X94.125 Y83.955 E565.08382
G1 X93.983 Y83.262 E565.16871
G1 X93.94 Y82.386 E565.27396
G1 X93.929 Y81.824 E565.34141
G1 X93.967 Y81.253 E565.41008
G1 X94.133 Y80.249 E565.5322
G1 X94.294 Y79.406 E565.63518
G1 X94.721 Y76.758 E565.95705
G1 X95.077 Y74.075 E566.28183
G1 X95.365 Y71.309 E566.61555
G1 X95.569 Y68.611 E566.94023
G1 X95.698 Y65.872 E567.26927
G1 X95.749 Y63.162 E567.59453
G1 X95.723 Y60.424 E567.92311
G1 X95.619 Y57.681 E568.2525
G1 X95.439 Y54.95 E568.58093
G1 X95.183 Y52.249 E568.90651
G1 X94.913 Y49.936 E569.18595
G1 X94.898 Y48.912 E569.30884
G1 X94.989 Y48.142 E569.40189
G1 X95.262 Y47.033 E569.53894
G1 X95.755 Y45.926 E569.68436
G10
;MESH:LED-charm-top_N0.8_v12.stl
G0 F7200 X101.466 Y62.575
G0 X102.041 Y63.555
G0 X103.405 Y64.712
G0 X105.237 Y65.308
G0 X117.882 Y65.304
G0 X118.509 Y63.906
;TYPE:WALL-OUTER
G11
G1 F1800 X119.036 Y63.718 E569.7515
G1 X119.522 Y63.442 E569.81857
G1 X119.965 Y63.07 E569.88799
G1 X120.425 Y62.532 E569.97293
G1 X120.739 Y61.868 E570.06107
G1 X124.599 Y49.985 E571.56037
G1 X124.642 Y49.238 E571.65016
G1 X124.5 Y48.381 E571.7544
G1 X124.293 Y47.866 E571.82101
G1 X123.989 Y47.376 E571.89021
G1 X123.541 Y46.866 E571.97167
G1 X115.481 Y41.004 E573.16762
G1 X107.843 Y41.004 E574.08418
G1 X99.936 Y46.759 E575.25773
G1 X99.405 Y47.278 E575.34683
G1 X99.099 Y47.732 E575.41253
G1 X98.86 Y48.261 E575.48219
G1 X98.689 Y48.944 E575.56668
G1 X98.696 Y49.661 E575.65272
G1 X98.801 Y50.225 E575.72157
G1 X102.639 Y62.038 E577.21207
G1 X103.063 Y62.76 E577.31254
G1 X103.569 Y63.263 E577.39816
G1 X104.033 Y63.585 E577.46593
G1 X104.689 Y63.873 E577.55191
G1 X105.375 Y64.023 E577.63617
G1 X117.78 Y64.02 E579.12477
G1 X118.509 Y63.906 E579.21331
G0 F7200 X118.885 Y63.772
G0 X118.312 Y63.127
;TYPE:WALL-INNER
G1 F3600 X119.219 Y62.712 E579.33301
G1 X119.747 Y62.094 E579.43055
G1 X119.994 Y61.572 E579.49985
G1 X123.806 Y49.836 E580.98059
G1 X123.838 Y49.281 E581.0473
G1 X123.725 Y48.598 E581.13038
G1 X123.345 Y47.854 E581.23063
G1 X122.999 Y47.461 E581.29346
G1 X115.221 Y41.804 E582.44758
G1 X108.103 Y41.804 E583.30174
G1 X100.454 Y47.371 E584.43698
G1 X100.023 Y47.793 E584.50937
G1 X99.618 Y48.525 E584.60976
G1 X99.49 Y49.038 E584.6732
G1 X99.498 Y49.781 E584.76237
G1 X103.373 Y61.708 E586.26725
G1 X103.7 Y62.266 E586.34486
G1 X104.241 Y62.803 E586.43633
G1 X104.937 Y63.108 E586.52752
G1 X105.461 Y63.223 E586.5919
G1 X117.718 Y63.22 E588.06274
G1 X118.312 Y63.127 E588.13489
G0 F7200 X117.981 Y62.58
;TYPE:SKIN
G1 F1800 X118.695 Y62.25 E588.22928
G1 X119.296 Y61.645 E588.33161
G1 X123.229 Y49.537 E589.8593
G1 X123.103 Y48.78 E589.95139
G1 X122.735 Y48.064 E590.04799
G1 X115.009 Y42.445 E591.19438
G1 X108.311 Y42.444 E591.99814
G1 X100.605 Y48.055 E593.14202
G1 X100.118 Y48.931 E593.2623
G1 X100.203 Y49.883 E593.37699
G1 X103.956 Y61.438 E594.83489
G1 X104.204 Y61.859 E594.89353
G1 X104.74 Y62.32 E594.97837
G1 X105.54 Y62.58 E595.07931
G1 X117.981 Y62.58 E596.57223
G10
G0 F7200 X118.901 Y65.133
G0 X120.263 Y64.496
G0 X121.512 Y63.236
G0 X125.87 Y50.239
G0 X122.773 Y49.234
G11
G1 F1800 X120.396 Y46.857 E596.97562
G1 X120.255 Y46.716
G0 F7200 X122.596 Y50.188
G1 F1800 X116.248 Y43.841 E598.05282
G1 X116.107 Y43.7
G0 F7200 X114.121 Y42.845
G1 F1800 X122.319 Y51.043 E599.44407
G0 F7200 X122.042 Y51.897
G1 F1800 X112.99 Y42.845 E600.98025
G0 F7200 X111.859 Y42.845
G1 F1800 X121.764 Y52.751 E602.66127
G0 F7200 X121.487 Y53.604
G1 F1800 X110.727 Y42.845 E604.48721
G0 F7200 X109.596 Y42.845
G1 F1800 X121.209 Y54.459 E606.45809
G0 F7200 X120.932 Y55.313
G1 F1800 X108.465 Y42.845 E608.57389
G0 F7200 X107.8 Y43.312
G1 F1800 X120.655 Y56.167 E610.75546
G0 F7200 X120.378 Y57.021
G1 F1800 X107.145 Y43.788 E613.00118
G0 F7200 X106.491 Y44.266
G1 F1800 X120.1 Y57.875 E615.3107
G0 F7200 X119.823 Y58.729
G1 F1800 X105.836 Y44.742 E617.68437
G0 F7200 X105.181 Y45.219
G1 F1800 X119.546 Y59.583 E620.12211
G0 F7200 X119.268 Y60.437
G1 F1800 X104.527 Y45.695 E622.62382
G0 F7200 X103.872 Y46.172
G1 F1800 X118.991 Y61.291 E625.1896
G0 F7200 X118.474 Y61.905
G1 F1800 X103.218 Y46.649 E627.77863
G0 F7200 X102.563 Y47.126
G1 F1800 X117.617 Y62.179 E630.3333
G0 F7200 X116.485 Y62.179
G1 F1800 X101.908 Y47.602 E632.80709
G0 F7200 X101.253 Y48.079
G1 F1800 X115.354 Y62.179 E635.20003
G0 F7200 X114.222 Y62.179
G1 F1800 X100.717 Y48.674 E637.4919
G0 F7200 X100.585 Y49.673
G1 F1800 X113.091 Y62.179 E639.61424
G0 F7200 X111.96 Y62.179
G1 F1800 X101.084 Y51.304 E641.45988
G1 X100.943 Y51.163
G0 F7200 X101.629 Y52.98
G1 F1800 X110.828 Y62.179 E643.021
G0 F7200 X109.697 Y62.179
G1 F1800 X102.173 Y54.656 E644.29778
G1 X102.032 Y54.515
G0 F7200 X102.718 Y56.332
G1 F1800 X108.566 Y62.179 E645.29013
G0 F7200 X107.434 Y62.179
G1 F1800 X103.262 Y58.008 E645.99806
G1 X103.121 Y57.867
G0 F7200 X103.807 Y59.683
G1 F1800 X106.303 Y62.179 E646.42164
G0 F7200 X104.963 Y61.971
G1 F1800 X104.351 Y61.359 E646.5255
G10
;MESH:LED-charm-base_N0.8_v12.stl
G0 F7200 X102.108 Y63.622
G0 X96.597 Y80.803
G0 X96.475 Y83.026
G0 X96.81 Y84.14
G0 X97.318 Y85.154
G0 X98.231 Y86.151
G0 X107.461 Y92.898
G0 X112.119 Y93.235
;TYPE:WALL-OUTER
G11
G1 F1800 X112.975 Y93.027 E646.63121
G1 X113.75 Y92.608 E646.73693
G1 X123.743 Y85.345 E648.21937
G1 X124.125 Y84.999 E648.28121
G1 X124.579 Y84.442 E648.36744
G1 X124.921 Y83.828 E648.45178
G1 X125.156 Y83.149 E648.538
G1 X125.249 Y82.648 E648.59915
G1 X125.278 Y81.782 E648.70313
G1 X125.155 Y81.115 E648.78452
G1 X121.327 Y69.345 E650.26974
G1 X121.009 Y68.676 E650.35863
G1 X120.61 Y68.117 E650.44104
G1 X120.095 Y67.605 E650.52819
G1 X119.524 Y67.209 E650.61157
G1 X118.864 Y66.905 E650.69877
G1 X118.378 Y66.765 E650.75946
G1 X117.662 Y66.672 E650.84611
G1 X105.124 Y66.672 E652.35067
G1 X104.284 Y66.856 E652.45386
G1 X103.465 Y67.191 E652.56004
G1 X102.756 Y67.732 E652.66706
G1 X102.401 Y68.101 E652.7285
G1 X101.98 Y68.692 E652.81558
G1 X101.687 Y69.273 E652.89366
G1 X97.841 Y81.115 E654.38777
G1 X97.718 Y81.783 E654.46928
G1 X97.751 Y82.818 E654.59354
G1 X98.006 Y83.659 E654.699
G1 X98.393 Y84.438 E654.80338
G1 X98.857 Y84.985 E654.88945
G1 X99.253 Y85.345 E654.95367
G1 X109.413 Y92.727 E656.46071
G1 X110.196 Y93.072 E656.56339
G1 X110.709 Y93.205 E656.62698
G1 X111.405 Y93.282 E656.71101
G1 X112.119 Y93.235 E656.79688
G0 F7200 X112.507 Y93.141
G0 X111.997 Y92.441
;TYPE:WALL-INNER
G1 F3600 X112.686 Y92.274 E656.88195
G1 X113.323 Y91.93 E656.96882
G1 X123.435 Y84.58 E658.46894
G1 X123.914 Y83.991 E658.56005
G1 X124.188 Y83.5 E658.62752
G1 X124.444 Y82.758 E658.72171
G1 X124.476 Y81.842 E658.8317
G1 X124.378 Y81.312 E658.89638
G1 X120.582 Y69.641 E660.36911
G1 X120.317 Y69.083 E660.44324
G1 X119.998 Y68.637 E660.50904
G1 X119.581 Y68.222 E660.57964
G1 X119.126 Y67.906 E660.64612
G1 X118.408 Y67.576 E660.74094
G1 X117.61 Y67.472 E660.83751
G1 X105.21 Y67.472 E662.32551
G1 X104.522 Y67.622 E662.41001
G1 X103.866 Y67.891 E662.49509
G1 X103.137 Y68.448 E662.60518
G1 X102.667 Y69.106 E662.70222
G1 X102.429 Y69.578 E662.76565
G1 X98.618 Y81.312 E664.24613
G1 X98.52 Y81.843 E664.31093
G1 X98.547 Y82.687 E664.41226
G1 X98.752 Y83.363 E664.49703
G1 X99.066 Y83.995 E664.58171
G1 X99.561 Y84.579 E664.67358
G1 X109.814 Y92.029 E666.19444
G1 X110.637 Y92.392 E666.30238
G1 X111.423 Y92.479 E666.39728
G1 X111.997 Y92.441 E666.46631
G0 F7200 X111.919 Y91.937
G0 X114.506 Y91.539
G0 X114.506 Y89.466
G0 X114.688 Y89.912
;TYPE:SKIN
G1 F1166.9 X108.308 Y89.912 E667.59174
G1 X109.927 Y91.088 E667.94472
G1 X113.069 Y91.088 E668.49897
G1 X114.688 Y89.912 E668.85196
G0 F7200 X114.688 Y89.386
G0 X116.935 Y88.739
G0 X116.989 Y88.472
G1 F1800 X122.983 Y84.114 E669.74125
G1 X123.525 Y83.453 E669.84383
G1 X123.806 Y82.638 E669.94728
G1 X123.837 Y81.725 E670.0569
G1 X119.991 Y69.889 E671.55033
G1 X119.668 Y69.211 E671.64045
G1 X119.012 Y68.558 E671.75152
G1 X118.228 Y68.197 E671.85509
G1 X117.57 Y68.112 E671.93471
G1 X105.28 Y68.112 E673.40951
G1 X104.712 Y68.236 E673.47927
G1 X104.189 Y68.451 E673.54713
G1 X103.595 Y68.902 E673.63663
G1 X103.086 Y69.615 E673.74175
G1 X99.155 Y81.725 E675.2696
G1 X99.182 Y82.578 E675.37201
G1 X99.349 Y83.126 E675.44076
G1 X99.603 Y83.631 E675.50859
G1 X100.166 Y84.226 E675.60689
G1 X106.01 Y88.476 E676.474
G1 X116.989 Y88.472 E677.79148
G10
G0 F7200 X116.898 Y88.814
G0 X115.121 Y82.953
G0 X115.088 Y83.209
G11
G1 F1800 X114.551 Y83.02 E677.8598
G1 X114.365 Y82.714 E677.90277
G1 X114.375 Y82.057 E677.98162
G1 X115.065 Y81.796 E678.07014
G1 X115.279 Y81.86 E678.09695
G1 X115.687 Y82.334 E678.172
G1 X115.654 Y82.777 E678.22531
G1 X115.088 Y83.209 E678.31075
G0 F7200 X115.102 Y82.86
G0 X116.727 Y78.975
G0 X117.402 Y79.222
G1 F1800 X116.687 Y79.23 E678.39655
G1 X116.469 Y78.927 E678.44135
G1 X116.415 Y78.124 E678.53792
G1 X116.169 Y77.295 E678.64169
G1 X115.804 Y76.514 E678.74514
G1 X115.296 Y75.791 E678.85118
G1 X114.535 Y75.033 E678.98007
G1 X113.598 Y74.494 E679.10978
G1 X112.987 Y74.257 E679.18843
G1 X112.14 Y74.071 E679.29249
G1 X111.271 Y74.034 E679.39686
G1 X110.411 Y74.149 E679.50098
G1 X109.794 Y74.328 E679.57807
G1 X109.01 Y74.696 E679.682
G1 X108.295 Y75.2 E679.78698
G1 X107.529 Y75.966 E679.91697
G1 X106.991 Y76.897 E680.046
G1 X106.757 Y77.512 E680.12497
G1 X106.566 Y78.365 E680.22986
G1 X106.526 Y78.922 E680.29687
G1 X106.188 Y79.225 E680.35134
G1 X105.45 Y79.221 E680.43991
G1 X105.267 Y78.863 E680.48815
G1 X105.323 Y78.2 E680.568
G1 X105.454 Y77.49 E680.65463
G1 X105.653 Y76.868 E680.733
G1 X105.849 Y76.388 E680.79522
G1 X106.259 Y75.611 E680.90064
G1 X106.841 Y74.861 E681.01456
G1 X107.41 Y74.297 E681.1107
G1 X108.022 Y73.833 E681.20286
G1 X108.638 Y73.473 E681.28848
G1 X109.396 Y73.125 E681.38857
G1 X110.18 Y72.917 E681.4859
G1 X110.924 Y72.789 E681.57649
G1 X111.931 Y72.787 E681.69733
G1 X112.596 Y72.873 E681.7778
G1 X113.22 Y73.013 E681.85454
G1 X113.893 Y73.257 E681.94044
G1 X114.388 Y73.489 E682.00605
G1 X114.861 Y73.763 E682.07164
G1 X115.427 Y74.161 E682.15467
G1 X115.983 Y74.673 E682.24537
G1 X116.547 Y75.346 E682.35074
G1 X116.891 Y75.894 E682.42838
G1 X117.282 Y76.655 E682.53105
G1 X117.515 Y77.402 E682.62495
G1 X117.661 Y78.067 E682.70665
G1 X117.734 Y78.868 E682.80317
G1 X117.402 Y79.222 E682.86141
G10
G0 F7200 X117.392 Y78.888
G0 X108.368 Y82.221
G0 X108.31 Y83.124
G11
G1 F1800 X107.719 Y83.15 E682.9324
G1 X107.474 Y82.931 E682.97183
G1 X107.298 Y82.51 E683.02659
G1 X107.401 Y82.161 E683.07025
G1 X107.89 Y81.801 E683.14312
G1 X108.482 Y81.996 E683.21792
G1 X108.694 Y82.608 E683.29564
G1 X108.31 Y83.124 E683.37282
G10
G0 F7200 X108.102 Y82.861
G0 X102.978 Y89.64
G0 X108.77 Y93.848
G0 X109.777 Y94.288
G0 X111.386 Y94.571
G0 X113.442 Y94.236
G0 X114.448 Y93.689
G0 X124.548 Y86.352
G0 X125.645 Y85.168
G0 X126.4 Y83.49
G0 X126.568 Y81.691
G0 X122.518 Y68.857
G0 X119.438 Y69.658
G11
G1 F1800 X118.58 Y68.8 E683.51843
G0 F7200 X117.161 Y68.512
G1 F1800 X120.069 Y71.42 E684.01193
G1 X120.21 Y71.561
G0 F7200 X120.613 Y73.096
G1 F1800 X116.03 Y68.512 E684.78978
G0 F7200 X114.898 Y68.512
G1 F1800 X121.157 Y74.771 E685.85197
G1 X121.298 Y74.912
G0 F7200 X121.702 Y76.447
G1 F1800 X113.767 Y68.512 E687.19858
G0 F7200 X112.636 Y68.512
G1 F1800 X122.246 Y78.123 E688.82954
G1 X122.387 Y78.264
G0 F7200 X122.791 Y79.798
G1 F1800 X111.504 Y68.512 E690.74492
G0 F7200 X110.373 Y68.512
G1 F1800 X116.108 Y74.247 E691.71818
G1 X116.373 Y74.512
G1 X123.335 Y81.474 E692.89967
G0 F7200 X123.379 Y82.649
G1 F1800 X117.847 Y77.118 E693.8384
G0 F7200 X117.14 Y77.341
G0 X117.364 Y78.567
G0 X118.102 Y78.504
G1 F1800 X123.028 Y83.43 E694.67437
G0 F7200 X122.464 Y83.997
G1 F1800 X117.845 Y79.378 E695.45824
G0 F7200 X116.963 Y79.627
G1 F1800 X121.808 Y84.473 E696.28055
G1 X121.949 Y84.614
G10
G0 F7200 X117.487 Y78.976
G0 X116.046 Y76.369
G0 X113.151 Y73.347
G0 X113.374 Y72.645
G11
G1 F1800 X109.242 Y68.512 E696.98186
G0 F7200 X108.11 Y68.512
G1 F1800 X111.989 Y72.391 E697.64014
G0 F7200 X110.861 Y72.394
G1 F1800 X106.979 Y68.512 E698.29894
G0 F7200 X105.848 Y68.512
G1 F1800 X109.911 Y72.575 E698.98846
G0 F7200 X109.044 Y72.84
G1 F1800 X104.825 Y68.621 E699.70444
G0 F7200 X104.097 Y69.024
G1 F1800 X108.287 Y73.215 E700.41559
G0 F7200 X107.598 Y73.656
G1 F1800 X103.568 Y69.627 E701.09942
G0 F7200 X103.24 Y70.431
G1 F1800 X106.973 Y74.163 E701.73285
G0 F7200 X106.426 Y74.748
G1 F1800 X102.963 Y71.285 E702.32054
G0 F7200 X102.686 Y72.139
G1 F1800 X105.93 Y75.383 E702.87107
G0 F7200 X105.536 Y76.121
G1 F1800 X102.409 Y72.993 E703.40182
G0 F7200 X102.132 Y73.847
G1 F1800 X105.215 Y76.93 E703.92502
G0 F7200 X104.986 Y77.833
G1 F1800 X101.854 Y74.702 E704.45646
G0 F7200 X101.577 Y75.556
G1 F1800 X104.867 Y78.845 E705.0147
G1 X105.008 Y78.986
G0 F7200 X105.573 Y78.922
G0 X107.307 Y75.795
G0 X108.117 Y74.983
G0 X109.695 Y74.068
G0 X111.263 Y73.755
G0 X113.527 Y74.102
G0 X113.259 Y74.792
G1 F1800 X115.697 Y77.23 E705.42844
G0 F7200 X116.369 Y76.916
G0 X116.793 Y78.674
G0 X116.057 Y78.722
G1 F1800 X111.792 Y74.457 E706.15224
G0 F7200 X110.716 Y74.512
G1 F1800 X121.154 Y84.95 E707.92363
G0 F7200 X120.498 Y85.426
G1 F1800 X109.827 Y74.755 E709.73456
G0 F7200 X109.079 Y75.138
G1 F1800 X115.451 Y81.51 E710.81592
G0 F7200 X114.426 Y81.616
G1 F1800 X108.436 Y75.626 E711.83246
G0 F7200 X107.87 Y76.191
G1 F1800 X113.928 Y82.25 E712.86062
G1 X114.069 Y82.391
G0 F7200 X114.677 Y82.339
G0 X115.987 Y82.046
G1 F1800 X119.843 Y85.902 E713.515
G0 F7200 X119.188 Y86.378
G1 F1800 X115.922 Y83.113 E714.06918
G0 F7200 X115.243 Y83.564
G1 F1800 X118.533 Y86.855 E714.62759
G0 F7200 X117.878 Y87.331
G1 F1800 X107.449 Y76.902 E716.39745
G0 F7200 X107.123 Y77.707
G1 F1800 X117.223 Y87.807 E718.11148
G0 F7200 X116.357 Y88.072
G1 F1800 X106.943 Y78.659 E719.709
G0 F7200 X106.604 Y79.451
G1 F1800 X115.225 Y88.072 E721.17204
G0 F7200 X114.095 Y88.073
G1 F1800 X108.997 Y82.975 E722.03719
G0 F7200 X108.389 Y83.499
G1 F1800 X112.963 Y88.073 E722.81343
G1 X113.104 Y88.214
G10
G0 F7200 X113.104 Y88.815
G0 X105.658 Y89.448
G0 X108.137 Y82.947
G0 X107.547 Y81.525
G11
G1 F1800 X105.65 Y79.629 E723.13528
G1 X105.509 Y79.488
G0 F7200 X105.607 Y78.889
G0 X107.787 Y82.09
G0 X106.994 Y82.104
G1 F1800 X101.3 Y76.41 E724.10158
G0 F7200 X101.023 Y77.264
G1 F1800 X111.832 Y88.074 E725.93601
G0 F7200 X110.701 Y88.074
G1 F1800 X100.746 Y78.118 E727.62552
G0 F7200 X100.469 Y78.973
G1 F1800 X109.57 Y88.074 E729.17001
G0 F7200 X108.439 Y88.074
G1 F1800 X100.191 Y79.827 E730.56965
G0 F7200 X99.914 Y80.681
G1 F1800 X107.308 Y88.075 E731.82446
G0 F7200 X106.177 Y88.075
G1 F1800 X99.637 Y81.535 E732.93433
G0 F7200 X99.644 Y82.674
G1 F1800 X102.132 Y85.161 E733.35648
G1 X102.273 Y85.302
G10
G0 F7200 X104.606 Y88.722
G0 X106.873 Y89.109
G11
G1 F1848.2 X106.926 Y89.102 E733.36243
G1 F1866.5 X116.004 Y89.098 E734.36368
G1 F1848.2 X116.123 Y89.107 E734.37696
G10
G0 F7200 X111.911 Y89.466
G0 X111.908 Y91.538
G0 X111.911 Y91.859
G11
G1 F2063.6 X111.428 Y91.877 E734.42559
G1 F2076.4 X110.782 Y91.84 E734.49032
G10
G0 F7200 X108.459 Y91.522
G0 X108.137 Y82.947
G0 X107.979 Y82.504
G11
G1 F1659.7 X107.993 Y82.488 E734.49293
G0 F7200 X106.273 Y78.975
G0 X105.921 Y78.6
G1 F1866.5 X105.944 Y78.29 E734.52721
G1 F1877.1 X106.11 Y77.448 E734.62138
G1 F1882.5 X106.473 Y76.514 E734.73105
G1 F1879.8 X107.065 Y75.533 E734.8566
G1 F1866.5 X107.857 Y74.741 E734.98014
G1 X108.649 Y74.161 E735.08841
G1 F1882.5 X109.58 Y73.745 E735.20001
G1 F1885.2 X110.293 Y73.533 E735.28131
G1 F1879.8 X111.26 Y73.408 E735.38816
G1 X112.165 Y73.426 E735.48735
G1 F1861.2 X113.07 Y73.628 E735.58989
G1 F1856 X113.791 Y73.888 E735.67486
G1 F1848.2 X114.496 Y74.28 E735.76464
G1 F1853.4 X114.955 Y74.573 E735.82508
G1 F1843 X115.539 Y75.131 E735.91521
G1 F1845.6 X115.906 Y75.541 E735.97653
G1 F1877.1 X116.346 Y76.198 E736.06329
G1 F1874.5 X116.758 Y77.079 E736.17014
G1 F1893.3 X117.008 Y77.901 E736.26368
G1 F1882.5 X117.075 Y78.6 E736.34053
G0 F7200 X115.116 Y82.054
G0 X115.106 Y82.493
G1 F1742.3 X114.951 Y82.404 E736.36152
G1 X114.952 Y82.582 E736.38242
G1 X115.106 Y82.493 E736.4033
G0 F7200 X115.037 Y82.099
G10
;MESH:NONMESH
G0 F600 Z0.75
G0 F7200 X115.038 Y82.141
G0 X120.419 Y89.352
G0 X124.548 Y86.352
G0 X125.645 Y85.168
G0 X126.4 Y83.49
G0 X126.568 Y81.691
G0 X122.518 Y68.857
G0 X121.642 Y67.353
G0 X119.222 Y65.017
G0 X118.806 Y63.863
;TIME_ELAPSED:258.947724
;LAYER:3
;TYPE:WALL-OUTER
;MESH:LED-charm-top_N0.8_v12.stl
G11
G1 F1871.8 X119.529 Y63.451 E736.49967
G1 F1858.6 X119.974 Y63.08 E736.56719
G1 F1869.2 X120.426 Y62.572 E736.64604
G1 F1877.1 X120.753 Y61.873 E736.73517
G1 F1898.7 X124.588 Y50.077 E738.15292
G1 F1869.2 X124.69 Y49.254 E738.24907
G1 F1840.4 X124.513 Y48.377 E738.35429
G1 F1863.9 X124.306 Y47.859 E738.41913
G1 F1912.5 X123.993 Y47.333 E738.48864
G1 F1904.2 X123.508 Y46.822 E738.56895
G1 F1845.6 X115.486 Y40.99 E739.73232
G1 F1856 X107.835 Y40.992 E740.62519
G1 F1882.5 X99.92 Y46.747 E741.75255
G1 F1885.2 X99.393 Y47.268 E741.83781
G1 F1879.8 X99.084 Y47.724 E741.90135
G1 X98.845 Y48.255 E741.96852
G1 F1874.5 X98.66 Y48.989 E742.05606
G1 F1866.5 X98.683 Y49.661 E742.13412
G1 F1869.2 X98.785 Y50.229 E742.20104
G1 F1856 X102.662 Y62.156 E743.66461
G1 F1820 X103.062 Y62.761 E743.75077
G1 F1832.7 X103.561 Y63.273 E743.83517
G1 F1850.8 X104.028 Y63.592 E743.90134
G1 F1837.8 X104.685 Y63.88 E743.98581
G1 F1858.6 X105.38 Y64.036 E744.06882
G1 F1877.1 X117.896 Y64.036 E745.51442
G1 F1879.8 X118.806 Y63.863 E745.62127
G10
;MESH:LED-charm-base_N0.8_v12.stl
G0 F7200 X118.611 Y89.098
G11
G1 F1877.1 X123.753 Y85.358 E746.35565
G1 F1885.2 X124.215 Y84.929 E746.42819
G1 F1898.7 X124.68 Y84.308 E746.51686
G1 F1887.9 X124.942 Y83.852 E746.57729
G1 F1890.6 X125.194 Y83.067 E746.67189
G1 F1926.4 X125.287 Y82.284 E746.76084
G1 F1877.1 X125.282 Y81.782 E746.81882
G1 F1843 X125.168 Y81.111 E746.89876
G1 F1871.8 X121.323 Y69.266 E748.34087
G1 F1887.9 X120.927 Y68.508 E748.43913
G1 F1850.8 X120.511 Y67.974 E748.51833
G1 F1830.2 X119.756 Y67.312 E748.63702
G1 F1871.8 X118.973 Y66.928 E748.73801
G1 F1890.6 X118.286 Y66.73 E748.82005
G1 F1893.3 X117.671 Y66.656 E748.89104
G1 F1885.2 X105.324 Y66.656 E750.31156
G1 F1882.5 X104.721 Y66.727 E750.3815
G1 F1898.7 X103.944 Y66.967 E750.47445
G1 F1869.2 X103.302 Y67.264 E750.55647
G1 F1835.3 X102.75 Y67.725 E750.64127
G1 F1848.2 X102.393 Y68.094 E750.70141
G1 F1866.5 X101.966 Y68.683 E750.78588
G1 F1874.5 X101.676 Y69.265 E750.86108
G1 F1856 X97.832 Y81.112 E752.31458
G1 F1840.4 X97.711 Y81.782 E752.39465
G1 F1835.3 X97.744 Y82.82 E752.51709
G1 F1837.8 X97.957 Y83.583 E752.61037
G1 F1832.7 X98.349 Y84.387 E752.71596
G1 F1830.2 X98.796 Y84.947 E752.80065
G1 F1866.5 X99.241 Y85.36 E752.87114
G1 F1879.8 X104.389 Y89.1 E753.60513
G1 F1866.5 X118.611 Y89.098 E755.2563
G10
G0 F7200 X118.204 Y87.831
G0 X117.075 Y79.873
G0 X117.075 Y78.6
G11
G1 F1882.5 X116.991 Y77.847 E755.34358
G1 F1893.3 X116.759 Y77.079 E755.43553
G1 F1879.8 X116.347 Y76.197 E755.54782
G1 F1882.5 X115.89 Y75.518 E755.6421
G1 F1845.6 X115.539 Y75.132 E755.7033
G1 F1840.4 X114.949 Y74.569 E755.79921
G1 F1858.6 X114.496 Y74.279 E755.8619
G1 F1869.2 X113.834 Y73.915 E755.94949
G1 F1885.2 X113.132 Y73.642 E756.03615
G1 F1874.5 X112.162 Y73.426 E756.15108
G1 F1879.8 X111.275 Y73.408 E756.25342
G1 X110.413 Y73.497 E756.35338
G1 F1871.8 X109.49 Y73.775 E756.465
G1 F1861.2 X108.641 Y74.168 E756.5739
G1 F1840.4 X107.857 Y74.741 E756.6881
G1 F1845.6 X107.067 Y75.531 E756.81915
G1 F1877.1 X106.484 Y76.493 E756.94907
G1 F1871.8 X106.242 Y77.082 E757.02281
G1 F1840.4 X106.065 Y77.671 E757.09514
G1 F1848.2 X105.943 Y78.29 E757.16905
G1 F1866.5 X105.921 Y78.6 E757.20513
G10
G0 F7200 X107.191 Y78.68
G0 X114.186 Y81.442
G0 X115.107 Y82.495
G11
G1 F1742.3 X114.952 Y82.406 E757.22722
G1 X114.953 Y82.584 E757.24922
G1 X115.107 Y82.495 E757.27121
G10
G0 F7200 X113.715 Y82.616
G0 X109.291 Y82.225
G0 X108.1 Y82.488
G11
G1 F1657.6 X107.939 Y82.395 E757.29525
G1 X107.94 Y82.581 E757.3193
G1 X108.1 Y82.488 E757.34323
G10
G0 F7200 X109.576 Y92.333
G0 X114.297 Y92.051
G11
G1 F1311.5 X112.019 Y92.049 E757.70611
G1 F1297.6 X111.42 Y92.058 E757.80244
G1 F1308.7 X110.826 Y92.042 E757.89728
G1 F1331.5 X108.674 Y92.041 E758.23557
G1 X109.478 Y92.622 E758.39151
G1 X110.237 Y92.954 E758.52174
G1 X110.731 Y93.083 E758.602
G1 F1308.7 X111.408 Y93.142 E758.71046
G1 F1297.6 X112.099 Y93.105 E758.82173
G1 F1311.5 X112.928 Y92.904 E758.95762
G1 X113.681 Y92.497 E759.09397
G1 X114.297 Y92.051 E759.21512
G0 F7200 X113.897 Y92.051
G10
;MESH:NONMESH
G0 F600 Z0.9
G0 F7200 X113.309 Y92.353
G0 X113.386 Y90.635
G0 X119.025 Y90.368
G0 X124.548 Y86.352
G0 X125.508 Y85.358
G0 X126.4 Y83.49
G0 X126.568 Y81.691
G0 X122.495 Y68.771
G0 X121.466 Y67.106
G0 X118.824 Y65.16
G0 X118.775 Y63.881
;TIME_ELAPSED:268.829501
;LAYER:4
;TYPE:WALL-OUTER
;MESH:LED-charm-top_N0.8_v12.stl
G11
G1 F1877.1 X119.529 Y63.451 E759.31537
G1 F1869.2 X119.977 Y63.082 E759.38267
G1 F1890.6 X120.614 Y62.302 E759.49823
G1 F1885.2 X122.626 Y56.11 E760.24728
G1 F1858.6 X124.638 Y49.917 E761.00621
G1 F1850.8 X124.653 Y49.095 E761.1024
G1 F1866.5 X124.516 Y48.376 E761.18738
G1 X124.304 Y47.86 E761.25215
G1 F1877.1 X124.032 Y47.38 E761.31587
G1 F1866.5 X123.498 Y46.816 E761.40605
G1 F1840.4 X115.486 Y40.99 E762.57102
G1 F1856 X107.836 Y40.992 E763.46378
G1 F1869.2 X99.925 Y46.746 E764.59803
G1 F1877.1 X99.393 Y47.268 E764.68412
G1 X99.085 Y47.724 E764.74767
G1 F1861.2 X98.819 Y48.327 E764.82439
G1 F1843 X98.68 Y48.942 E764.89844
G1 F1858.6 X98.68 Y49.663 E764.98247
G1 F1877.1 X98.786 Y50.229 E765.04898
G1 F1861.2 X102.614 Y62 E766.48976
G1 F1840.4 X102.994 Y62.687 E766.58209
G1 F1830.2 X103.625 Y63.332 E766.68874
G1 X104.296 Y63.767 E766.78326
G1 F1845.6 X104.964 Y63.957 E766.86473
G1 F1866.5 X105.47 Y64.038 E766.92422
G1 F1890.6 X117.852 Y64.031 E768.34506
G1 F1904.2 X118.775 Y63.881 E768.45166
G10
;MESH:LED-charm-base_N0.8_v12.stl
G0 F7200 X118.611 Y89.098
G11
G1 F1877.1 X123.753 Y85.358 E769.18604
G1 F1885.2 X124.215 Y84.929 E769.25857
G1 F1896 X124.681 Y84.305 E769.34771
G1 F1861.2 X124.947 Y83.841 E769.40996
G1 F1825.1 X125.162 Y83.15 E769.49572
G1 F1907 X125.289 Y82.582 E769.56198
G1 F1885.2 X125.276 Y81.779 E769.65438
G1 F1837.8 X125.203 Y81.223 E769.72041
G1 F1871.8 X121.32 Y69.272 E771.17555
G1 F1848.2 X120.978 Y68.59 E771.26493
G1 F1840.4 X120.451 Y67.884 E771.36854
G1 F1843 X119.967 Y67.492 E771.44169
G1 F1850.8 X119.53 Y67.2 E771.50318
G1 F1877.1 X118.716 Y66.803 E771.60778
G1 F1893.3 X117.663 Y66.656 E771.72963
G1 F1871.8 X105.042 Y66.656 E773.19114
G1 F1840.4 X104.282 Y66.85 E773.28338
G1 F1820 X103.615 Y67.084 E773.36736
G1 F1815 X102.854 Y67.616 E773.47794
G1 F1835.3 X102.393 Y68.094 E773.55624
G1 F1845.6 X101.915 Y68.768 E773.65316
G1 F1840.4 X101.648 Y69.344 E773.72782
G1 X97.832 Y81.112 E775.18268
G1 F1843 X97.713 Y81.766 E775.26076
G1 F1825.1 X97.725 Y82.453 E775.34218
G1 F1832.7 X97.834 Y83.163 E775.42698
G1 F1877.1 X98.024 Y83.791 E775.50276
G1 F1871.8 X98.409 Y84.449 E775.59104
G1 F1856 X99.013 Y85.188 E775.70242
G1 F1861.2 X104.389 Y89.1 E776.47633
G1 X118.611 Y89.098 E778.13177
G10
G0 F7200 X118.206 Y87.831
G0 X117.075 Y79.873
G0 X117.075 Y78.599
G11
G1 F1850.8 X117.033 Y78.152 E778.1843
G1 F1861.2 X116.909 Y77.564 E778.25425
G1 F1877.1 X116.635 Y76.746 E778.35388
G1 F1850.8 X116.338 Y76.203 E778.4263
G1 F1837.8 X116.017 Y75.695 E778.49706
G1 F1845.6 X115.503 Y75.081 E778.59098
G1 F1840.4 X115.014 Y74.642 E778.66826
G1 F1861.2 X114.216 Y74.08 E778.78187
G1 F1869.2 X113.636 Y73.832 E778.85502
G1 F1887.9 X112.758 Y73.519 E778.96212
G1 F1909.7 X111.873 Y73.414 E779.06345
G1 F1898.7 X110.991 Y73.428 E779.16427
G1 F1885.2 X110.287 Y73.535 E779.2462
G1 F1882.5 X109.56 Y73.75 E779.33353
G1 F1866.5 X108.909 Y74.044 E779.41646
G1 F1863.9 X108.446 Y74.287 E779.47725
G1 X107.807 Y74.792 E779.57193
G1 F1871.8 X107.425 Y75.137 E779.63154
G1 F1893.3 X106.916 Y75.785 E779.72597
G1 F1856 X106.654 Y76.213 E779.78453
G1 F1861.2 X106.356 Y76.761 E779.85714
G1 F1885.2 X106.069 Y77.609 E779.96014
G1 F1882.5 X105.951 Y78.242 E780.03432
G1 F1871.8 X105.92 Y78.599 E780.07581
G10
G0 F7200 X107.191 Y78.68
G0 X113.705 Y82.425
G0 X115.116 Y82.514
G11
G1 F1674.8 X114.957 Y82.422 E780.09934
G1 X114.957 Y82.606 E780.12291
G1 X115.116 Y82.514 E780.14645
G10
G0 F7200 X113.705 Y82.425
G0 X109.297 Y82.252
G0 X108.118 Y82.513
G11
G1 F1683.5 X107.959 Y82.421 E780.16987
G1 X107.959 Y82.605 E780.19333
G1 X108.118 Y82.513 E780.21675
G10
G0 F7200 X109.601 Y92.332
G0 X114.301 Y92.051
G11
G1 F1311.5 X112.019 Y92.049 E780.58027
G1 F1294.9 X111.272 Y92.061 E780.70063
G1 F1278.6 X108.732 Y92.06 E781.1144
G1 X109.558 Y92.657 E781.28042
G1 X110.408 Y92.984 E781.42877
G1 X111.236 Y93.149 E781.56631
G1 F1294.9 X112.099 Y93.105 E781.70552
G1 F1311.5 X112.927 Y92.904 E781.84125
G1 X113.685 Y92.492 E781.97868
G1 X114.301 Y92.051 E782.09937
G0 F7200 X113.901 Y92.051
G10
;MESH:NONMESH
G0 F600 Z1.05
G0 F7200 X113.309 Y92.353
G0 X113.387 Y90.635
G0 X119.025 Y90.368
G0 X124.548 Y86.352
G0 X125.508 Y85.358
G0 X126.4 Y83.49
G0 X126.567 Y81.688
G0 X122.495 Y68.771
G0 X121.466 Y67.106
G0 X120.577 Y66.368
G0 X118.514 Y65.208
G0 X118.326 Y63.982
;TIME_ELAPSED:278.729290
;LAYER:5
;TYPE:WALL-OUTER
;MESH:LED-charm-top_N0.8_v12.stl
G11
G1 F1954.8 X119.267 Y63.663 E782.20995
G1 F1915.2 X119.977 Y63.082 E782.31399
G1 F1882.5 X120.463 Y62.488 E782.4024
G1 F1877.1 X120.751 Y61.875 E782.48063
G1 F1863.9 X124.529 Y50.241 E783.90261
G1 F1901.5 X124.698 Y49.379 E784.00288
G1 F1960.5 X124.513 Y48.327 E784.12144
G1 F1907 X124.302 Y47.861 E784.17968
G1 F1890.6 X124.01 Y47.36 E784.24622
G1 F1882.5 X123.499 Y46.816 E784.3322
G1 F1840.4 X115.486 Y40.99 E785.49728
G1 F1856 X107.836 Y40.992 E786.39003
G1 F1877.1 X99.924 Y46.745 E787.51991
G1 F1885.2 X99.393 Y47.267 E787.60557
G1 F1882.5 X99.084 Y47.727 E787.66941
G1 F1909.7 X98.766 Y48.433 E787.75745
G1 F1882.5 X98.683 Y48.943 E787.81698
G1 F1832.7 X98.688 Y49.662 E787.90186
G1 F1858.6 X98.785 Y50.229 E787.9689
G1 F1866.5 X102.616 Y62.01 E789.40718
G1 F1830.2 X103.062 Y62.761 E789.51042
G1 F1835.3 X103.561 Y63.273 E789.59471
G1 F1850.8 X104.029 Y63.592 E789.66098
G1 F1840.4 X104.686 Y63.881 E789.74538
G1 F1856 X105.374 Y64.038 E789.82774
G1 F1877.1 X117.782 Y64.036 E791.26086
G1 F1920.8 X118.326 Y63.982 E791.32269
G10
;MESH:LED-charm-base_N0.8_v12.stl
G0 F7200 X118.611 Y89.098
G11
G1 F1871.8 X123.753 Y85.357 E792.05905
G1 F1882.5 X124.356 Y84.788 E792.15456
G1 F1866.5 X124.839 Y84.054 E792.25657
G1 F1850.8 X125.138 Y83.301 E792.35136
G1 X125.258 Y82.649 E792.42893
G1 F1848.2 X125.287 Y81.781 E792.53067
G1 F1845.6 X125.165 Y81.112 E792.61044
G1 F1848.2 X121.319 Y69.268 E794.06928
G1 F1843 X121.019 Y68.675 E794.14734
G1 F1822.5 X120.512 Y67.974 E794.24998
G1 F1835.3 X119.755 Y67.31 E794.3687
G1 F1871.8 X118.969 Y66.927 E794.46995
G1 F1885.2 X118.028 Y66.656 E794.58261
G1 F1879.8 X111.607 Y66.657 E795.32328
G1 F1858.6 X105.186 Y66.658 E796.07164
G1 F1871.8 X104.226 Y66.838 E796.18475
G1 F1866.5 X103.618 Y67.119 E796.26251
G1 F1848.2 X103.182 Y67.38 E796.32204
G1 F1856 X102.529 Y67.903 E796.41968
G1 F1845.6 X102.018 Y68.594 E796.52049
G1 F1843 X101.674 Y69.281 E796.61072
G1 F1853.4 X97.826 Y81.115 E798.06479
G1 F1856 X97.725 Y81.769 E798.14202
G1 F1887.9 X97.692 Y82.284 E798.20132
G1 F1904.2 X97.802 Y83.077 E798.29258
G1 F1893.3 X98.018 Y83.738 E798.37228
G1 F1869.2 X98.391 Y84.445 E798.46496
G1 F1856 X98.996 Y85.181 E798.57615
G1 F1871.8 X104.389 Y89.1 E799.34813
G1 F1863.9 X118.611 Y89.098 E801.00144
G10
G0 F7200 X118.206 Y87.831
G0 X117.076 Y79.873
G0 X117.076 Y78.6
G11
G1 F1856 X117.034 Y78.152 E801.05395
G1 F1869.2 X116.906 Y77.545 E801.12588
G1 F1871.8 X116.525 Y76.501 E801.25458
G1 F1850.8 X116.016 Y75.695 E801.36611
G1 F1856 X115.485 Y75.067 E801.46208
G1 F1853.4 X115.014 Y74.642 E801.53621
G1 F1845.6 X114.498 Y74.277 E801.61035
G1 F1871.8 X113.664 Y73.838 E801.71949
G1 F1893.3 X112.855 Y73.559 E801.81756
G1 F1887.9 X112.009 Y73.427 E801.91594
G1 F1869.2 X111.022 Y73.413 E802.0304
G1 X110.259 Y73.541 E802.1201
G1 F1877.1 X109.359 Y73.828 E802.22921
G1 F1879.8 X108.575 Y74.216 E802.33011
G1 F1882.5 X107.86 Y74.727 E802.43136
G1 X107.065 Y75.537 E802.5621
G1 F1856 X106.655 Y76.213 E802.65437
G1 F1861.2 X106.293 Y76.899 E802.74465
G1 F1909.7 X105.989 Y77.902 E802.86382
G1 F1887.9 X105.92 Y78.599 E802.94429
G0 F7200 X105.92 Y79.873
G0 X107.468 Y81.264
G0 X108.115 Y82.502
G1 F1710.2 X107.959 Y82.412 E802.96693
G1 X107.959 Y82.592 E802.98956
G1 X108.115 Y82.502 E803.0122
G10
G0 F7200 X109.329 Y82.713
G0 X113.674 Y82.426
G0 X115.105 Y82.508
G11
G1 F1649.1 X114.943 Y82.414 E803.03653
G1 X114.943 Y82.602 E803.06095
G1 X115.105 Y82.508 E803.08528
G10
G0 F7200 X113.384 Y92.334
G0 X114.302 Y92.05
G11
G1 F1312.9 X112.019 Y92.05 E803.44862
G1 F1300.4 X111.418 Y92.06 E803.54509
G1 F1314.3 X110.697 Y92.041 E803.65977
G1 F1341.6 X108.666 Y92.04 E803.97691
G1 X109.31 Y92.506 E804.10104
G1 X109.914 Y92.832 E804.20821
G1 X110.579 Y93.073 E804.31866
G1 F1314.3 X111.407 Y93.142 E804.45077
G1 F1300.4 X112.099 Y93.106 E804.56199
G1 F1312.9 X112.928 Y92.905 E804.69774
G1 X113.681 Y92.498 E804.83397
G1 X114.302 Y92.05 E804.95584
G0 F7200 X113.902 Y92.05
G10
;MESH:NONMESH
G0 F600 Z1.2
G0 F7200 X113.307 Y92.354
G0 X113.384 Y90.636
G0 X119.025 Y90.368
G0 X124.548 Y86.352
G0 X125.508 Y85.358
G0 X126.4 Y83.49
G0 X126.568 Y81.691
G0 X122.495 Y68.771
G0 X121.466 Y67.106
G0 X118.824 Y65.16
G0 X118.75 Y63.886
;TIME_ELAPSED:288.135229
;LAYER:6
;TYPE:WALL-OUTER
;MESH:LED-charm-top_N0.8_v12.stl
G11
G1 F1920.8 X119.536 Y63.461 E805.0569
G1 F1887.9 X119.974 Y63.079 E805.12367
G1 F1866.5 X120.419 Y62.581 E805.20121
G1 F1871.8 X120.751 Y61.875 E805.29155
G1 F1856 X124.563 Y50.156 E806.72969
G1 F1898.7 X124.673 Y49.456 E806.81069
G1 F1887.9 X124.582 Y48.553 E806.91497
G1 F1835.3 X124.303 Y47.86 E807.00304
G1 F1850.8 X123.953 Y47.294 E807.08091
G1 F1845.6 X123.502 Y46.818 E807.15782
G1 F1843 X115.486 Y40.99 E808.32183
G1 F1856 X107.836 Y40.992 E809.21459
G1 F1871.8 X99.925 Y46.746 E810.34737
G1 F1877.1 X99.384 Y47.281 E810.43525
G1 F1882.5 X98.911 Y47.986 E810.53305
G1 F1866.5 X98.68 Y48.942 E810.64724
G1 F1871.8 X98.68 Y49.906 E810.75887
G1 F1893.3 X102.625 Y62.045 E812.22162
G1 F1866.5 X103.033 Y62.736 E812.31478
G1 F1853.4 X103.499 Y63.227 E812.39388
G1 F1845.6 X104.028 Y63.592 E812.46927
G1 F1893.3 X104.505 Y63.854 E812.53164
G1 F1898.7 X105.42 Y64.038 E812.63832
G1 F1866.5 X117.782 Y64.036 E814.07355
G1 F1904.2 X118.75 Y63.886 E814.18522
G10
;MESH:LED-charm-base_N0.8_v12.stl
G0 F7200 X118.611 Y89.098
G11
G1 F1877.1 X123.753 Y85.358 E814.9196
G1 F1887.9 X124.219 Y84.925 E814.99269
G1 F1898.7 X124.685 Y84.301 E815.0817
G1 F1863.9 X124.948 Y83.838 E815.14361
G1 F1825.1 X125.162 Y83.15 E815.22899
G1 F1843 X125.259 Y82.65 E815.28881
G1 F1848.2 X125.295 Y81.85 E815.38262
G1 F1843 X125.165 Y81.112 E815.47063
G1 F1858.6 X121.322 Y69.267 E816.92201
G1 F1853.4 X121.019 Y68.675 E816.99972
G1 F1835.3 X120.619 Y68.06 E817.08621
G1 F1861.2 X119.971 Y67.487 E817.1869
G1 F1869.2 X119.53 Y67.201 E817.24785
G1 F1871.8 X118.694 Y66.822 E817.35414
G1 X117.728 Y66.658 E817.4676
G1 F1856 X105.043 Y66.656 E818.94794
G1 F1845.6 X104.11 Y66.892 E819.06083
G1 F1840.4 X103.395 Y67.22 E819.15334
G1 F1861.2 X102.745 Y67.72 E819.24879
G1 F1869.2 X102.393 Y68.093 E819.30826
G1 F1890.6 X102.044 Y68.526 E819.37208
G1 F1893.3 X101.675 Y69.268 E819.46705
G1 F1858.6 X97.831 Y81.112 E820.91835
G1 F1848.2 X97.713 Y81.766 E820.9962
G1 F1845.6 X97.732 Y82.733 E821.10965
G1 F1866.5 X97.984 Y83.721 E821.22803
G1 X98.461 Y84.534 E821.33747
G1 X99.001 Y85.183 E821.43549
G1 F1869.2 X104.389 Y89.1 E822.20787
G1 F1861.2 X118.611 Y89.098 E823.86331
G10
G0 F7200 X118.206 Y87.831
G0 X117.076 Y79.873
G0 X117.076 Y78.6
G11
G1 F1856 X117.034 Y78.152 E823.91582
G1 F1869.2 X116.906 Y77.545 E823.98775
G1 F1871.8 X116.525 Y76.501 E824.11644
G1 F1850.8 X116.016 Y75.695 E824.22798
G1 F1856 X115.485 Y75.067 E824.32395
G1 F1853.4 X115.014 Y74.642 E824.39808
G1 F1845.6 X114.498 Y74.277 E824.47222
G1 F1871.8 X113.664 Y73.838 E824.58136
G1 F1887.9 X112.765 Y73.528 E824.69062
G1 F1863.9 X111.866 Y73.416 E824.79594
G1 F1858.6 X111.002 Y73.416 E824.89664
G1 F1874.5 X110.259 Y73.541 E824.98378
G1 F1877.1 X109.359 Y73.828 E825.09288
G1 X108.568 Y74.219 E825.1948
G1 X107.937 Y74.674 E825.28465
G1 F1874.5 X107.335 Y75.25 E825.381
G1 F1877.1 X106.758 Y76.001 E825.49039
G1 F1887.9 X106.289 Y76.915 E825.60843
G1 F1909.7 X105.989 Y77.907 E825.72626
G1 F1887.9 X105.92 Y78.599 E825.80617
G10
G0 F7200 X107.191 Y78.68
G0 X114.075 Y81.578
G0 X115.125 Y82.492
G11
G1 F1661.9 X114.964 Y82.399 E825.83015
G1 X114.965 Y82.585 E825.85415
G1 X115.125 Y82.492 E825.87802
G10
G0 F7200 X113.674 Y82.691
G0 X109.285 Y82.386
G0 X108.086 Y82.49
G11
G1 F1683.5 X107.927 Y82.398 E825.90144
G1 X107.927 Y82.582 E825.9249
G1 X108.086 Y82.49 E825.94832
G10
G0 F7200 X109.575 Y92.333
G0 X114.27 Y92.059
G11
G1 F1286.7 X108.732 Y92.057 E826.84548
G1 F1288 X109.479 Y92.605 E826.99543
G1 X110.241 Y92.939 E827.13008
G1 X111.06 Y93.137 E827.26646
G1 F1286.7 X111.939 Y93.136 E827.40885
G1 X112.924 Y92.896 E827.57309
G1 X113.676 Y92.49 E827.71154
G1 X114.27 Y92.059 E827.83043
G0 F7200 X113.87 Y92.059
G10
;MESH:NONMESH
G0 F600 Z1.35
G0 F7200 X113.309 Y92.353
G0 X113.387 Y90.635
G0 X119.025 Y90.368
G0 X124.548 Y86.352
G0 X125.508 Y85.358
G0 X126.4 Y83.49
G0 X126.568 Y81.691
G0 X122.495 Y68.771
G0 X121.466 Y67.106
G0 X118.705 Y65.178
G0 X118.512 Y63.918
;TIME_ELAPSED:298.026398
;LAYER:7
;TYPE:WALL-OUTER
;MESH:LED-charm-top_N0.8_v12.stl
G11
G1 F1856 X119.041 Y63.728 E827.89602
G1 F1848.2 X119.528 Y63.45 E827.96172
G1 F1863.9 X119.977 Y63.082 E828.0292
G1 F1882.5 X120.463 Y62.488 E828.11762
G1 F1877.1 X120.753 Y61.873 E828.19615
G1 F1856 X124.59 Y50.068 E829.64474
G1 F1845.6 X124.681 Y49.23 E829.74362
G1 F1861.2 X124.515 Y48.376 E829.84488
G1 F1866.5 X124.305 Y47.86 E829.90956
G1 F1907 X123.998 Y47.34 E829.97831
G1 F1893.3 X123.502 Y46.818 E830.06083
G1 F1843 X115.486 Y40.99 E831.22484
G1 F1858.6 X107.835 Y40.992 E832.11656
G1 F1882.5 X99.92 Y46.747 E833.24392
G1 X99.389 Y47.275 E833.33019
G1 F1874.5 X99.084 Y47.726 E833.39315
G1 F1904.2 X98.777 Y48.513 E833.48945
G1 F1893.3 X98.643 Y49.289 E833.5797
G1 F1890.6 X98.73 Y50.059 E833.66862
G1 F1909.7 X100.678 Y56.052 E834.38512
G1 F1885.2 X102.625 Y62.046 E835.1102
G1 F1856 X103.022 Y62.723 E835.20178
G1 F1837.8 X103.518 Y63.242 E835.28632
G1 F1858.6 X104.162 Y63.677 E835.37689
G1 F1861.2 X104.686 Y63.88 E835.4423
G1 F1877.1 X105.286 Y64.038 E835.51397
G1 F1898.7 X117.782 Y64.036 E836.94226
G1 F1871.8 X118.512 Y63.918 E837.02789
G10
;MESH:LED-charm-base_N0.8_v12.stl
G0 F7200 X118.611 Y89.098
G11
G1 F1866.5 X123.743 Y85.364 E837.76474
G1 F1861.2 X124.143 Y84.996 E837.828
G1 F1866.5 X124.655 Y84.391 E837.92002
G1 F1904.2 X125.08 Y83.499 E838.03266
G1 F1877.1 X125.278 Y82.642 E838.13425
G1 F1837.8 X125.284 Y81.767 E838.23729
G1 F1848.2 X125.165 Y81.112 E838.31528
G1 F1843 X121.343 Y69.336 E839.76939
G1 F1877.1 X121.041 Y68.683 E839.85249
G1 X120.518 Y67.974 E839.95425
G1 F1858.6 X119.971 Y67.487 E840.0396
G1 F1869.2 X119.53 Y67.201 E840.10055
G1 F1890.6 X119.083 Y66.96 E840.15882
G1 F1904.2 X118.382 Y66.75 E840.24225
G1 F1885.2 X117.663 Y66.656 E840.32567
G1 F1871.8 X105.191 Y66.656 E841.76993
G1 F1887.9 X104.619 Y66.757 E841.83667
G1 F1923.6 X103.941 Y66.971 E841.91697
G1 F1877.1 X103.391 Y67.225 E841.98694
G1 F1861.2 X102.745 Y67.72 E842.08168
G1 F1856 X102.397 Y68.097 E842.14155
G1 F1871.8 X102.024 Y68.567 E842.21103
G1 F1893.3 X101.673 Y69.269 E842.30098
G1 F1863.9 X97.831 Y81.112 E843.74836
G1 F1885.2 X97.681 Y81.923 E843.84325
G1 F1853.4 X97.728 Y82.648 E843.92814
G1 F1856 X97.864 Y83.357 E844.01239
G1 F1877.1 X98.22 Y84.168 E844.11469
G1 F1843 X98.679 Y84.817 E844.20805
G1 F1869.2 X99.248 Y85.365 E844.29965
G1 F1877.1 X104.389 Y89.1 E845.0336
G1 F1861.2 X118.611 Y89.098 E846.68904
G10
G0 F7200 X118.206 Y87.831
G0 X117.076 Y79.873
G0 X117.076 Y78.6
G11
G1 F1856 X117.034 Y78.152 E846.74155
G1 F1869.2 X116.906 Y77.545 E846.81348
G1 F1871.8 X116.525 Y76.501 E846.94217
G1 F1850.8 X116.016 Y75.695 E847.05371
G1 F1856 X115.485 Y75.067 E847.14968
G1 F1853.4 X115.014 Y74.642 E847.22381
G1 F1845.6 X114.498 Y74.277 E847.29795
G1 F1871.8 X113.664 Y73.838 E847.40709
G1 F1887.9 X112.765 Y73.528 E847.51635
G1 F1863.9 X111.866 Y73.416 E847.62167
G1 F1858.6 X111.002 Y73.416 E847.72237
G1 F1874.5 X110.259 Y73.541 E847.8095
G1 F1877.1 X109.359 Y73.828 E847.91861
G1 X108.568 Y74.219 E848.02052
G1 X107.937 Y74.674 E848.11038
G1 F1874.5 X107.335 Y75.25 E848.20673
G1 F1877.1 X106.758 Y76.001 E848.31612
G1 F1887.9 X106.289 Y76.915 E848.43416
G1 F1909.7 X105.989 Y77.907 E848.55199
G1 F1887.9 X105.92 Y78.599 E848.6319
G10
G0 F7200 X107.191 Y78.68
G0 X114.089 Y81.556
G0 X115.112 Y82.497
G11
G1 F1661.9 X114.951 Y82.404 E848.65588
G1 X114.952 Y82.59 E848.67988
G1 X115.112 Y82.497 E848.70375
G10
G0 F7200 X113.657 Y82.562
G0 X109.332 Y82.469
G0 X108.082 Y82.479
G11
G1 F1714.7 X107.926 Y82.389 E848.72633
G1 X107.926 Y82.569 E848.74891
G1 X108.082 Y82.479 E848.77149
G10
G0 F7200 X109.581 Y92.336
G0 X114.304 Y92.05
G11
G1 F1312.9 X112.019 Y92.05 E849.13515
G1 F1300.4 X111.42 Y92.06 E849.2313
G1 F1308.7 X110.826 Y92.043 E849.32614
G1 F1332.9 X108.675 Y92.043 E849.66396
G1 X109.478 Y92.623 E849.81952
G1 X110.236 Y92.956 E849.94955
G1 X110.731 Y93.083 E850.02981
G1 F1308.7 X111.408 Y93.142 E850.13827
G1 F1300.4 X112.099 Y93.106 E850.24932
G1 F1312.9 X112.928 Y92.905 E850.38508
G1 X113.682 Y92.498 E850.52144
G1 X114.304 Y92.05 E850.64344
G0 F7200 X113.904 Y92.05
G10
;MESH:NONMESH
G0 F600 Z1.5
G0 F7200 X113.307 Y92.354
G0 X113.384 Y90.636
G0 X119.025 Y90.368
G0 X124.548 Y86.352
G0 X125.508 Y85.358
G0 X126.27 Y83.924
G0 X126.554 Y82.805
G0 X126.561 Y81.659
G0 X122.495 Y68.771
G0 X121.466 Y67.106
G0 X118.705 Y65.178
G0 X118.512 Y63.919
;TIME_ELAPSED:307.888930
;LAYER:8
;TYPE:WALL-OUTER
;MESH:LED-charm-top_N0.8_v12.stl
G11
G1 F1858.6 X119.042 Y63.729 E850.70906
G1 F1856 X119.529 Y63.451 E850.7745
G1 F1858.6 X119.974 Y63.08 E850.84203
G1 F1827.6 X120.424 Y62.532 E850.92595
G1 F1853.4 X120.711 Y62.002 E850.99637
G1 F1898.7 X122.648 Y56.045 E851.71235
G1 F1866.5 X124.584 Y50.088 E852.43957
G1 F1887.9 X124.678 Y49.357 E852.52425
G1 F1898.7 X124.541 Y48.46 E852.62797
G1 F1863.9 X124.305 Y47.86 E852.70292
G1 F1861.2 X123.999 Y47.368 E852.77036
G1 F1866.5 X123.55 Y46.855 E852.84951
G1 F1858.6 X115.486 Y40.99 E854.01166
G1 F1856 X107.835 Y40.992 E854.90453
G1 F1882.5 X99.92 Y46.747 E856.03189
G1 X99.388 Y47.276 E856.11832
G1 F1874.5 X99.086 Y47.725 E856.1809
G1 F1879.8 X98.845 Y48.255 E856.24806
G1 F1904.2 X98.675 Y48.927 E856.32708
G1 F1861.2 X98.663 Y49.489 E856.39251
G1 F1856 X98.733 Y50.058 E856.45941
G1 F1904.2 X100.679 Y56.052 E857.17784
G1 F1882.5 X102.625 Y62.046 E857.90383
G1 F1871.8 X103.019 Y62.719 E857.99413
G1 F1874.5 X103.559 Y63.275 E858.08377
G1 F1856 X104.028 Y63.591 E858.14977
G1 F1840.4 X104.686 Y63.879 E858.23423
G1 F1858.6 X105.371 Y64.038 E858.31619
G1 F1877.1 X117.782 Y64.036 E859.74966
G1 F1871.8 X118.512 Y63.919 E859.83528
G10
;MESH:LED-charm-base_N0.8_v12.stl
G0 F7200 X118.611 Y89.098
G11
G1 F1871.8 X123.753 Y85.357 E860.57163
G1 F1848.2 X124.139 Y84.992 E860.63387
G1 F1832.7 X124.478 Y84.603 E860.69478
G1 F1840.4 X124.847 Y84.037 E860.77424
G1 F1835.3 X125.139 Y83.304 E860.86727
G1 F1848.2 X125.263 Y82.631 E860.94743
G1 F1845.6 X125.301 Y81.925 E861.03037
G1 F1863.9 X125.199 Y81.212 E861.1141
G1 F1882.5 X121.322 Y69.267 E862.56083
G1 F1904.2 X120.893 Y68.424 E862.66866
G1 F1866.5 X120.511 Y67.974 E862.73719
G1 X119.829 Y67.348 E862.84467
G1 F1918 X118.716 Y66.801 E862.98512
G1 F1896 X117.664 Y66.656 E863.10666
G1 X105.049 Y66.656 E864.55044
G1 F1915.2 X104.175 Y66.872 E864.65254
G1 F1861.2 X103.379 Y67.231 E864.75418
G1 F1825.1 X102.526 Y67.912 E864.88352
G1 F1863.9 X102.014 Y68.602 E864.9834
G1 F1871.8 X101.674 Y69.267 E865.06989
G1 F1858.6 X97.831 Y81.112 E866.52127
G1 F1848.2 X97.711 Y81.766 E866.59916
G1 F1861.2 X97.713 Y82.654 E866.70253
G1 F1898.7 X97.984 Y83.722 E866.82847
G1 F1932 X98.508 Y84.615 E866.94495
G1 F1879.8 X98.856 Y84.993 E867.00422
G1 F1850.8 X99.244 Y85.356 E867.06638
G1 F1866.5 X104.389 Y89.1 E867.80513
G1 F1861.2 X118.611 Y89.098 E869.46057
G10
G0 F7200 X118.205 Y87.831
G0 X117.076 Y79.873
G0 X117.076 Y78.6
G11
G1 F1856 X117.034 Y78.152 E869.51308
G1 F1869.2 X116.906 Y77.545 E869.58501
G1 F1871.8 X116.525 Y76.501 E869.71371
G1 F1850.8 X116.016 Y75.695 E869.82524
G1 F1856 X115.485 Y75.067 E869.92121
G1 F1853.4 X115.014 Y74.642 E869.99534
G1 F1845.6 X114.498 Y74.277 E870.06948
G1 F1871.8 X113.664 Y73.838 E870.17862
G1 F1887.9 X112.765 Y73.528 E870.28789
G1 F1863.9 X111.866 Y73.416 E870.3932
G1 F1858.6 X111.002 Y73.416 E870.4939
G1 F1874.5 X110.259 Y73.541 E870.58104
G1 F1877.1 X109.359 Y73.828 E870.69015
G1 X108.568 Y74.219 E870.79206
G1 X107.937 Y74.674 E870.88191
G1 F1874.5 X107.335 Y75.25 E870.97827
G1 F1877.1 X106.758 Y76.001 E871.08765
G1 F1887.9 X106.289 Y76.915 E871.20569
G1 F1909.7 X105.989 Y77.907 E871.32353
G1 F1887.9 X105.92 Y78.599 E871.40343
G10
G0 F7200 X107.191 Y78.68
G0 X113.732 Y82.07
G0 X115.094 Y82.501
G11
G1 F1624.1 X114.93 Y82.407 E871.42833
G1 X114.931 Y82.595 E871.45309
G1 X115.094 Y82.501 E871.47787
G10
G0 F7200 X113.732 Y82.07
G0 X109.265 Y82.208
G0 X108.108 Y82.512
G11
G1 F1733 X107.953 Y82.423 E871.50007
G1 X107.954 Y82.601 E871.52217
G1 X108.108 Y82.512 E871.54426
G10
G0 F7200 X109.579 Y92.336
G0 X114.264 Y92.059
G11
G1 F1286.7 X108.733 Y92.06 E872.44029
G1 X109.479 Y92.604 E872.58986
G1 X110.242 Y92.938 E872.72479
G1 X111.068 Y93.14 E872.86254
G1 X111.942 Y93.137 E873.00413
G1 F1288 X112.924 Y92.897 E873.16775
G1 X113.675 Y92.491 E873.30592
G1 X114.264 Y92.059 E873.42414
G0 F7200 X113.864 Y92.059
G10
;MESH:NONMESH
G0 F600 Z1.65
G0 F7200 X113.307 Y92.354
G0 X113.384 Y90.636
G0 X119.025 Y90.368
G0 X124.548 Y86.352
G0 X125.508 Y85.358
G0 X126.4 Y83.49
G0 X126.567 Y81.686
G0 X122.495 Y68.771
G0 X121.466 Y67.106
G0 X118.705 Y65.178
G0 X118.512 Y63.916
;TIME_ELAPSED:317.747027
;LAYER:9
;TYPE:WALL-OUTER
;MESH:LED-charm-top_N0.8_v12.stl
G11
G1 F1837.8 X119.042 Y63.724 E873.49052
G1 F1848.2 X119.658 Y63.397 E873.57222
G1 F1877.1 X120.257 Y62.768 E873.67254
G1 F1890.6 X120.685 Y62.089 E873.76465
G1 F1885.2 X122.634 Y56.091 E874.49023
G1 F1861.2 X124.582 Y50.092 E875.22441
G1 F1840.4 X124.649 Y49.237 E875.32527
G1 F1904.2 X124.59 Y48.586 E875.39978
G1 F1954.8 X124.291 Y47.788 E875.49463
G1 F1890.6 X123.998 Y47.369 E875.5533
G1 F1861.2 X123.55 Y46.855 E875.63267
G1 F1858.6 X115.486 Y40.99 E876.79482
G1 F1856 X107.835 Y40.992 E877.68769
G1 F1882.5 X99.92 Y46.747 E878.81505
G1 X99.389 Y47.275 E878.90131
G1 F1874.5 X99.085 Y47.724 E878.96402
G1 F1893.3 X98.81 Y48.332 E879.04049
G1 F1874.5 X98.671 Y49.003 E879.11974
G1 F1856 X98.689 Y49.938 E879.22888
G1 F1863.9 X102.612 Y62 E880.70338
G1 F1825.1 X103.062 Y62.761 E880.80815
G1 F1830.2 X103.561 Y63.273 E880.89265
G1 F1850.8 X104.028 Y63.593 E880.95889
G1 F1840.4 X104.686 Y63.881 E881.04336
G1 F1879.8 X105.281 Y64.038 E881.11434
G1 F1901.5 X117.782 Y64.036 E882.54133
G1 F1866.5 X118.512 Y63.916 E882.62722
G10
;MESH:LED-charm-base_N0.8_v12.stl
G0 F7200 X118.611 Y89.098
G11
G1 F1871.8 X123.753 Y85.357 E883.36358
G1 F1866.5 X124.144 Y84.997 E883.42528
G1 F1850.8 X124.477 Y84.603 E883.48564
G1 F1820 X124.865 Y83.979 E883.57293
G1 F1845.6 X125.131 Y83.329 E883.65531
G1 F1882.5 X125.261 Y82.65 E883.73496
G1 F1850.8 X125.3 Y81.918 E883.82072
G1 F1837.8 X125.193 Y81.188 E883.9076
G1 F1840.4 X121.317 Y69.269 E885.38152
G1 F1835.3 X120.972 Y68.584 E885.47195
G1 X120.515 Y67.97 E885.56219
G1 F1840.4 X119.967 Y67.492 E885.64771
G1 F1850.8 X119.53 Y67.201 E885.70914
G1 F1877.1 X118.717 Y66.803 E885.81369
G1 F1893.3 X117.663 Y66.656 E885.93564
G1 F1871.8 X105.18 Y66.658 E887.38118
G1 F1848.2 X104.447 Y66.785 E887.46833
G1 F1871.8 X103.485 Y67.153 E887.5876
G1 F1890.6 X102.745 Y67.72 E887.69457
G1 F1853.4 X102.396 Y68.096 E887.75452
G1 F1871.8 X101.987 Y68.611 E887.83067
G1 F1879.8 X101.655 Y69.333 E887.92234
G1 F1845.6 X97.724 Y81.437 E889.41514
G1 F1825.1 X97.701 Y82.509 E889.5422
G1 F1866.5 X97.856 Y83.312 E889.63715
G1 F1920.8 X98.18 Y84.099 E889.73341
G1 F1869.2 X98.522 Y84.605 E889.80422
G1 F1848.2 X98.851 Y84.998 E889.86427
G1 F1877.1 X99.241 Y85.359 E889.92565
G1 X104.389 Y89.1 E890.66066
G1 F1861.2 X118.611 Y89.098 E892.3161
G10
G0 F7200 X118.206 Y87.831
G0 X117.076 Y79.873
G0 X117.076 Y78.6
G11
G1 F1856 X117.034 Y78.152 E892.36861
G1 F1869.2 X116.906 Y77.545 E892.44054
G1 F1871.8 X116.525 Y76.501 E892.56923
G1 F1850.8 X116.016 Y75.695 E892.68076
G1 F1856 X115.485 Y75.067 E892.77674
G1 F1853.4 X115.014 Y74.642 E892.85087
G1 F1845.6 X114.498 Y74.277 E892.92501
G1 F1871.8 X113.664 Y73.838 E893.03415
G1 F1887.9 X112.765 Y73.528 E893.14341
G1 F1863.9 X111.866 Y73.416 E893.24873
G1 F1858.6 X111.002 Y73.416 E893.34943
G1 F1874.5 X110.259 Y73.541 E893.43656
G1 F1877.1 X109.359 Y73.828 E893.54567
G1 X108.568 Y74.219 E893.64758
G1 X107.937 Y74.674 E893.73743
G1 F1874.5 X107.335 Y75.25 E893.83379
G1 F1877.1 X106.758 Y76.001 E893.94318
G1 F1887.9 X106.289 Y76.915 E894.06121
G1 F1909.7 X105.989 Y77.907 E894.17905
G1 F1887.9 X105.92 Y78.599 E894.25895
G10
G0 F7200 X107.191 Y78.68
G0 X113.822 Y81.969
G0 X115.123 Y82.528
G11
G1 F1737.7 X114.968 Y82.439 E894.2811
G1 X114.969 Y82.617 E894.30315
G1 X115.123 Y82.528 E894.32519
G10
G0 F7200 X113.822 Y81.969
G0 X109.325 Y82.612
G0 X108.122 Y82.493
G11
G1 F1661.9 X107.961 Y82.4 E894.34918
G1 X107.962 Y82.586 E894.37317
G1 X108.122 Y82.493 E894.39704
G10
G0 F7200 X109.58 Y92.337
G0 X114.271 Y92.063
G11
G1 F1289.4 X111.311 Y92.06 E894.87568
G1 F1331.5 X110.54 Y92.032 E894.99696
G1 F1372.9 X108.648 Y92.031 E895.28643
G1 X109.468 Y92.631 E895.44189
G1 X110.398 Y93.037 E895.59715
G1 F1331.5 X111.272 Y93.138 E895.73546
G1 F1289.4 X111.943 Y93.137 E895.84396
G1 X112.924 Y92.897 E896.00726
G1 X113.684 Y92.486 E896.14698
G1 X114.271 Y92.063 E896.26397
G0 F7200 X113.871 Y92.063
G10
;MESH:NONMESH
G0 F600 Z1.8
G0 F7200 X113.298 Y92.359
G0 X113.376 Y90.64
G0 X119.025 Y90.368
G0 X124.548 Y86.352
G0 X125.508 Y85.358
G0 X126.4 Y83.49
G0 X126.568 Y81.691
G0 X122.495 Y68.771
G0 X121.466 Y67.106
G0 X118.705 Y65.178
G0 X118.512 Y63.918
;TIME_ELAPSED:327.623804
;LAYER:10
;TYPE:WALL-OUTER
;MESH:LED-charm-top_N0.8_v12.stl
G11
G1 F1856 X119.041 Y63.728 E896.32957
G1 F1848.2 X119.528 Y63.45 E896.39526
G1 F1879.8 X120.084 Y62.996 E896.47806
G1 F1853.4 X120.424 Y62.532 E896.54527
G1 F1845.6 X120.711 Y62.002 E896.61597
G1 F1887.9 X122.622 Y56.116 E897.32703
G1 F1861.2 X124.533 Y50.229 E898.04747
G1 F1845.6 X124.657 Y49.611 E898.12141
G1 F1837.8 X124.619 Y48.667 E898.23266
G1 F1877.1 X124.288 Y47.78 E898.342
G1 F1885.2 X123.998 Y47.369 E898.39988
G1 F1861.2 X123.55 Y46.855 E898.47924
G1 F1858.6 X115.486 Y40.99 E899.64139
G1 F1856 X107.835 Y40.992 E900.53427
G1 F1882.5 X99.92 Y46.747 E901.66162
G1 X99.388 Y47.276 E901.74805
G1 F1874.5 X99.086 Y47.725 E901.81063
G1 F1879.8 X98.845 Y48.255 E901.87779
G1 F1877.1 X98.662 Y48.986 E901.96482
G1 F1866.5 X98.685 Y49.662 E902.04335
G1 F1863.9 X98.785 Y50.225 E902.10983
G1 F1861.2 X102.612 Y62 E903.55101
G1 F1850.8 X103.125 Y62.868 E903.66898
G1 F1882.5 X103.688 Y63.372 E903.75603
G1 F1877.1 X104.235 Y63.728 E903.83141
G1 F1871.8 X105.176 Y64.036 E903.94606
G1 F1893.3 X117.782 Y64.036 E905.39071
G1 F1871.8 X118.512 Y63.918 E905.47634
G10
;MESH:LED-charm-base_N0.8_v12.stl
G0 F7200 X118.611 Y89.098
G11
G1 F1871.8 X123.753 Y85.357 E906.2127
G1 F1853.4 X124.14 Y84.993 E906.27478
G1 F1871.8 X124.545 Y84.554 E906.34394
G1 F1850.8 X124.865 Y83.979 E906.42094
G1 F1809.9 X125.133 Y83.326 E906.50522
G1 F1845.6 X125.261 Y82.65 E906.58592
G1 F1850.8 X125.301 Y81.904 E906.67333
G1 F1845.6 X125.167 Y81.112 E906.76755
G1 F1858.6 X121.32 Y69.267 E908.21907
G1 F1853.4 X121.02 Y68.674 E908.29672
G1 F1835.3 X120.56 Y68.019 E908.39109
G1 F1866.5 X119.825 Y67.345 E908.50687
G1 F1877.1 X118.96 Y66.923 E908.61803
G1 F1861.2 X118.358 Y66.744 E908.69114
G1 F1877.1 X117.656 Y66.656 E908.77285
G1 F1882.5 X105.121 Y66.656 E910.21688
G1 F1898.7 X104.17 Y66.865 E910.32818
G1 F1866.5 X103.307 Y67.262 E910.43847
G1 F1830.2 X102.749 Y67.725 E910.52417
G1 F1879.8 X102.307 Y68.157 E910.59546
G1 F1866.5 X101.977 Y68.69 E910.66824
G1 F1832.7 X101.675 Y69.278 E910.74628
G1 F1848.2 X97.832 Y81.112 E912.2039
G1 F1835.3 X97.703 Y81.853 E912.29258
G1 X97.723 Y82.656 E912.38728
G1 F1869.2 X97.903 Y83.427 E912.47908
G1 F1909.7 X98.182 Y84.103 E912.56223
G1 F1882.5 X98.522 Y84.605 E912.63208
G1 F1848.2 X98.852 Y84.997 E912.69211
G1 F1869.2 X99.243 Y85.357 E912.75373
G1 X104.389 Y89.1 E913.49155
G1 F1861.2 X118.611 Y89.098 E915.147
G10
G0 F7200 X118.206 Y87.831
G0 X117.076 Y79.873
G0 X117.076 Y78.6
G11
G1 F1856 X117.034 Y78.152 E915.19951
G1 F1869.2 X116.906 Y77.545 E915.27144
G1 F1871.8 X116.525 Y76.501 E915.40013
G1 F1850.8 X116.016 Y75.695 E915.51166
G1 F1856 X115.485 Y75.067 E915.60764
G1 F1853.4 X115.014 Y74.642 E915.68177
G1 F1845.6 X114.498 Y74.277 E915.75591
G1 F1871.8 X113.664 Y73.838 E915.86505
G1 F1887.9 X112.765 Y73.528 E915.97431
G1 F1863.9 X111.866 Y73.416 E916.07963
G1 F1858.6 X111.002 Y73.416 E916.18032
G1 F1874.5 X110.259 Y73.541 E916.26746
G1 F1877.1 X109.359 Y73.828 E916.37657
G1 X108.568 Y74.219 E916.47848
G1 X107.937 Y74.674 E916.56833
G1 F1874.5 X107.335 Y75.25 E916.66469
G1 F1877.1 X106.758 Y76.001 E916.77407
G1 F1887.9 X106.289 Y76.915 E916.89211
G1 F1909.7 X105.989 Y77.907 E917.00995
G1 F1887.9 X105.92 Y78.599 E917.08985
G10
G0 F7200 X107.191 Y78.68
G0 X113.847 Y81.886
G0 X115.095 Y82.5
G11
G1 F1714.7 X114.939 Y82.41 E917.11244
G1 X114.939 Y82.59 E917.13501
G1 X115.095 Y82.5 E917.15759
G10
G0 F7200 X113.847 Y81.886
G0 X109.336 Y82.562
G0 X108.121 Y82.495
G11
G1 F1620 X107.956 Y82.4 E917.18273
G1 X107.956 Y82.59 E917.20781
G1 X108.121 Y82.495 E917.23294
G10
G0 F7200 X109.58 Y92.336
G0 X114.304 Y92.05
G11
G1 F1312.9 X112.019 Y92.05 E917.5966
G1 F1300.4 X111.42 Y92.06 E917.69275
G1 F1308.7 X110.826 Y92.043 E917.78759
G1 F1332.9 X108.681 Y92.043 E918.12446
G1 X109.478 Y92.623 E918.27927
G1 X110.236 Y92.956 E918.40929
G1 X110.731 Y93.083 E918.48955
G1 F1308.7 X111.408 Y93.142 E918.59801
G1 F1300.4 X112.099 Y93.106 E918.70906
G1 F1312.9 X112.928 Y92.905 E918.84482
G1 X113.689 Y92.493 E918.98255
G1 X114.304 Y92.05 E919.10317
G0 F7200 X113.904 Y92.05
G10
;MESH:NONMESH
G0 F600 Z1.95
G0 F7200 X113.307 Y92.354
G0 X113.384 Y90.636
G0 X119.025 Y90.368
G0 X124.548 Y86.352
G0 X125.508 Y85.358
G0 X126.4 Y83.49
G0 X126.568 Y81.691
G0 X122.495 Y68.771
G0 X121.466 Y67.106
G0 X118.705 Y65.178
G0 X118.512 Y63.916
;TIME_ELAPSED:337.500271
;LAYER:11
;TYPE:WALL-OUTER
;MESH:LED-charm-top_N0.8_v12.stl
G11
G1 F1837.8 X119.042 Y63.724 E919.16955
G1 F1848.2 X119.658 Y63.397 E919.25125
G1 F1877.1 X120.257 Y62.768 E919.35157
G1 F1879.8 X120.684 Y62.091 E919.4439
G1 F1858.6 X124.566 Y50.144 E920.90799
G1 F1840.4 X124.665 Y49.4 E920.99625
G1 F1909.7 X124.59 Y48.584 E921.08942
G1 F1954.8 X124.291 Y47.788 E921.18406
G1 F1890.6 X123.998 Y47.369 E921.24273
G1 F1861.2 X123.55 Y46.855 E921.3221
G1 F1858.6 X115.486 Y40.99 E922.48425
G1 F1856 X107.835 Y40.992 E923.37712
G1 F1882.5 X99.92 Y46.747 E924.50448
G1 X99.388 Y47.276 E924.5909
G1 F1871.8 X99.086 Y47.724 E924.65347
G1 F1861.2 X98.813 Y48.321 E924.72988
G1 F1893.3 X98.666 Y49.035 E924.81342
G1 F1896 X98.685 Y49.663 E924.88533
G1 F1863.9 X98.786 Y50.229 E924.95217
G1 F1861.2 X102.612 Y62 E926.39287
G1 F1825.1 X103.062 Y62.761 E926.49763
G1 F1830.2 X103.561 Y63.273 E926.58214
G1 F1850.8 X104.028 Y63.593 E926.64838
G1 F1840.4 X104.686 Y63.881 E926.73284
G1 F1879.8 X105.281 Y64.038 E926.80383
G1 F1901.5 X117.782 Y64.036 E928.23082
G1 F1866.5 X118.512 Y63.916 E928.31671
G10
;MESH:LED-charm-base_N0.8_v12.stl
G0 F7200 X118.611 Y89.098
G11
G1 F1879.8 X123.754 Y85.358 E929.05023
G1 F1893.3 X124.303 Y84.84 E929.13673
G1 F1874.5 X124.812 Y84.111 E929.23955
G1 F1887.9 X125.009 Y83.64 E929.29822
G1 F1871.8 X125.161 Y83.15 E929.35762
G1 F1904.2 X125.285 Y82.594 E929.42257
G1 F1896 X125.28 Y81.782 E929.5155
G1 F1832.7 X125.167 Y81.112 E929.59571
G1 F1866.5 X121.323 Y69.266 E931.04163
G1 F1877.1 X121.025 Y68.671 E931.11849
G1 F1861.2 X120.556 Y68.013 E931.21255
G1 F1874.5 X120.117 Y67.607 E931.2817
G1 F1909.7 X119.613 Y67.24 E931.35259
G1 F1893.3 X118.782 Y66.835 E931.45853
G1 F1866.5 X117.709 Y66.656 E931.58482
G1 F1845.6 X105.187 Y66.658 E933.05366
G1 F1848.2 X104.221 Y66.84 E933.16881
G1 F1850.8 X103.396 Y67.221 E933.27513
G1 F1866.5 X102.606 Y67.832 E933.39108
G1 F1901.5 X102.015 Y68.58 E933.4999
G1 F1882.5 X101.673 Y69.28 E933.58965
G1 F1856 X97.83 Y81.112 E935.04145
G1 F1830.2 X97.702 Y81.862 E935.13139
G1 F1815 X97.734 Y82.735 E935.23543
G1 F1835.3 X97.939 Y83.512 E935.33017
G1 F1893.3 X98.116 Y83.982 E935.38773
G1 F1896 X98.521 Y84.606 E935.47287
G1 F1856 X98.851 Y84.997 E935.53258
G1 F1877.1 X99.242 Y85.358 E935.59404
G1 X104.389 Y89.1 E936.32903
G1 F1866.5 X118.611 Y89.098 E937.9802
G10
G0 F7200 X118.205 Y87.831
G0 X117.076 Y79.873
G0 X117.076 Y78.6
G11
G1 F1856 X117.034 Y78.152 E938.03271
G1 F1869.2 X116.906 Y77.545 E938.10464
G1 F1871.8 X116.525 Y76.501 E938.23334
G1 F1850.8 X116.016 Y75.695 E938.34487
G1 F1856 X115.485 Y75.067 E938.44084
G1 F1853.4 X115.014 Y74.642 E938.51497
G1 F1845.6 X114.498 Y74.277 E938.58911
G1 F1871.8 X113.664 Y73.838 E938.69825
G1 F1887.9 X112.765 Y73.528 E938.80752
G1 F1863.9 X111.866 Y73.416 E938.91283
G1 F1858.6 X111.002 Y73.416 E939.01353
G1 F1874.5 X110.259 Y73.541 E939.10067
G1 F1877.1 X109.359 Y73.828 E939.20977
G1 X108.568 Y74.219 E939.31169
G1 X107.937 Y74.674 E939.40154
G1 F1874.5 X107.335 Y75.25 E939.4979
G1 F1877.1 X106.758 Y76.001 E939.60728
G1 F1887.9 X106.289 Y76.915 E939.72532
G1 F1909.7 X105.989 Y77.907 E939.84315
G1 F1887.9 X105.92 Y78.599 E939.92306
G10
G0 F7200 X107.191 Y78.68
G0 X113.891 Y81.783
G0 X115.105 Y82.466
G11
G1 F1705.7 X114.947 Y82.375 E939.94603
G1 X114.948 Y82.557 E939.96897
G1 X115.105 Y82.466 E939.99183
G10
G0 F7200 X113.891 Y81.783
G0 X109.252 Y82.074
G0 X108.111 Y82.523
G11
G1 F1607.8 X107.946 Y82.428 E940.01713
G1 X107.946 Y82.618 E940.04238
G1 X108.111 Y82.523 E940.06769
G10
G0 F7200 X109.574 Y92.333
G0 X114.301 Y92.051
G11
G1 F1311.5 X112.019 Y92.049 E940.43121
G1 F1297.6 X111.417 Y92.058 E940.52802
G1 F1305.9 X110.859 Y92.044 E940.61728
G1 F1325.7 X108.692 Y92.043 E940.95923
G1 X109.476 Y92.616 E941.11246
G1 X110.238 Y92.949 E941.24369
G1 X110.764 Y93.089 E941.32958
G1 F1305.9 X111.407 Y93.142 E941.43274
G1 F1297.6 X112.099 Y93.105 E941.54418
G1 F1311.5 X112.927 Y92.904 E941.67991
G1 X113.685 Y92.492 E941.81734
G1 X114.301 Y92.051 E941.93803
G0 F7200 X113.901 Y92.051
G10
;MESH:NONMESH
G0 F600 Z2.1
G0 F7200 X113.309 Y92.353
G0 X113.387 Y90.635
G0 X119.025 Y90.368
G0 X124.548 Y86.352
G0 X125.508 Y85.358
G0 X126.4 Y83.49
G0 X126.568 Y81.691
G0 X122.495 Y68.771
G0 X121.466 Y67.106
G0 X118.705 Y65.178
G0 X118.512 Y63.916
;TIME_ELAPSED:347.379489
;LAYER:12
;TYPE:WALL-OUTER
;MESH:LED-charm-top_N0.8_v12.stl
G11
G1 F1837.8 X119.042 Y63.724 E942.0044
G1 F1848.2 X119.658 Y63.397 E942.0861
G1 F1877.1 X120.257 Y62.768 E942.18643
G1 F1882.5 X120.685 Y62.089 E942.27889
G1 F1861.2 X124.532 Y50.231 E943.72998
G1 F1887.9 X124.674 Y49.512 E943.81419
G1 F1954.8 X124.59 Y48.586 E943.91768
G1 X124.291 Y47.788 E944.01252
G1 F1890.6 X123.998 Y47.369 E944.07119
G1 F1861.2 X123.55 Y46.855 E944.15056
G1 F1858.6 X115.486 Y40.99 E945.31271
G1 F1845.6 X107.835 Y40.992 E946.21017
G1 X99.815 Y46.824 E947.37335
G1 F1840.4 X99.215 Y47.463 E947.47643
G1 F1830.2 X98.831 Y48.266 E947.58164
G1 F1882.5 X98.666 Y49.04 E947.67281
G1 F1896 X98.685 Y49.663 E947.74415
G1 F1863.9 X98.785 Y50.225 E947.8105
G1 F1861.2 X102.612 Y62 E949.25169
G1 F1825.1 X103.062 Y62.761 E949.35645
G1 F1830.2 X103.561 Y63.273 E949.44096
G1 F1853.4 X104.028 Y63.592 E949.50704
G1 F1848.2 X104.686 Y63.879 E949.59114
G1 F1887.9 X105.275 Y64.038 E949.66124
G1 F1904.2 X117.782 Y64.036 E951.08704
G1 F1866.5 X118.512 Y63.916 E951.17293
G10
;MESH:LED-charm-base_N0.8_v12.stl
G0 F7200 X118.611 Y89.098
G11
G1 F1912.5 X123.962 Y85.202 E951.92452
G1 F1946.2 X124.493 Y84.614 E952.01306
G1 F1866.5 X124.863 Y83.978 E952.09849
G1 X125.103 Y83.412 E952.16986
G1 F1972.2 X125.285 Y82.602 E952.26152
G1 F1896 X125.28 Y81.782 E952.35537
G1 F1850.8 X125.214 Y81.253 E952.41774
G1 F1879.8 X123.278 Y75.294 E953.14048
G1 F1856 X121.342 Y69.334 E953.87178
G1 F1845.6 X121.074 Y68.752 E953.94694
G1 F1850.8 X120.608 Y68.047 E954.04582
G1 F1866.5 X119.971 Y67.487 E954.14429
G1 F1863.9 X119.529 Y67.202 E954.20543
G1 F1856 X118.62 Y66.788 E954.32199
G1 F1877.1 X117.652 Y66.656 E954.43483
G1 F1866.5 X105.179 Y66.658 E955.88295
G1 F1885.2 X104.607 Y66.76 E955.94979
G1 X103.667 Y67.061 E956.06335
G1 F1893.3 X102.931 Y67.536 E956.16374
G1 F1915.2 X102.386 Y68.092 E956.25202
G1 F1882.5 X101.966 Y68.683 E956.33555
G1 F1871.8 X101.676 Y69.265 E956.41085
G1 F1856 X97.832 Y81.112 E957.86435
G1 F1832.7 X97.703 Y81.854 E957.95326
G1 F1825.1 X97.724 Y82.656 E958.04833
G1 F1858.6 X97.932 Y83.514 E958.15122
G1 F1882.5 X98.128 Y83.976 E958.20904
G1 F1856 X98.522 Y84.605 E958.29565
G1 F1832.7 X98.856 Y84.993 E958.35609
G1 F1853.4 X99.243 Y85.357 E958.41817
G1 F1866.5 X104.389 Y89.1 E959.15695
G1 F1871.8 X118.611 Y89.098 E960.80385
G10
G0 F7200 X118.206 Y87.831
G0 X117.076 Y79.873
G0 X117.076 Y78.6
G11
G1 F1856 X117.034 Y78.152 E960.85637
G1 F1869.2 X116.906 Y77.545 E960.9283
G1 F1871.8 X116.525 Y76.501 E961.05699
G1 F1850.8 X116.016 Y75.695 E961.16852
G1 F1856 X115.485 Y75.067 E961.2645
G1 F1853.4 X115.014 Y74.642 E961.33863
G1 F1845.6 X114.498 Y74.277 E961.41276
G1 F1871.8 X113.664 Y73.838 E961.5219
G1 F1887.9 X112.765 Y73.528 E961.63117
G1 F1863.9 X111.866 Y73.416 E961.73648
G1 F1858.6 X111.002 Y73.416 E961.83718
G1 F1874.5 X110.259 Y73.541 E961.92432
G1 F1877.1 X109.359 Y73.828 E962.03343
G1 X108.568 Y74.219 E962.13534
G1 X107.937 Y74.674 E962.22519
G1 F1874.5 X107.335 Y75.25 E962.32155
G1 F1877.1 X106.758 Y76.001 E962.43093
G1 F1887.9 X106.289 Y76.915 E962.54897
G1 F1909.7 X105.989 Y77.907 E962.66681
G1 F1887.9 X105.92 Y78.599 E962.74671
G10
G0 F7200 X107.191 Y78.68
G0 X114.275 Y81.403
G0 X115.088 Y82.498
G11
G1 F1705.7 X114.93 Y82.407 E962.76969
G1 X114.931 Y82.589 E962.79262
G1 X115.088 Y82.498 E962.81548
G10
G0 F7200 X113.675 Y82.277
G0 X109.336 Y82.468
G0 X108.12 Y82.514
G11
G1 F1705.7 X107.962 Y82.423 E962.83846
G1 X107.963 Y82.605 E962.86139
G1 X108.12 Y82.514 E962.88425
G10
G0 F7200 X109.579 Y92.336
G0 X114.296 Y92.051
G11
G1 F1312.9 X112.019 Y92.05 E963.24664
G1 F1300.4 X111.42 Y92.06 E963.34279
G1 F1308.7 X110.826 Y92.043 E963.43763
G1 F1332.9 X108.686 Y92.044 E963.77372
G1 X109.476 Y92.62 E963.92727
G1 X110.237 Y92.956 E964.05791
G1 X110.731 Y93.083 E964.13802
G1 F1308.7 X111.408 Y93.142 E964.24648
G1 F1300.4 X112.099 Y93.106 E964.35753
G1 F1312.9 X112.928 Y92.905 E964.49329
G1 X113.68 Y92.498 E964.62937
G1 X114.296 Y92.051 E964.7505
G0 F7200 X113.896 Y92.051
G10
;MESH:NONMESH
G0 F600 Z2.25
G0 F7200 X113.307 Y92.354
G0 X113.384 Y90.636
G0 X119.025 Y90.368
G0 X124.548 Y86.352
G0 X125.508 Y85.358
G0 X126.4 Y83.49
G0 X126.568 Y81.691
G0 X122.495 Y68.771
G0 X121.466 Y67.106
G0 X118.705 Y65.178
G0 X118.512 Y63.916
;TIME_ELAPSED:357.260500
;LAYER:13
;TYPE:WALL-OUTER
;MESH:LED-charm-top_N0.8_v12.stl
G11
G1 F1835.3 X119.043 Y63.723 E964.81711
G1 F1871.8 X119.662 Y63.39 E964.89851
G1 F1890.6 X120.171 Y62.867 E964.98225
G1 F1843 X120.476 Y62.433 E965.04456
G1 F1848.2 X120.725 Y61.969 E965.10625
G1 F1863.9 X124.52 Y50.273 E966.53569
G1 F1893.3 X124.675 Y49.517 E966.62413
G1 F1954.8 X124.59 Y48.585 E966.72829
G1 X124.291 Y47.788 E966.82303
G1 F1890.6 X123.998 Y47.369 E966.8817
G1 F1861.2 X123.55 Y46.855 E966.96107
G1 F1858.6 X115.486 Y40.99 E968.12322
G1 F1845.6 X107.835 Y40.992 E969.02068
G1 F1840.4 X99.807 Y46.828 E970.18787
G1 F1843 X99.303 Y47.375 E970.27523
G1 F1848.2 X98.961 Y47.981 E970.35675
G1 F1856 X98.781 Y48.486 E970.41932
G1 F1874.5 X98.663 Y49.046 E970.4855
G1 F1885.2 X98.696 Y49.951 E970.58969
G1 F1866.5 X102.612 Y62.001 E972.06072
G1 F1845.6 X102.915 Y62.56 E972.1353
G1 F1856 X103.35 Y63.081 E972.21451
G1 F1866.5 X103.756 Y63.423 E972.27614
G1 F1845.6 X104.387 Y63.796 E972.36212
G1 F1866.5 X105.267 Y64.038 E972.46808
G1 F1898.7 X117.782 Y64.036 E973.89855
G1 F1866.5 X118.512 Y63.916 E973.98444
G10
;MESH:LED-charm-base_N0.8_v12.stl
G0 F7200 X118.611 Y89.098
G11
G1 F1871.8 X123.753 Y85.357 E974.7208
G1 F1863.9 X124.143 Y84.996 E974.78257
G1 F1898.7 X124.492 Y84.614 E974.84172
G1 F1885.2 X124.943 Y83.843 E974.94448
G1 F1843 X125.19 Y83.077 E975.03901
G1 F1871.8 X125.339 Y82.049 E975.1593
G1 F1866.5 X125.164 Y81.112 E975.26996
G1 F1856 X121.321 Y69.267 E976.72321
G1 F1840.4 X121.015 Y68.677 E976.80137
G1 F1882.5 X120.635 Y68.071 E976.88377
G1 F1932 X119.792 Y67.328 E977.01018
G1 F1904.2 X118.702 Y66.799 E977.1483
G1 F1890.6 X117.652 Y66.656 E977.2699
G1 F1866.5 X105.181 Y66.658 E978.71779
G1 F1863.9 X104.221 Y66.84 E978.83138
G1 F1856 X103.403 Y67.218 E978.93654
G1 F1845.6 X102.791 Y67.68 E979.02648
G1 F1871.8 X102.388 Y68.09 E979.09305
G1 F1882.5 X101.965 Y68.683 E979.17697
G1 F1874.5 X101.676 Y69.265 E979.25212
G1 F1856 X97.832 Y81.112 E980.70562
G1 F1877.1 X97.681 Y81.937 E980.80249
G1 X97.739 Y82.815 E980.90412
G1 F1866.5 X97.986 Y83.647 E981.00488
G1 F1907 X98.327 Y84.318 E981.09057
G1 F1898.7 X98.795 Y84.943 E981.17982
G1 F1877.1 X99.243 Y85.357 E981.25027
G1 F1861.2 X104.389 Y89.1 E981.99096
G1 X118.611 Y89.098 E983.6464
G10
G0 F7200 X118.205 Y87.831
G0 X117.076 Y79.873
G0 X117.076 Y78.6
G11
G1 F1856 X117.034 Y78.152 E983.69891
G1 F1869.2 X116.906 Y77.545 E983.77084
G1 F1871.8 X116.525 Y76.501 E983.89954
G1 F1850.8 X116.016 Y75.695 E984.01107
G1 F1856 X115.485 Y75.067 E984.10704
G1 F1853.4 X115.014 Y74.642 E984.18117
G1 F1845.6 X114.498 Y74.277 E984.25531
G1 F1871.8 X113.664 Y73.838 E984.36445
G1 F1887.9 X112.765 Y73.528 E984.47371
G1 F1863.9 X111.866 Y73.416 E984.57903
G1 F1858.6 X111.002 Y73.416 E984.67973
G1 F1874.5 X110.259 Y73.541 E984.76687
G1 F1877.1 X109.359 Y73.828 E984.87597
G1 X108.568 Y74.219 E984.97789
G1 X107.937 Y74.674 E985.06774
G1 F1874.5 X107.335 Y75.25 E985.16409
G1 F1877.1 X106.758 Y76.001 E985.27348
G1 F1887.9 X106.289 Y76.915 E985.39152
G1 F1909.7 X105.989 Y77.907 E985.50935
G1 F1887.9 X105.92 Y78.599 E985.58926
G10
G0 F7200 X107.191 Y78.68
G0 X113.999 Y81.596
G0 X115.105 Y82.508
G11
G1 F1603.8 X114.938 Y82.412 E985.61492
G1 X114.939 Y82.604 E985.64049
G1 X115.105 Y82.508 E985.66603
G10
G0 F7200 X113.669 Y82.457
G0 X109.326 Y82.608
G0 X108.121 Y82.497
G11
G1 F1661.9 X107.96 Y82.404 E985.69002
G1 X107.961 Y82.59 E985.71401
G1 X108.121 Y82.497 E985.73789
G10
G0 F7200 X109.579 Y92.336
G0 X114.294 Y92.05
G11
G1 F1312.9 X112.018 Y92.05 E986.10011
G1 F1299 X111.415 Y92.06 E986.197
G1 F1300.4 X110.984 Y92.051 E986.26619
G1 F1314.3 X108.698 Y92.05 E986.62966
G1 X109.481 Y92.617 E986.78337
G1 X110.238 Y92.947 E986.91467
G1 X110.898 Y93.107 E987.02265
G1 F1300.4 X111.41 Y93.142 E987.10502
G1 F1299 X112.099 Y93.106 E987.21586
G1 F1312.9 X112.928 Y92.905 E987.35162
G1 X113.68 Y92.498 E987.4877
G1 X114.294 Y92.05 E987.60867
G0 F7200 X113.894 Y92.05
G10
;MESH:NONMESH
G0 F600 Z2.4
G0 F7200 X113.307 Y92.354
G0 X113.384 Y90.636
G0 X119.025 Y90.368
G0 X124.548 Y86.352
G0 X125.508 Y85.358
G0 X126.403 Y83.481
G0 X126.563 Y81.664
G0 X122.495 Y68.771
G0 X121.466 Y67.106
G0 X118.705 Y65.178
G0 X118.512 Y63.916
;TIME_ELAPSED:367.143379
;LAYER:14
;TYPE:WALL-OUTER
;MESH:LED-charm-top_N0.8_v12.stl
G11
G1 F1835.3 X119.043 Y63.723 E987.67528
G1 F1866.5 X119.609 Y63.423 E987.74965
G1 F1882.5 X120.076 Y62.971 E987.82452
G1 F1843 X120.417 Y62.529 E987.89009
G1 X120.705 Y62.03 E987.95776
G1 F1856 X124.521 Y50.274 E989.40015
G1 X124.655 Y49.523 E989.48918
G1 F1845.6 X124.62 Y48.666 E989.58979
G1 F1887.9 X124.316 Y47.853 E989.68952
G1 F1863.9 X123.922 Y47.262 E989.77209
G1 F1845.6 X123.516 Y46.832 E989.84146
G1 F1871.8 X115.486 Y40.99 E990.99138
G1 F1858.6 X107.835 Y40.992 E991.88311
G1 F1882.5 X99.92 Y46.747 E993.01046
G1 F1887.9 X99.402 Y47.26 E993.09423
G1 F1877.1 X99.051 Y47.788 E993.16746
G1 F1871.8 X98.815 Y48.356 E993.23868
G1 F1885.2 X98.66 Y49.032 E993.31847
G1 F1896 X98.695 Y49.949 E993.4235
G1 F1866.5 X102.612 Y62 E994.89467
G1 F1825.1 X103.062 Y62.761 E994.99944
G1 F1830.2 X103.561 Y63.273 E995.08395
G1 F1850.8 X104.032 Y63.595 E995.1507
G1 F1822.5 X104.651 Y63.877 E995.23141
G1 F1820 X105.278 Y64.038 E995.30831
G1 F1848.2 X111.53 Y64.037 E996.04073
G1 F1871.8 X117.782 Y64.036 E996.76471
G1 F1866.5 X118.512 Y63.916 E996.85061
G10
;MESH:LED-charm-base_N0.8_v12.stl
G0 F7200 X118.611 Y89.098
G11
G1 F1866.5 X104.389 Y89.1 E998.50178
G1 F1871.8 X99.242 Y85.358 E999.23867
G1 F1853.4 X98.856 Y84.993 E999.30075
G1 F1832.7 X98.522 Y84.605 E999.36119
G1 F1858.6 X98.135 Y83.989 E999.44597
G1 F1885.2 X97.905 Y83.432 E999.5153
G1 F1909.7 X97.715 Y82.625 E999.60957
G1 X97.723 Y81.764 E999.70747
G1 F1869.2 X97.832 Y81.112 E999.78412
G1 F1856 X101.675 Y69.268 E1001.23725
G1 F1861.2 X102.015 Y68.599 E1001.3246
G1 X102.391 Y68.092 E1001.39807
G1 F1871.8 X102.744 Y67.719 E1001.45754
G1 F1861.2 X103.4 Y67.22 E1001.55348
G1 F1879.8 X103.949 Y66.967 E1001.62321
G1 F1923.6 X104.603 Y66.761 E1001.70066
G1 F1887.9 X105.196 Y66.656 E1001.76985
G1 F1869.2 X117.663 Y66.656 E1003.2154
G1 F1885.2 X118.394 Y66.753 E1003.30024
G1 F1898.7 X119.068 Y66.975 E1003.38135
G1 F1909.7 X119.604 Y67.237 E1003.44919
G1 X120.374 Y67.813 E1003.55852
G1 F1915.2 X120.992 Y68.583 E1003.67048
G1 F1887.9 X121.326 Y69.287 E1003.76001
G1 F1866.5 X123.27 Y75.271 E1004.4905
G1 F1887.9 X125.214 Y81.255 E1005.21343
G1 F1856 X125.278 Y81.764 E1005.2733
G1 F1815 X125.295 Y82.431 E1005.35277
G1 F1835.3 X125.17 Y83.147 E1005.43846
G1 F1840.4 X124.944 Y83.847 E1005.52496
G1 F1866.5 X124.689 Y84.293 E1005.58461
G1 F1898.7 X124.303 Y84.839 E1005.66104
G1 F1887.9 X123.753 Y85.358 E1005.74793
G1 F1877.1 X118.611 Y89.098 E1006.48231
G10
G0 F7200 X118.206 Y87.831
G0 X117.076 Y79.873
G0 X117.076 Y78.6
G11
G1 F1856 X117.034 Y78.152 E1006.53482
G1 F1869.2 X116.906 Y77.545 E1006.60675
G1 F1871.8 X116.525 Y76.501 E1006.73544
G1 F1850.8 X116.016 Y75.695 E1006.84698
G1 F1856 X115.485 Y75.067 E1006.94295
G1 F1853.4 X115.014 Y74.642 E1007.01708
G1 F1845.6 X114.498 Y74.277 E1007.09122
G1 F1871.8 X113.664 Y73.838 E1007.20036
G1 F1893.3 X112.847 Y73.556 E1007.29941
G1 X111.886 Y73.414 E1007.41073
G1 F1887.9 X110.94 Y73.426 E1007.51944
G1 F1879.8 X110.259 Y73.541 E1007.5991
G1 F1877.1 X109.359 Y73.828 E1007.70821
G1 X108.568 Y74.219 E1007.81012
G1 X107.937 Y74.674 E1007.89997
G1 F1874.5 X107.335 Y75.25 E1007.99633
G1 F1877.1 X106.758 Y76.001 E1008.10572
G1 F1887.9 X106.289 Y76.915 E1008.22375
G1 F1909.7 X105.989 Y77.907 E1008.34159
G1 F1887.9 X105.92 Y78.599 E1008.42149
G10
G0 F7200 X107.191 Y78.68
G0 X113.758 Y82.025
G0 X115.089 Y82.513
G11
G1 F1644.9 X114.927 Y82.419 E1008.44588
G1 X114.927 Y82.607 E1008.47036
G1 X115.089 Y82.513 E1008.49474
G10
G0 F7200 X113.758 Y82.025
G0 X109.305 Y82.181
G0 X108.108 Y82.495
G11
G1 F1692.3 X107.95 Y82.404 E1008.51788
G1 X107.951 Y82.586 E1008.54098
G1 X108.108 Y82.495 E1008.56401
G10
G0 F7200 X109.619 Y92.334
G0 X114.303 Y92.051
G11
G1 F1312.9 X112.021 Y92.05 E1008.92719
G1 F1297.6 X111.285 Y92.062 E1009.04555
G1 F1314.3 X110.718 Y92.038 E1009.13579
G1 F1349 X108.659 Y92.038 E1009.45575
G1 X109.296 Y92.499 E1009.57795
G1 X109.945 Y92.846 E1009.69231
G1 X110.593 Y93.06 E1009.79836
G1 F1314.3 X111.257 Y93.147 E1009.90484
G1 F1297.6 X112.1 Y93.106 E1010.04055
G1 F1312.9 X112.928 Y92.905 E1010.17616
G1 X113.689 Y92.493 E1010.31388
G1 X114.303 Y92.051 E1010.43428
G0 F7200 X113.903 Y92.051
G10
;MESH:NONMESH
G0 F600 Z2.55
G0 F7200 X113.307 Y92.354
G0 X113.384 Y90.636
G0 X119.025 Y90.368
G0 X124.548 Y86.352
G0 X125.508 Y85.358
G0 X126.4 Y83.49
G0 X126.561 Y81.658
G0 X122.495 Y68.771
G0 X121.59 Y67.281
G0 X119.477 Y64.925
G0 X119.043 Y63.723
;TIME_ELAPSED:376.988418
;LAYER:15
;TYPE:WALL-OUTER
;MESH:LED-charm-top_N0.8_v12.stl
G11
G1 F1866.5 X119.611 Y63.422 E1010.50892
G1 F1877.1 X120.233 Y62.819 E1010.60898
G1 F1856 X120.694 Y62.055 E1010.71311
G1 F1877.1 X124.632 Y49.942 E1012.18424
G1 F1907 X124.657 Y48.895 E1012.30347
G1 F1877.1 X124.429 Y48.115 E1012.39733
G1 F1812.5 X124.007 Y47.363 E1012.50016
G1 F1825.1 X123.509 Y46.825 E1012.58704
G1 F1845.6 X115.486 Y40.99 E1013.75071
G1 F1858.6 X107.835 Y40.992 E1014.64243
G1 F1882.5 X99.92 Y46.747 E1015.76979
G1 F1871.8 X99.349 Y47.309 E1015.86257
G1 F1877.1 X99.07 Y47.766 E1015.92441
G1 F1915.2 X98.807 Y48.357 E1015.99776
G1 F1893.3 X98.639 Y49.182 E1016.09425
G1 F1885.2 X98.739 Y50.086 E1016.19889
G1 F1896 X100.676 Y56.044 E1016.91591
G1 F1863.9 X102.612 Y62.002 E1017.64418
G1 F1845.6 X102.912 Y62.555 E1017.71798
G1 F1856 X103.325 Y63.059 E1017.79402
G1 F1853.4 X103.897 Y63.514 E1017.87942
G1 F1805 X104.582 Y63.86 E1017.97128
G1 F1850.8 X105.275 Y64.038 E1018.055
G1 F1920.8 X111.529 Y64.037 E1018.76232
G1 F1896 X117.783 Y64.036 E1019.4781
G1 F1866.5 X118.512 Y63.916 E1019.56387
G1 F1835.3 X119.043 Y63.723 E1019.63048
G10
;MESH:LED-charm-base_N0.8_v12.stl
G0 F7200 X118.611 Y89.098
G11
G1 F1871.8 X123.753 Y85.357 E1020.36684
G1 F1882.5 X124.319 Y84.832 E1020.45577
G1 F1893.3 X124.935 Y83.892 E1020.58457
G1 F1866.5 X125.167 Y83.147 E1020.67516
G1 F1877.1 X125.295 Y82.563 E1020.74421
G1 F1850.8 X125.276 Y81.78 E1020.83585
G1 F1827.6 X125.168 Y81.112 E1020.91594
G1 F1856 X121.318 Y69.268 E1022.36932
G1 F1845.6 X121.058 Y68.729 E1022.43952
G1 F1835.3 X120.591 Y68.047 E1022.53697
G1 X119.967 Y67.492 E1022.63543
G1 F1850.8 X119.53 Y67.201 E1022.69686
G1 F1856 X118.973 Y66.927 E1022.7693
G1 X118.269 Y66.726 E1022.85474
G1 F1869.2 X117.694 Y66.658 E1022.92187
G1 F1882.5 X104.992 Y66.657 E1024.38514
G1 F1898.7 X103.953 Y66.966 E1024.50904
G1 F1866.5 X103.299 Y67.266 E1024.59258
G1 F1835.3 X102.749 Y67.725 E1024.67704
G1 F1877.1 X102.332 Y68.132 E1024.74434
G1 X101.972 Y68.686 E1024.82065
G1 F1858.6 X101.674 Y69.267 E1024.89675
G1 F1861.2 X97.827 Y81.113 E1026.34651
G1 F1850.8 X97.711 Y81.841 E1026.43277
G1 F1869.2 X97.711 Y82.654 E1026.52703
G1 F1885.2 X97.929 Y83.509 E1026.62855
G1 F1869.2 X98.13 Y83.974 E1026.68729
G1 F1866.5 X98.452 Y84.52 E1026.76088
G1 F1882.5 X99.037 Y85.209 E1026.865
G1 F1871.8 X104.389 Y89.1 E1027.63124
G1 F1861.2 X118.611 Y89.098 E1029.28668
G10
G0 F7200 X118.205 Y87.831
G0 X117.076 Y79.873
G0 X117.076 Y78.6
G11
G1 F1856 X117.034 Y78.152 E1029.3392
G1 F1869.2 X116.906 Y77.545 E1029.41112
G1 F1871.8 X116.525 Y76.501 E1029.53982
G1 F1850.8 X116.016 Y75.695 E1029.65135
G1 F1856 X115.485 Y75.067 E1029.74733
G1 F1853.4 X115.014 Y74.642 E1029.82146
G1 F1845.6 X114.498 Y74.277 E1029.89559
G1 F1871.8 X113.664 Y73.838 E1030.00473
G1 F1893.3 X112.855 Y73.559 E1030.1028
G1 F1887.9 X112.009 Y73.427 E1030.20119
G1 F1869.2 X111.022 Y73.413 E1030.31564
G1 X110.259 Y73.541 E1030.40535
G1 F1877.1 X109.359 Y73.828 E1030.51445
G1 X108.568 Y74.219 E1030.61637
G1 X107.937 Y74.674 E1030.70622
G1 F1874.5 X107.335 Y75.25 E1030.80257
G1 F1877.1 X106.757 Y76.001 E1030.91203
G1 F1887.9 X106.29 Y76.914 E1031.02986
G1 F1904.2 X105.997 Y77.875 E1031.14439
G1 F1887.9 X105.922 Y78.601 E1031.22825
G10
G0 F7200 X107.191 Y78.682
G0 X113.787 Y81.964
G0 X115.115 Y82.485
G11
G1 F1657.6 X114.954 Y82.392 E1031.2523
G1 X114.955 Y82.578 E1031.27635
G1 X115.115 Y82.485 E1031.30027
G10
G0 F7200 X113.787 Y81.964
G0 X109.14 Y81.895
G0 X108.088 Y82.487
G11
G1 F1733 X107.933 Y82.398 E1031.32247
G1 X107.934 Y82.576 E1031.34458
G1 X108.088 Y82.487 E1031.36667
G10
G0 F7200 X109.615 Y92.334
G0 X114.301 Y92.051
G11
G1 F1312.9 X112.018 Y92.05 E1031.73001
G1 F1300.4 X111.426 Y92.06 E1031.82504
G1 F1311.5 X110.7 Y92.041 E1031.94073
G1 F1338.7 X108.666 Y92.041 E1032.25895
G1 X109.31 Y92.505 E1032.38313
G1 X109.915 Y92.831 E1032.49065
G1 X110.582 Y93.075 E1032.60177
G1 F1311.5 X111.417 Y93.142 E1032.73521
G1 F1300.4 X112.099 Y93.106 E1032.84482
G1 F1312.9 X112.928 Y92.905 E1032.98058
G1 X113.681 Y92.498 E1033.11681
G1 X114.301 Y92.051 E1033.23845
G0 F7200 X113.901 Y92.051
G10
;MESH:NONMESH
G0 F600 Z2.7
G0 F7200 X113.307 Y92.354
G0 X109.615 Y92.334
G0 X109.615 Y90.636
G0 X103.975 Y90.368
G0 X98.452 Y86.352
G0 X97.486 Y85.351
G0 X96.728 Y83.914
G0 X96.449 Y82.818
G0 X96.574 Y80.873
G0 X100.504 Y68.773
G0 X101.406 Y67.284
G0 X104.197 Y65.101
G0 X104.433 Y63.811
;TIME_ELAPSED:386.902225
;LAYER:16
;TYPE:WALL-OUTER
;MESH:LED-charm-top_N0.8_v12.stl
G11
G1 F1915.2 X105.273 Y64.038 E1033.33712
G1 F1887.9 X111.615 Y64.038 E1034.06582
G1 F1850.8 X117.957 Y64.038 E1034.80783
G1 F1812.5 X118.836 Y63.831 E1034.91552
G1 F1840.4 X119.59 Y63.433 E1035.01579
G1 F1863.9 X120.205 Y62.851 E1035.11422
G1 F1850.8 X120.684 Y62.094 E1035.21903
G1 X124.566 Y50.146 E1036.68888
G1 F1882.5 X124.636 Y49.616 E1036.75047
G1 F1869.2 X124.659 Y48.904 E1036.83307
G1 F1815 X124.429 Y48.112 E1036.93129
G1 F1879.8 X124.202 Y47.617 E1036.99411
G1 F1907 X123.567 Y46.869 E1037.10582
G1 F1858.6 X115.486 Y40.99 E1038.27053
G1 F1856 X107.835 Y40.992 E1039.1634
G1 F1882.5 X99.92 Y46.747 E1040.29076
G1 F1885.2 X99.404 Y47.256 E1040.37415
G1 F1874.5 X99.089 Y47.719 E1040.43891
G1 X98.856 Y48.225 E1040.50333
G1 F1871.8 X98.662 Y48.974 E1040.59293
G1 F1885.2 X98.694 Y49.947 E1040.70493
G1 F1898.7 X102.547 Y61.809 E1042.13049
G1 F1887.9 X102.831 Y62.421 E1042.20801
G1 X103.204 Y62.939 E1042.28136
G1 F1898.7 X103.687 Y63.372 E1042.3555
G1 F1915.2 X104.433 Y63.811 E1042.45366
G10
;MESH:LED-charm-base_N0.8_v12.stl
G0 F7200 X105.925 Y78.604
G11
G1 F1915.2 X105.972 Y78.067 E1042.51479
G1 F1879.8 X106.127 Y77.421 E1042.59142
G1 F1863.9 X106.393 Y76.649 E1042.68634
G1 F1887.9 X106.822 Y75.92 E1042.78353
G1 F1845.6 X107.334 Y75.251 E1042.88235
G1 F1840.4 X107.959 Y74.654 E1042.98399
G1 F1866.5 X108.704 Y74.152 E1043.08829
G1 F1879.8 X109.359 Y73.828 E1043.17258
G1 F1877.1 X110.259 Y73.541 E1043.28169
G1 F1869.2 X111.019 Y73.413 E1043.37105
G1 X111.994 Y73.425 E1043.48411
G1 F1885.2 X112.63 Y73.516 E1043.55803
G1 F1858.6 X113.188 Y73.674 E1043.62562
G1 X113.711 Y73.852 E1043.69001
G1 F1893.3 X114.394 Y74.208 E1043.77828
G1 F1882.5 X114.927 Y74.573 E1043.8527
G1 F1861.2 X115.504 Y75.08 E1043.9421
G1 X116.064 Y75.76 E1044.04464
G1 F1871.8 X116.513 Y76.489 E1044.14379
G1 F1877.1 X116.875 Y77.399 E1044.2569
G1 F1866.5 X117.034 Y78.152 E1044.34625
G1 F1856 X117.076 Y78.6 E1044.39876
G10
G0 F7200 X117.076 Y79.873
G0 X118.205 Y87.831
G0 X118.611 Y89.098
G11
G1 F1877.1 X123.753 Y85.358 E1045.13314
G1 F1887.9 X124.219 Y84.925 E1045.20623
G1 F1904.2 X124.796 Y84.142 E1045.31711
G1 F1923.6 X125.072 Y83.464 E1045.3998
G1 F1915.2 X125.255 Y82.749 E1045.48349
G1 F1877.1 X125.293 Y81.839 E1045.58869
G1 F1856 X125.166 Y81.112 E1045.67481
G1 F1858.6 X121.321 Y69.267 E1047.12626
G1 F1877.1 X120.921 Y68.5 E1047.22617
G1 F1845.6 X120.51 Y67.975 E1047.30438
G1 F1817.5 X119.965 Y67.494 E1047.39085
G1 F1845.6 X119.53 Y67.2 E1047.45243
G1 F1890.6 X118.83 Y66.858 E1047.54183
G1 F1874.5 X118.188 Y66.722 E1047.61773
G1 F1850.8 X117.632 Y66.654 E1047.68327
G1 F1856 X105.193 Y66.658 E1049.1349
G1 X104.23 Y66.836 E1049.24918
G1 X103.396 Y67.221 E1049.35638
G1 X102.723 Y67.742 E1049.4557
G1 F1887.9 X102.054 Y68.522 E1049.57377
G1 F1877.1 X101.676 Y69.268 E1049.67037
G1 F1856 X97.832 Y81.115 E1051.12387
G1 F1866.5 X97.701 Y81.991 E1051.2267
G1 F1882.5 X97.757 Y82.821 E1051.32254
G1 F1856 X97.942 Y83.511 E1051.4059
G1 F1837.8 X98.134 Y83.973 E1051.46482
G1 F1871.8 X98.443 Y84.525 E1051.53807
G1 F1901.5 X99.04 Y85.211 E1051.64188
G1 F1877.1 X104.389 Y89.1 E1052.40572
G1 F1861.2 X118.611 Y89.098 E1054.06116
G10
G0 F7200 X118.205 Y87.831
G0 X115.679 Y83.65
G0 X115.09 Y82.491
G11
G1 F1723.8 X114.934 Y82.401 E1054.08364
G1 X114.934 Y82.581 E1054.1061
G1 X115.09 Y82.491 E1054.12858
G10
G0 F7200 X113.746 Y82.872
G0 X109.283 Y82.648
G0 X108.097 Y82.489
G11
G1 F1737.7 X107.942 Y82.4 E1054.15072
G1 X107.943 Y82.578 E1054.17278
G1 X108.097 Y82.489 E1054.19481
G10
G0 F7200 X109.622 Y92.35
G0 X114.305 Y92.048
G11
G1 F1311.5 X112.019 Y92.048 E1054.55897
G1 F1297.6 X111.42 Y92.058 E1054.65531
G1 F1308.7 X110.826 Y92.042 E1054.75014
G1 F1332.9 X108.682 Y92.043 E1055.08686
G1 X109.476 Y92.619 E1055.24091
G1 X110.237 Y92.956 E1055.37162
G1 X110.731 Y93.083 E1055.45173
G1 F1308.7 X111.408 Y93.142 E1055.56019
G1 F1297.6 X112.099 Y93.105 E1055.67146
G1 F1311.5 X112.928 Y92.904 E1055.80734
G1 X113.689 Y92.493 E1055.94512
G1 X114.305 Y92.048 E1056.06618
G0 F7200 X113.905 Y92.048
G10
;MESH:NONMESH
G0 F600 Z2.85
G0 F7200 X113.31 Y92.352
G0 X113.386 Y90.635
G0 X119.025 Y90.368
G0 X124.548 Y86.352
G0 X125.508 Y85.358
G0 X126.4 Y83.49
G0 X126.568 Y81.691
G0 X122.495 Y68.771
G0 X120.271 Y64.492
G0 X119.771 Y63.326
;TIME_ELAPSED:396.648347
;LAYER:17
;TYPE:WALL-OUTER
;MESH:LED-charm-top_N0.8_v12.stl
G11
G1 F1825.1 X120.463 Y62.479 E1056.19579
G1 F1835.3 X120.721 Y61.979 E1056.26212
G1 F1893.3 X122.624 Y56.115 E1056.96864
G1 F1866.5 X124.527 Y50.251 E1057.6844
G1 F1850.8 X124.656 Y49.519 E1057.77136
G1 F1861.2 X124.625 Y48.765 E1057.8592
G1 F1840.4 X124.409 Y48.049 E1057.94715
G1 F1869.2 X124.19 Y47.587 E1058.00643
G1 F1901.5 X123.559 Y46.863 E1058.11606
G1 F1858.6 X115.486 Y40.99 E1059.27961
G1 F1856 X107.835 Y40.992 E1060.17248
G1 F1845.6 X99.782 Y46.844 E1061.34017
G1 F1830.2 X99.182 Y47.509 E1061.44604
G1 F1845.6 X98.814 Y48.322 E1061.55072
G1 F1893.3 X98.665 Y49.049 E1061.63577
G1 F1915.2 X98.694 Y49.947 E1061.73765
G1 F1882.5 X102.586 Y61.923 E1063.18831
G1 F1840.4 X102.932 Y62.607 E1063.27846
G1 F1827.6 X103.427 Y63.181 E1063.36816
G1 F1840.4 X104.018 Y63.588 E1063.45255
G1 F1837.8 X104.675 Y63.877 E1063.53707
G1 F1858.6 X105.35 Y64.036 E1063.61789
G1 F1871.8 X118.026 Y64.037 E1065.08577
G1 F1848.2 X118.863 Y63.815 E1065.18722
G1 F1858.6 X119.771 Y63.326 E1065.30742
G10
;MESH:LED-charm-base_N0.8_v12.stl
G0 F7200 X118.611 Y89.098
G11
G1 F1877.1 X123.753 Y85.358 E1066.0418
G1 F1879.8 X124.337 Y84.816 E1066.1337
G1 F1869.2 X124.77 Y84.151 E1066.22571
G1 F1856 X125.048 Y83.569 E1066.30098
G1 F1840.4 X125.241 Y82.87 E1066.38626
G1 F1869.2 X125.312 Y81.95 E1066.49325
G1 F1882.5 X125.166 Y81.112 E1066.59125
G1 F1858.6 X121.321 Y69.267 E1068.04269
G1 F1893.3 X120.921 Y68.48 E1068.14386
G1 F1856 X120.51 Y67.975 E1068.21985
G1 F1822.5 X119.967 Y67.492 E1068.30608
G1 F1850.8 X119.53 Y67.201 E1068.3675
G1 F1856 X118.976 Y66.929 E1068.43953
G1 X118.28 Y66.727 E1068.5241
G1 F1866.5 X117.632 Y66.654 E1068.59981
G1 X105.159 Y66.656 E1070.04793
G1 F1856 X104.431 Y66.793 E1070.13438
G1 F1887.9 X103.949 Y66.967 E1070.19326
G1 F1877.1 X103.399 Y67.22 E1070.26318
G1 F1856 X102.746 Y67.721 E1070.35923
G1 F1887.9 X102.258 Y68.244 E1070.44142
G1 F1871.8 X101.972 Y68.686 E1070.50238
G1 F1850.8 X101.677 Y69.268 E1070.57872
G1 F1853.4 X97.832 Y81.112 E1072.0338
G1 F1882.5 X97.681 Y81.92 E1072.12849
G1 F1850.8 X97.729 Y82.652 E1072.21432
G1 F1820 X97.865 Y83.366 E1072.30067
G1 F1871.8 X98.226 Y84.169 E1072.40262
G1 F1866.5 X98.522 Y84.605 E1072.4638
G1 F1845.6 X98.853 Y84.995 E1072.5238
G1 F1853.4 X99.301 Y85.399 E1072.59429
G1 F1856 X104.389 Y89.1 E1073.32853
G1 F1861.2 X118.611 Y89.098 E1074.98397
G10
G0 F7200 X118.205 Y87.831
G0 X117.076 Y79.873
G0 X117.076 Y78.6
G11
G1 F1856 X117.034 Y78.152 E1075.03648
G1 F1866.5 X116.877 Y77.409 E1075.12465
G1 F1877.1 X116.528 Y76.519 E1075.23507
G1 F1874.5 X116.029 Y75.695 E1075.34647
G1 F1877.1 X115.458 Y75.04 E1075.44684
G1 F1858.6 X115.026 Y74.654 E1075.51436
G1 F1856 X114.331 Y74.16 E1075.61387
G1 F1877.1 X113.654 Y73.834 E1075.70065
G1 X112.806 Y73.538 E1075.80439
G1 F1856 X111.889 Y73.416 E1075.91235
G1 X111.002 Y73.416 E1076.01586
G1 F1874.5 X110.259 Y73.541 E1076.103
G1 F1877.1 X109.359 Y73.828 E1076.2121
G1 F1879.8 X108.704 Y74.152 E1076.2964
G1 F1877.1 X108.014 Y74.618 E1076.39256
G1 F1856 X107.373 Y75.206 E1076.49408
G1 X106.814 Y75.929 E1076.60073
G1 F1882.5 X106.34 Y76.785 E1076.71345
G1 F1915.2 X105.999 Y77.859 E1076.84123
G1 F1882.5 X105.916 Y78.594 E1076.92644
G10
G0 F7200 X107.192 Y78.676
G0 X113.851 Y81.791
G0 X115.076 Y82.505
G11
G1 F1683.5 X114.917 Y82.413 E1076.94986
G1 X114.917 Y82.597 E1076.97332
G1 X115.076 Y82.505 E1076.99674
G10
G0 F7200 X113.675 Y82.653
G0 X109.34 Y82.396
G0 X108.1 Y82.503
G11
G1 F1670.5 X107.939 Y82.41 E1077.02062
G1 X107.94 Y82.596 E1077.0445
G1 X108.1 Y82.503 E1077.06826
G10
G0 F7200 X109.612 Y92.332
G0 X114.27 Y92.056
G11
G1 F1284 X111.31 Y92.057 E1077.54867
G1 F1308.7 X110.701 Y92.038 E1077.64591
G1 F1335.8 X108.665 Y92.038 E1077.96506
G1 X109.31 Y92.504 E1078.08979
G1 X109.915 Y92.83 E1078.19751
G1 X110.579 Y93.072 E1078.30829
G1 F1308.7 X111.279 Y93.139 E1078.42052
G1 F1284 X111.941 Y93.136 E1078.52797
G1 F1285.3 X112.924 Y92.896 E1078.69204
G1 X113.675 Y92.49 E1078.83047
G1 X114.27 Y92.056 E1078.94989
G0 F7200 X113.87 Y92.056
G10
;MESH:NONMESH
G0 F600 Z3
G0 F7200 X113.311 Y92.352
G0 X113.388 Y90.634
G0 X119.025 Y90.368
G0 X124.548 Y86.352
G0 X125.508 Y85.358
G0 X126.282 Y83.886
G0 X126.567 Y81.691
G0 X122.495 Y68.771
G0 X120.229 Y64.516
G0 X119.617 Y63.441
;TIME_ELAPSED:406.503230
;LAYER:18
;TYPE:WALL-OUTER
;MESH:LED-charm-top_N0.8_v12.stl
G11
G1 F1915.2 X120.224 Y62.812 E1079.04901
G1 X120.712 Y62.003 E1079.15615
G1 F1901.5 X124.633 Y49.934 E1080.60471
G1 F1909.7 X124.657 Y48.895 E1080.72288
G1 F1866.5 X124.409 Y48.049 E1080.82523
G1 F1869.2 X124.194 Y47.593 E1080.88369
G1 F1904.2 X123.555 Y46.859 E1080.99463
G1 F1858.6 X115.486 Y40.99 E1082.15753
G1 F1856 X107.835 Y40.992 E1083.0504
G1 F1877.1 X99.919 Y46.746 E1084.18072
G1 F1885.2 X99.39 Y47.276 E1084.26687
G1 F1890.6 X98.915 Y47.975 E1084.36385
G1 F1871.8 X98.663 Y49.008 E1084.48698
G1 F1861.2 X98.694 Y49.946 E1084.59622
G1 X102.606 Y61.984 E1086.06957
G1 F1825.1 X103.063 Y62.762 E1086.1765
G1 F1827.6 X103.558 Y63.272 E1086.26061
G1 F1848.2 X104.02 Y63.588 E1086.32618
G1 F1840.4 X104.682 Y63.878 E1086.41118
G1 F1856 X105.371 Y64.038 E1086.49372
G1 F1871.8 X117.631 Y64.038 E1087.91343
G1 F1877.1 X118.222 Y63.988 E1087.98193
G1 X118.776 Y63.84 E1088.04816
G1 F1893.3 X119.617 Y63.441 E1088.15484
G10
;MESH:LED-charm-base_N0.8_v12.stl
G0 F7200 X118.611 Y89.098
G11
G1 F1877.1 X123.753 Y85.358 E1088.88922
G1 F1887.9 X124.219 Y84.925 E1088.96231
G1 F1893.3 X124.696 Y84.28 E1089.05425
G1 F1915.2 X125.008 Y83.649 E1089.13407
G1 F1877.1 X125.219 Y82.991 E1089.21388
G1 F1858.6 X125.312 Y82.134 E1089.31435
G1 F1874.5 X125.166 Y81.112 E1089.43375
G1 F1863.9 X121.319 Y69.261 E1090.88219
G1 F1874.5 X121.026 Y68.671 E1090.95838
G1 F1879.8 X120.522 Y67.964 E1091.05853
G1 F1890.6 X119.736 Y67.301 E1091.17653
G1 F1887.9 X118.969 Y66.925 E1091.27467
G1 F1882.5 X118.382 Y66.75 E1091.34524
G1 F1879.8 X117.616 Y66.654 E1091.43429
G1 F1882.5 X105.013 Y66.655 E1092.88615
G1 F1904.2 X103.945 Y66.968 E1093.01302
G1 F1882.5 X103.398 Y67.22 E1093.0824
G1 F1861.2 X102.735 Y67.73 E1093.17977
G1 F1887.9 X102.065 Y68.502 E1093.29722
G1 F1871.8 X101.677 Y69.268 E1093.39665
G1 F1856 X97.837 Y81.09 E1094.84723
G1 F1848.2 X97.713 Y81.766 E1094.92775
G1 F1837.8 X97.729 Y82.731 E1095.04139
G1 F1863.9 X97.977 Y83.678 E1095.1552
G1 F1901.5 X98.459 Y84.562 E1095.27013
G1 F1871.8 X98.855 Y84.994 E1095.33799
G1 F1858.6 X99.242 Y85.358 E1095.39991
G1 F1869.2 X104.389 Y89.1 E1096.13776
G1 F1861.2 X118.611 Y89.098 E1097.7932
G10
G0 F7200 X118.205 Y87.831
G0 X117.075 Y79.873
G0 X117.075 Y78.601
G11
G1 F1856 X117.033 Y78.15 E1097.84606
G1 F1863.9 X116.882 Y77.424 E1097.93227
G1 F1877.1 X116.508 Y76.475 E1098.05008
G1 F1861.2 X116.024 Y75.707 E1098.15575
G1 X115.515 Y75.096 E1098.24831
G1 F1877.1 X114.917 Y74.568 E1098.34045
G1 F1901.5 X114.22 Y74.085 E1098.43725
G1 F1885.2 X113.763 Y73.878 E1098.49497
G1 F1861.2 X112.893 Y73.554 E1098.60303
G1 F1858.6 X111.935 Y73.416 E1098.71584
G1 F1856 X111.126 Y73.416 E1098.81025
G1 F1871.8 X110.283 Y73.535 E1098.90884
G1 F1877.1 X109.368 Y73.824 E1099.01967
G1 F1866.5 X108.699 Y74.144 E1099.10576
G1 F1871.8 X107.957 Y74.653 E1099.20996
G1 F1882.5 X107.262 Y75.324 E1099.32125
G1 X106.768 Y76.007 E1099.41836
G1 F1887.9 X106.295 Y76.85 E1099.52942
G1 X105.976 Y77.985 E1099.66489
G1 F1869.2 X105.92 Y78.599 E1099.73638
G10
G0 F7200 X107.191 Y78.68
G0 X113.7 Y82.438
G0 X115.101 Y82.499
G11
G1 F1714.7 X114.945 Y82.409 E1099.75896
G1 X114.945 Y82.589 E1099.78153
G1 X115.101 Y82.499 E1099.80412
G10
G0 F7200 X113.7 Y82.438
G0 X109.327 Y82.61
G0 X108.081 Y82.501
G11
G1 F1733 X107.926 Y82.412 E1099.82632
G1 X107.927 Y82.59 E1099.84842
G1 X108.081 Y82.501 E1099.87052
G10
G0 F7200 X109.58 Y92.336
G0 X114.27 Y92.057
G11
G1 F1286.7 X111.319 Y92.058 E1100.34858
G1 F1307.3 X110.833 Y92.043 E1100.42625
G1 F1330 X108.684 Y92.044 E1100.7644
G1 X109.475 Y92.618 E1100.91818
G1 X110.242 Y92.955 E1101.05
G1 X110.733 Y93.084 E1101.12988
G1 F1307.3 X111.286 Y93.14 E1101.21868
G1 F1286.7 X111.941 Y93.136 E1101.32479
G1 X112.924 Y92.896 E1101.48871
G1 X113.676 Y92.49 E1101.62716
G1 X114.27 Y92.057 E1101.74624
G0 F7200 X113.87 Y92.057
G10
;MESH:NONMESH
G0 F600 Z3.15
G0 F7200 X113.31 Y92.352
G0 X113.386 Y90.635
G0 X118.611 Y90.37
G0 X118.611 Y89.098
;TIME_ELAPSED:416.058367
;LAYER:19
;note -- min layer time used
;TYPE:WALL-OUTER
;MESH:LED-charm-base_N0.8_v12.stl
G11
G1 F1064.6 X123.967 Y85.203 E1102.50617
G1 F1067.6 X124.635 Y84.429 E1102.62319
G1 F1054 X125.042 Y83.587 E1102.73148
G1 F1057 X125.225 Y82.915 E1102.81193
G1 F1063.1 X125.295 Y82.287 E1102.88453
G1 F1055.5 X125.231 Y81.305 E1102.99834
G1 F1054 X121.319 Y69.261 E1104.46476
G1 F1063.1 X120.981 Y68.584 E1104.5517
G1 F1051 X120.514 Y67.971 E1104.64117
G1 F1042.2 X119.799 Y67.332 E1104.75337
G1 F1048 X118.962 Y66.922 E1104.86186
G1 X118.332 Y66.74 E1104.93819
G1 F1057 X117.656 Y66.656 E1105.01686
G1 F1049.5 X105.176 Y66.66 E1106.46766
G1 F1045.1 X104.234 Y66.837 E1106.57952
G1 F1042.2 X103.397 Y67.221 E1106.68726
G1 F1048 X102.735 Y67.73 E1106.78446
G1 F1063.1 X102.065 Y68.502 E1106.90191
G1 F1054 X101.677 Y69.268 E1107.00135
G1 F1045.1 X97.834 Y81.107 E1108.45393
G1 F1058.5 X97.675 Y81.982 E1108.55651
G1 F1048 X97.767 Y82.82 E1108.65464
G1 F1032 X97.936 Y83.507 E1108.73816
G1 F1040.7 X98.132 Y83.973 E1108.79738
G1 F1042.2 X98.468 Y84.544 E1108.8749
G1 F1054 X99.003 Y85.187 E1108.97176
G1 X104.389 Y89.1 E1109.74268
G1 F1051 X118.611 Y89.098 E1111.39386
G10
G0 F7200 X118.611 Y90.37
G0 X113.386 Y90.635
G0 X114.295 Y92.047
G11
G1 F738.5 X112.018 Y92.048 E1111.75658
G1 F730.7 X111.427 Y92.058 E1111.85163
G1 F738.5 X110.703 Y92.041 E1111.96699
G1 F753 X108.665 Y92.042 E1112.28614
G1 X109.31 Y92.504 E1112.41039
G1 X109.915 Y92.83 E1112.51801
G1 X110.586 Y93.075 E1112.62988
G1 F738.5 X111.418 Y93.142 E1112.76284
G1 F730.7 X112.099 Y93.105 E1112.87251
G1 F738.5 X112.928 Y92.904 E1113.00839
G1 X113.679 Y92.497 E1113.14447
G1 X114.295 Y92.047 E1113.26599
G0 F7200 X113.895 Y92.047
G10
;MESH:NONMESH
G0 F600 Z3.3
G0 F7200 X113.31 Y92.352
G0 X113.386 Y90.635
G0 X118.611 Y90.37
G0 X118.611 Y89.098
;TIME_ELAPSED:422.902907
;LAYER:20
;note -- min layer time used
;TYPE:WALL-OUTER
;MESH:LED-charm-base_N0.8_v12.stl
G11
G1 F1056.3 X123.753 Y85.358 E1114.00037
G1 F1062.3 X124.219 Y84.925 E1114.07346
G1 F1065.4 X124.696 Y84.28 E1114.1654
G1 F1059.3 X124.944 Y83.845 E1114.22308
G1 F1063.8 X125.195 Y83.066 E1114.317
G1 F1080.8 X125.285 Y82.288 E1114.40558
G1 F1048.8 X125.279 Y81.782 E1114.4644
G1 F1047.3 X125.213 Y81.253 E1114.52646
G1 F1074.6 X121.289 Y69.166 E1115.97136
G1 F1071.5 X120.942 Y68.532 E1116.05375
G1 F1044.4 X120.512 Y67.974 E1116.13596
G1 F1032.7 X119.756 Y67.31 E1116.25459
G1 F1053.3 X118.959 Y66.921 E1116.35729
G1 F1048.8 X118.27 Y66.726 E1116.44053
G1 F1051.8 X117.695 Y66.658 E1116.50767
G1 F1060.8 X105.122 Y66.657 E1117.95419
G1 F1056.3 X104.199 Y66.852 E1118.06315
G1 F1044.4 X103.397 Y67.222 E1118.16622
G1 F1047.3 X102.735 Y67.73 E1118.26335
G1 F1062.3 X102.065 Y68.502 E1118.3808
G1 F1053.3 X101.677 Y69.268 E1118.48024
G1 F1044.4 X97.837 Y81.09 E1119.93082
G1 F1040 X97.713 Y81.766 E1120.01133
G1 F1028.4 X97.711 Y82.57 E1120.10649
G1 F1041.4 X97.905 Y83.434 E1120.21009
G1 F1059.3 X98.128 Y83.976 E1120.27761
G1 F1054.8 X98.649 Y84.809 E1120.39124
G1 X99.243 Y85.357 E1120.4847
G1 F1047.3 X104.389 Y89.1 E1121.22539
G1 X118.611 Y89.098 E1122.88083
G10
G0 F7200 X118.611 Y90.37
G0 X113.386 Y90.635
G0 X114.306 Y92.048
G11
G1 F738 X112.018 Y92.048 E1123.24531
G1 F730.2 X111.411 Y92.059 E1123.34293
G1 F730.9 X110.927 Y92.049 E1123.4207
G1 F738.8 X108.699 Y92.05 E1123.77529
G1 X109.478 Y92.613 E1123.92825
G1 X110.244 Y92.949 E1124.06138
G1 X110.838 Y93.106 E1124.15916
G1 F730.9 X111.408 Y93.142 E1124.25091
G1 F730.2 X112.099 Y93.105 E1124.36218
G1 F738 X112.928 Y92.904 E1124.49807
G1 X113.689 Y92.493 E1124.63585
G1 X114.306 Y92.048 E1124.75703
G0 F7200 X113.906 Y92.048
G10
;MESH:NONMESH
G0 F600 Z3.45
G0 F7200 X113.31 Y92.352
G0 X113.386 Y90.635
G0 X118.611 Y90.37
G0 X118.611 Y89.098
;TIME_ELAPSED:429.736996
;LAYER:21
;note -- min layer time used
;TYPE:WALL-OUTER
;MESH:LED-charm-base_N0.8_v12.stl
G11
G1 F1055.1 X123.753 Y85.358 E1125.49141
G1 F1061.1 X124.219 Y84.925 E1125.5645
G1 F1064.2 X124.696 Y84.28 E1125.65644
G1 F1049.1 X124.945 Y83.844 E1125.71473
G1 F1037.4 X125.167 Y83.152 E1125.79998
G1 F1031.6 X125.298 Y82.418 E1125.88788
G1 F1015.9 X125.275 Y81.764 E1125.96612
G1 F1030.1 X125.168 Y81.112 E1126.04411
G1 F1050.6 X121.319 Y69.261 E1127.48889
G1 F1064.2 X120.976 Y68.571 E1127.5772
G1 F1046.2 X120.512 Y67.974 E1127.66521
G1 F1031.6 X119.756 Y67.311 E1127.78376
G1 F1052.1 X118.969 Y66.925 E1127.88527
G1 F1058.1 X118.382 Y66.75 E1127.95583
G1 X117.656 Y66.656 E1128.04017
G1 X105.121 Y66.656 E1129.4842
G1 F1068.8 X104.177 Y66.861 E1129.59447
G1 F1056.6 X103.398 Y67.22 E1129.69341
G1 F1046.2 X102.735 Y67.73 E1129.79077
G1 F1061.1 X102.065 Y68.502 E1129.90822
G1 F1052.1 X101.677 Y69.268 E1130.00766
G1 F1041.7 X97.832 Y81.112 E1131.46273
G1 F1058.1 X97.682 Y81.918 E1131.55717
G1 F1056.6 X97.737 Y82.793 E1131.6583
G1 F1055.1 X97.962 Y83.598 E1131.75485
G1 F1065.7 X98.391 Y84.451 E1131.86412
G1 F1050.6 X98.853 Y84.996 E1131.94697
G1 F1046.2 X99.243 Y85.357 E1132.00882
G1 X104.389 Y89.1 E1132.74951
G1 X118.611 Y89.098 E1134.40495
G10
G0 F7200 X118.611 Y90.37
G0 X113.386 Y90.635
G0 X114.27 Y92.056
G11
G1 F726.3 X108.711 Y92.056 E1135.30217
G1 F728.6 X109.318 Y92.492 E1135.42246
G1 X109.921 Y92.817 E1135.53271
G1 X110.392 Y92.989 E1135.61342
G1 X111.123 Y93.128 E1135.73318
G1 F726.3 X111.931 Y93.139 E1135.8636
G1 F723.2 X112.924 Y92.896 E1136.02922
G1 X113.675 Y92.49 E1136.16752
G1 X114.27 Y92.056 E1136.28683
G0 F7200 X113.87 Y92.056
G10
;MESH:NONMESH
G0 F600 Z3.6
G0 F7200 X113.31 Y92.352
G0 X113.386 Y90.635
G0 X118.611 Y90.37
G0 X118.611 Y89.098
;TIME_ELAPSED:436.598712
;LAYER:22
;note -- min layer time used
;TYPE:WALL-OUTER
;MESH:LED-charm-base_N0.8_v12.stl
G11
G1 F1056.8 X123.753 Y85.358 E1137.02121
G1 F1062.9 X124.219 Y84.925 E1137.0943
G1 F1065.9 X124.696 Y84.28 E1137.18623
G1 F1059.9 X124.945 Y83.844 E1137.24407
G1 F1064.4 X125.194 Y83.067 E1137.3377
G1 F1084.6 X125.287 Y82.284 E1137.42664
G1 F1056.8 X125.282 Y81.782 E1137.48463
G1 F1037.6 X125.168 Y81.111 E1137.56456
G1 F1046.4 X121.324 Y69.284 E1139.01398
G1 F1055.3 X120.978 Y68.575 E1139.10522
G1 F1046.4 X120.464 Y67.914 E1139.20281
G1 F1037.6 X119.735 Y67.3 E1139.31475
G1 F1053.8 X118.958 Y66.92 E1139.41492
G1 F1039.1 X118.208 Y66.713 E1139.50618
G1 F1042 X117.608 Y66.654 E1139.57672
G1 F1053.8 X105.184 Y66.658 E1141.01542
G1 F1059.9 X104.6 Y66.763 E1141.08377
G1 F1079.9 X103.949 Y66.967 E1141.16103
G1 F1058.3 X103.397 Y67.221 E1141.23112
G1 F1047.9 X102.735 Y67.73 E1141.32833
G1 F1062.9 X102.065 Y68.502 E1141.44578
G1 F1053.8 X101.677 Y69.268 E1141.54521
G1 F1043.5 X97.832 Y81.112 E1143.00028
G1 F1059.9 X97.682 Y81.918 E1143.09473
G1 F1058.3 X97.737 Y82.793 E1143.19586
G1 F1056.8 X97.962 Y83.598 E1143.2924
G1 F1067.5 X98.391 Y84.451 E1143.40168
G1 F1052.3 X98.853 Y84.996 E1143.48452
G1 F1047.9 X99.243 Y85.357 E1143.54638
G1 X104.389 Y89.1 E1144.28706
G1 X118.611 Y89.098 E1145.9425
G10
G0 F7200 X118.611 Y90.37
G0 X113.386 Y90.635
G0 X114.309 Y92.047
G11
G1 F738.4 X112.019 Y92.048 E1146.3073
G1 F730.6 X111.42 Y92.058 E1146.40363
G1 F736.8 X110.826 Y92.042 E1146.49847
G1 F750.4 X108.677 Y92.043 E1146.83597
G1 X109.475 Y92.619 E1146.99053
G1 X110.237 Y92.956 E1147.12139
G1 X110.731 Y93.083 E1147.20149
G1 F736.8 X111.408 Y93.142 E1147.30995
G1 F730.6 X112.099 Y93.105 E1147.42122
G1 F738.4 X112.928 Y92.904 E1147.55711
G1 X113.689 Y92.493 E1147.69489
G1 X114.309 Y92.047 E1147.81655
G0 F7200 X113.909 Y92.047
G10
;MESH:NONMESH
G0 F600 Z3.75
G0 F7200 X113.31 Y92.352
G0 X113.386 Y90.635
G0 X118.611 Y90.37
G0 X118.611 Y89.098
;TIME_ELAPSED:443.450008
;LAYER:23
;note -- min layer time used
;TYPE:WALL-OUTER
;MESH:LED-charm-base_N0.8_v12.stl
G11
G1 F1055.2 X123.753 Y85.358 E1148.55093
G1 F1061.2 X124.219 Y84.925 E1148.62402
G1 F1064.3 X124.696 Y84.28 E1148.71596
G1 F1058.2 X124.945 Y83.844 E1148.7738
G1 F1062.7 X125.194 Y83.067 E1148.86743
G1 F1082.9 X125.287 Y82.284 E1148.95637
G1 F1055.2 X125.282 Y81.782 E1149.01435
G1 F1036 X125.168 Y81.111 E1149.09429
G1 F1044.8 X121.324 Y69.284 E1150.54371
G1 F1053.7 X120.978 Y68.575 E1150.63495
G1 F1044.8 X120.464 Y67.914 E1150.73254
G1 F1036 X119.735 Y67.3 E1150.84448
G1 F1052.2 X118.969 Y66.925 E1150.94324
G1 F1058.2 X118.382 Y66.75 E1151.01381
G1 X117.656 Y66.656 E1151.09814
G1 F1049.2 X105.184 Y66.658 E1152.54614
G1 F1058.2 X104.6 Y66.763 E1152.6145
G1 F1078.2 X103.949 Y66.967 E1152.69176
G1 F1056.7 X103.397 Y67.221 E1152.76185
G1 F1046.2 X102.735 Y67.73 E1152.85905
G1 F1061.2 X102.065 Y68.502 E1152.9765
G1 F1052.2 X101.677 Y69.268 E1153.07593
G1 F1043.3 X97.837 Y81.09 E1154.52651
G1 F1038.9 X97.713 Y81.766 E1154.60703
G1 F1046.2 X97.712 Y82.654 E1154.71039
G1 F1056.7 X97.94 Y83.529 E1154.81469
G1 F1064.3 X98.243 Y84.177 E1154.89667
G1 F1068.9 X98.644 Y84.796 E1154.98086
G1 F1061.2 X99.242 Y85.358 E1155.07515
G1 F1050.7 X104.389 Y89.1 E1155.813
G1 F1046.2 X118.611 Y89.098 E1157.46844
G10
G0 F7200 X118.611 Y90.37
G0 X113.386 Y90.635
G0 X114.299 Y92.047
G11
G1 F737.2 X112.018 Y92.048 E1157.83181
G1 F727.9 X111.284 Y92.061 E1157.95007
G1 F718.7 X108.735 Y92.062 E1158.3653
G1 X109.487 Y92.605 E1158.5164
G1 X110.379 Y92.992 E1158.67479
G1 X111.254 Y93.15 E1158.81964
G1 F727.9 X112.099 Y93.105 E1158.95596
G1 F737.2 X112.928 Y92.904 E1159.09185
G1 X113.68 Y92.497 E1159.22806
G1 X114.299 Y92.047 E1159.34997
G0 F7200 X113.899 Y92.047
G10
;MESH:NONMESH
G0 F600 Z3.9
G0 F7200 X113.31 Y92.352
G0 X113.386 Y90.635
G0 X118.611 Y90.37
G0 X118.611 Y89.098
;TIME_ELAPSED:450.313855
;LAYER:24
;note -- min layer time used
;TYPE:WALL-OUTER
;MESH:LED-charm-base_N0.8_v12.stl
G11
G1 F1056.6 X123.753 Y85.358 E1160.08435
G1 F1062.6 X124.219 Y84.925 E1160.15744
G1 F1065.7 X124.696 Y84.28 E1160.24937
G1 F1059.6 X124.945 Y83.844 E1160.30722
G1 F1064.1 X125.194 Y83.067 E1160.40084
G1 F1084.3 X125.287 Y82.284 E1160.48979
G1 F1056.6 X125.282 Y81.782 E1160.54777
G1 F1037.4 X125.168 Y81.111 E1160.62771
G1 F1046.1 X121.324 Y69.284 E1162.07713
G1 F1055.1 X120.978 Y68.575 E1162.16836
G1 F1046.1 X120.464 Y67.914 E1162.26595
G1 F1037.4 X119.735 Y67.3 E1162.3779
G1 F1053.6 X118.969 Y66.925 E1162.47666
G1 F1059.6 X118.382 Y66.75 E1162.54722
G1 X117.656 Y66.656 E1162.63156
G1 F1050.6 X105.184 Y66.658 E1164.07956
G1 F1059.6 X104.6 Y66.763 E1164.14791
G1 F1079.6 X103.949 Y66.967 E1164.22517
G1 F1058.1 X103.397 Y67.221 E1164.29526
G1 F1047.6 X102.735 Y67.73 E1164.39246
G1 F1062.6 X102.065 Y68.502 E1164.50991
G1 F1053.6 X101.677 Y69.268 E1164.60935
G1 F1043.2 X97.832 Y81.112 E1166.06442
G1 F1059.6 X97.682 Y81.918 E1166.15887
G1 F1058.1 X97.737 Y82.793 E1166.26
G1 F1056.6 X97.962 Y83.598 E1166.35654
G1 F1067.2 X98.391 Y84.451 E1166.46581
G1 F1052.1 X98.853 Y84.996 E1166.54866
G1 F1047.6 X99.243 Y85.357 E1166.61052
G1 X104.389 Y89.1 E1167.3512
G1 X118.611 Y89.098 E1169.00664
G10
G0 F7200 X118.611 Y90.37
G0 X113.386 Y90.635
G0 X114.298 Y92.047
G11
G1 F738.2 X112.019 Y92.048 E1169.36969
G1 F730.4 X111.42 Y92.058 E1169.46602
G1 F736.6 X110.826 Y92.042 E1169.56086
G1 F750.2 X108.675 Y92.047 E1169.89867
G1 X109.474 Y92.622 E1170.05327
G1 X110.236 Y92.955 E1170.18387
G1 X110.731 Y93.083 E1170.26417
G1 F736.6 X111.408 Y93.142 E1170.37263
G1 F730.4 X112.099 Y93.105 E1170.4839
G1 F738.2 X112.928 Y92.904 E1170.61979
G1 X113.68 Y92.497 E1170.756
G1 X114.298 Y92.047 E1170.87778
G0 F7200 X113.898 Y92.047
G10
;MESH:NONMESH
G0 F600 Z4.05
G0 F7200 X113.31 Y92.352
G0 X113.386 Y90.635
G0 X118.611 Y90.37
G0 X118.611 Y89.098
;TIME_ELAPSED:457.165326
;LAYER:25
;note -- min layer time used
;TYPE:WALL-OUTER
;MESH:LED-charm-base_N0.8_v12.stl
G11
G1 F1055.9 X123.753 Y85.358 E1171.61216
G1 F1062 X124.219 Y84.925 E1171.68525
G1 F1065 X124.696 Y84.28 E1171.77719
G1 F1058.9 X124.945 Y83.844 E1171.83503
G1 F1063.5 X125.194 Y83.067 E1171.92865
G1 F1083.6 X125.287 Y82.284 E1172.0176
G1 F1055.9 X125.282 Y81.782 E1172.07558
G1 F1036.7 X125.168 Y81.111 E1172.15552
G1 F1051.4 X121.322 Y69.267 E1173.59942
G1 F1036.7 X121.015 Y68.677 E1173.67754
G1 F1019.5 X120.512 Y67.974 E1173.78062
G1 F1032.4 X119.756 Y67.311 E1173.89917
G1 F1052.9 X118.969 Y66.925 E1174.00068
G1 F1058.9 X118.382 Y66.75 E1174.07124
G1 X117.656 Y66.656 E1174.15557
G1 F1049.9 X105.184 Y66.658 E1175.60357
G1 F1058.9 X104.6 Y66.763 E1175.67193
G1 F1078.9 X103.949 Y66.967 E1175.74919
G1 F1057.4 X103.397 Y67.221 E1175.81928
G1 F1047 X102.735 Y67.73 E1175.91648
G1 F1062 X102.065 Y68.502 E1176.03393
G1 F1052.9 X101.677 Y69.268 E1176.13336
G1 F1042.5 X97.832 Y81.112 E1177.58844
G1 F1058.9 X97.682 Y81.918 E1177.68288
G1 F1057.4 X97.737 Y82.793 E1177.78401
G1 F1055.9 X97.962 Y83.598 E1177.88055
G1 F1066.5 X98.391 Y84.451 E1177.98983
G1 F1051.4 X98.853 Y84.996 E1178.07267
G1 F1047 X99.243 Y85.357 E1178.13453
G1 X104.389 Y89.1 E1178.87522
G1 X118.611 Y89.098 E1180.53066
G10
G0 F7200 X118.611 Y90.37
G0 X113.386 Y90.635
G0 X114.279 Y92.056
G11
G1 F723.8 X111.333 Y92.058 E1181.00791
G1 F736.2 X110.83 Y92.043 E1181.08823
G1 F749 X108.683 Y92.046 E1181.42573
G1 X109.474 Y92.622 E1181.57955
G1 X110.237 Y92.954 E1181.71036
G1 X110.731 Y93.084 E1181.79066
G1 F736.2 X111.303 Y93.14 E1181.88239
G1 F723.8 X111.945 Y93.134 E1181.9864
G1 F725.3 X112.924 Y92.896 E1182.14931
G1 X113.68 Y92.486 E1182.28838
G1 X114.279 Y92.056 E1182.40761
G0 F7200 X113.879 Y92.056
G10
;MESH:NONMESH
G0 F600 Z4.2
G0 F7200 X113.31 Y92.352
G0 X113.386 Y90.635
G0 X118.611 Y90.37
G0 X118.611 Y89.098
;TIME_ELAPSED:464.021860
;LAYER:26
;note -- min layer time used
;TYPE:WALL-OUTER
;MESH:LED-charm-base_N0.8_v12.stl
G11
G1 F1056.7 X123.753 Y85.358 E1183.14199
G1 F1062.7 X124.219 Y84.925 E1183.21508
G1 F1065.8 X124.696 Y84.28 E1183.30702
G1 F1059.7 X124.945 Y83.844 E1183.36486
G1 F1064.3 X125.194 Y83.067 E1183.45848
G1 F1084.4 X125.287 Y82.284 E1183.54743
G1 F1056.7 X125.282 Y81.782 E1183.60541
G1 F1037.5 X125.168 Y81.111 E1183.68535
G1 F1046.3 X121.324 Y69.284 E1185.13477
G1 F1055.2 X120.978 Y68.575 E1185.226
G1 F1046.3 X120.464 Y67.914 E1185.32359
G1 F1037.5 X119.735 Y67.3 E1185.43554
G1 F1053.7 X118.969 Y66.925 E1185.5343
G1 F1059.7 X118.382 Y66.75 E1185.60486
G1 X117.656 Y66.656 E1185.6892
G1 F1050.7 X105.184 Y66.658 E1187.1372
G1 F1059.7 X104.6 Y66.763 E1187.20555
G1 F1079.7 X103.949 Y66.967 E1187.28281
G1 F1058.2 X103.397 Y67.221 E1187.3529
G1 F1047.7 X102.735 Y67.73 E1187.4501
G1 F1062.7 X102.065 Y68.502 E1187.56755
G1 F1053.7 X101.677 Y69.268 E1187.66699
G1 F1043.3 X97.832 Y81.112 E1189.12206
G1 F1059.7 X97.682 Y81.918 E1189.21651
G1 F1058.2 X97.737 Y82.793 E1189.31764
G1 F1056.7 X97.962 Y83.598 E1189.41418
G1 F1067.3 X98.391 Y84.451 E1189.52345
G1 F1052.2 X98.853 Y84.996 E1189.6063
G1 F1047.7 X99.243 Y85.357 E1189.66816
G1 X104.389 Y89.1 E1190.40884
G1 X118.611 Y89.098 E1192.06428
G10
G0 F7200 X118.611 Y90.37
G0 X113.387 Y90.635
G0 X114.3 Y92.051
G11
G1 F738.3 X112.019 Y92.049 E1192.42765
G1 F730.5 X111.42 Y92.058 E1192.52398
G1 F736.7 X110.826 Y92.042 E1192.61881
G1 F749.5 X108.673 Y92.041 E1192.95727
G1 X109.478 Y92.622 E1193.11333
G1 X110.237 Y92.954 E1193.24356
G1 X110.731 Y93.083 E1193.32382
G1 F736.7 X111.408 Y93.142 E1193.43228
G1 F730.5 X112.099 Y93.105 E1193.54355
G1 F738.3 X112.927 Y92.904 E1193.67928
G1 X113.685 Y92.492 E1193.81671
G1 X114.3 Y92.051 E1193.93727
G0 F7200 X113.9 Y92.051
G10
;MESH:NONMESH
G0 F600 Z4.35
G0 F7200 X113.309 Y92.353
G0 X113.387 Y90.635
G0 X118.611 Y90.37
G0 X118.611 Y89.098
;TIME_ELAPSED:470.873727
;LAYER:27
;note -- min layer time used
;TYPE:WALL-OUTER
;MESH:LED-charm-base_N0.8_v12.stl
G11
G1 F1056.9 X123.753 Y85.358 E1194.67165
G1 F1063 X124.219 Y84.925 E1194.74474
G1 F1066 X124.696 Y84.28 E1194.83667
G1 F1059.9 X124.945 Y83.844 E1194.89452
G1 F1064.5 X125.194 Y83.067 E1194.98814
G1 F1084.6 X125.287 Y82.284 E1195.07709
G1 F1056.9 X125.282 Y81.782 E1195.13507
G1 F1037.7 X125.168 Y81.111 E1195.21501
G1 F1046.5 X121.324 Y69.284 E1196.66442
G1 F1055.4 X120.978 Y68.575 E1196.75566
G1 F1046.5 X120.464 Y67.914 E1196.85325
G1 F1037.7 X119.735 Y67.3 E1196.9652
G1 F1056.9 X118.975 Y66.928 E1197.06293
G1 F1052.4 X118.282 Y66.728 E1197.14656
G1 F1048 X117.697 Y66.655 E1197.21518
G1 F1042.1 X105.184 Y66.658 E1198.6792
G1 F1056.9 X104.6 Y66.763 E1198.74774
G1 F1079.9 X103.949 Y66.967 E1198.825
G1 F1058.4 X103.397 Y67.221 E1198.89509
G1 F1048 X102.735 Y67.73 E1198.99229
G1 F1063 X102.065 Y68.502 E1199.10974
G1 F1053.9 X101.677 Y69.268 E1199.20917
G1 F1043.5 X97.832 Y81.112 E1200.66425
G1 F1059.9 X97.682 Y81.918 E1200.75869
G1 F1058.4 X97.737 Y82.793 E1200.85982
G1 F1056.9 X97.962 Y83.598 E1200.95636
G1 F1067.5 X98.391 Y84.451 E1201.06564
G1 F1052.4 X98.853 Y84.996 E1201.14848
G1 F1048 X99.243 Y85.357 E1201.21034
G1 X104.389 Y89.1 E1201.95103
G1 X118.611 Y89.098 E1203.60647
G10
G0 F7200 X118.611 Y90.37
G0 X113.385 Y90.635
G0 X114.307 Y92.051
G11
G1 F738.4 X112.019 Y92.049 E1203.97095
G1 F730.6 X111.42 Y92.058 E1204.06728
G1 F736.9 X110.826 Y92.042 E1204.16212
G1 F749.7 X108.669 Y92.041 E1204.5012
G1 X109.478 Y92.622 E1204.65777
G1 X110.237 Y92.954 E1204.788
G1 X110.731 Y93.083 E1204.86826
G1 F736.9 X111.408 Y93.142 E1204.97672
G1 F730.6 X112.099 Y93.105 E1205.08799
G1 F738.4 X112.928 Y92.904 E1205.22388
G1 X113.702 Y92.484 E1205.36416
G1 X114.307 Y92.051 E1205.48267
G0 F7200 X113.907 Y92.051
G10
;MESH:NONMESH
G0 F600 Z4.5
G0 F7200 X113.308 Y92.354
G0 X113.385 Y90.635
G0 X118.611 Y90.37
G0 X118.611 Y89.098
;TIME_ELAPSED:477.733140
;LAYER:28
;note -- min layer time used
;TYPE:WALL-OUTER
;MESH:LED-charm-base_N0.8_v12.stl
G11
G1 F1056.6 X123.753 Y85.358 E1206.21706
G1 F1062.7 X124.219 Y84.925 E1206.29015
G1 F1059.7 X124.889 Y84.019 E1206.41996
G1 X125.19 Y83.079 E1206.53366
G1 F1073.4 X125.294 Y82.357 E1206.61671
G1 F1053.6 X125.28 Y81.766 E1206.68517
G1 F1038.9 X125.168 Y81.111 E1206.76311
G1 F1046.2 X121.324 Y69.284 E1208.21253
G1 F1055.1 X120.978 Y68.575 E1208.30377
G1 F1046.2 X120.464 Y67.914 E1208.40136
G1 F1036 X119.737 Y67.302 E1208.51311
G1 F1062.7 X119.066 Y66.972 E1208.59903
G1 F1047.7 X118.587 Y66.787 E1208.6588
G1 F1027.3 X117.792 Y66.656 E1208.75428
G1 F1036 X105.184 Y66.658 E1210.23698
G1 F1059.7 X104.6 Y66.763 E1210.30533
G1 F1079.7 X103.949 Y66.967 E1210.3826
G1 F1058.2 X103.397 Y67.221 E1210.45269
G1 F1047.7 X102.735 Y67.73 E1210.54989
G1 F1062.7 X102.065 Y68.502 E1210.66734
G1 F1053.6 X101.677 Y69.268 E1210.76677
G1 F1050.7 X97.862 Y81.015 E1212.20072
G1 F1068.8 X97.674 Y81.933 E1212.30782
G1 X97.77 Y82.909 E1212.41992
G1 F1065.7 X97.962 Y83.598 E1212.50189
G1 F1067.3 X98.391 Y84.451 E1212.61116
G1 F1052.2 X98.853 Y84.996 E1212.69401
G1 F1047.7 X99.243 Y85.357 E1212.75586
G1 X104.389 Y89.1 E1213.49655
G1 X118.611 Y89.098 E1215.15199
G10
G0 F7200 X118.611 Y90.37
G0 X113.387 Y90.635
G0 X114.3 Y92.051
G11
G1 F738.3 X112.019 Y92.049 E1215.51535
G1 F730.4 X111.42 Y92.058 E1215.61168
G1 F736.7 X110.826 Y92.042 E1215.70652
G1 F749.5 X108.679 Y92.041 E1216.04403
G1 X109.479 Y92.623 E1216.19955
G1 X110.237 Y92.954 E1216.32957
G1 X110.731 Y93.083 E1216.40983
G1 F736.7 X111.408 Y93.142 E1216.51829
G1 F730.4 X112.099 Y93.105 E1216.62956
G1 F738.3 X112.928 Y92.904 E1216.76545
G1 X113.689 Y92.492 E1216.9033
G1 X114.3 Y92.051 E1217.02334
G0 F7200 X113.9 Y92.051
G10
;MESH:NONMESH
G0 F600 Z4.65
G0 F7200 X113.309 Y92.353
G0 X113.387 Y90.635
G0 X118.611 Y90.37
G0 X118.611 Y89.098
;TIME_ELAPSED:484.591240
;LAYER:29
;note -- min layer time used
;TYPE:WALL-OUTER
;MESH:LED-charm-base_N0.8_v12.stl
G11
G1 F1056.6 X123.753 Y85.358 E1217.75772
G1 F1062.6 X124.219 Y84.925 E1217.83081
G1 F1059.6 X124.889 Y84.019 E1217.96062
G1 X125.19 Y83.079 E1218.07433
G1 F1073.3 X125.294 Y82.357 E1218.15737
G1 F1053.6 X125.28 Y81.766 E1218.22583
G1 F1038.8 X125.168 Y81.111 E1218.30378
G1 F1046.1 X121.324 Y69.284 E1219.75319
G1 F1055.1 X120.978 Y68.575 E1219.84443
G1 F1046.1 X120.464 Y67.914 E1219.94202
G1 F1037.3 X119.735 Y67.3 E1220.05397
G1 F1053.6 X118.969 Y66.925 E1220.15273
G1 F1059.6 X118.382 Y66.75 E1220.22329
G1 X117.656 Y66.656 E1220.30763
G1 F1050.6 X105.184 Y66.658 E1221.75563
G1 F1059.6 X104.6 Y66.763 E1221.82398
G1 F1079.6 X103.949 Y66.967 E1221.90124
G1 F1058.1 X103.397 Y67.221 E1221.97133
G1 F1047.6 X102.735 Y67.73 E1222.06853
G1 F1062.6 X102.065 Y68.502 E1222.18598
G1 F1053.6 X101.677 Y69.268 E1222.28542
G1 F1043.2 X97.832 Y81.112 E1223.74049
G1 F1059.6 X97.682 Y81.918 E1223.83493
G1 F1058.1 X97.737 Y82.793 E1223.93607
G1 F1056.6 X97.962 Y83.598 E1224.03261
G1 F1067.2 X98.391 Y84.451 E1224.14188
G1 F1052.1 X98.853 Y84.996 E1224.22473
G1 F1047.6 X99.243 Y85.357 E1224.28659
G1 X104.389 Y89.1 E1225.02727
G1 X118.611 Y89.098 E1226.68271
G10
G0 F7200 X118.611 Y90.37
G0 X113.387 Y90.635
G0 X114.291 Y92.051
G11
G1 F738.2 X112.019 Y92.049 E1227.04464
G1 F730.4 X111.42 Y92.058 E1227.14097
G1 F736.6 X110.826 Y92.042 E1227.23581
G1 F749.4 X108.673 Y92.041 E1227.57426
G1 X109.478 Y92.622 E1227.73032
G1 X110.237 Y92.954 E1227.86055
G1 X110.731 Y93.083 E1227.94081
G1 F736.6 X111.408 Y93.142 E1228.04927
G1 F730.4 X112.099 Y93.105 E1228.16054
G1 F738.2 X112.928 Y92.904 E1228.29643
G1 X113.679 Y92.498 E1228.43243
G1 X114.291 Y92.051 E1228.55316
G0 F7200 X113.891 Y92.051
G10
;MESH:NONMESH
G0 F600 Z4.8
G0 F7200 X113.309 Y92.353
G0 X113.387 Y90.635
G0 X118.611 Y90.37
G0 X118.611 Y89.098
;TIME_ELAPSED:491.443691
;LAYER:30
;note -- min layer time used
;TYPE:WALL-OUTER
;MESH:LED-charm-base_N0.8_v12.stl
G11
G1 F1056.7 X123.753 Y85.358 E1229.28754
G1 F1062.7 X124.219 Y84.925 E1229.36063
G1 F1059.7 X124.889 Y84.019 E1229.49044
G1 X125.19 Y83.079 E1229.60414
G1 F1073.5 X125.294 Y82.357 E1229.68719
G1 F1053.7 X125.28 Y81.766 E1229.75565
G1 F1038.9 X125.168 Y81.111 E1229.83359
G1 F1046.3 X121.324 Y69.284 E1231.28301
G1 F1055.2 X120.978 Y68.575 E1231.37425
G1 F1046.3 X120.464 Y67.914 E1231.47184
G1 F1037.5 X119.734 Y67.3 E1231.58387
G1 F1056.7 X118.975 Y66.929 E1231.68145
G1 F1052.2 X118.283 Y66.728 E1231.765
G1 F1053.7 X117.672 Y66.656 E1231.83625
G1 F1052.2 X105.184 Y66.658 E1233.28423
G1 F1059.7 X104.6 Y66.763 E1233.35259
G1 F1079.7 X103.949 Y66.967 E1233.42985
G1 F1058.2 X103.397 Y67.221 E1233.49994
G1 F1047.7 X102.735 Y67.73 E1233.59714
G1 F1062.7 X102.065 Y68.502 E1233.71459
G1 F1053.7 X101.677 Y69.268 E1233.81402
G1 F1043.3 X97.832 Y81.112 E1235.26909
G1 F1059.7 X97.682 Y81.918 E1235.36354
G1 F1058.2 X97.737 Y82.793 E1235.46467
G1 F1056.7 X97.962 Y83.598 E1235.56121
G1 F1067.3 X98.391 Y84.451 E1235.67049
G1 F1052.2 X98.853 Y84.996 E1235.75333
G1 F1047.7 X99.243 Y85.357 E1235.81519
G1 X104.389 Y89.1 E1236.55588
G1 X118.611 Y89.098 E1238.21132
G10
G0 F7200 X118.611 Y90.37
G0 X113.384 Y90.636
G0 X114.306 Y92.05
G11
G1 F739.1 X112.019 Y92.05 E1238.57529
G1 F732 X111.42 Y92.06 E1238.67145
G1 F736.7 X110.826 Y92.043 E1238.76629
G1 F750.3 X108.683 Y92.046 E1239.10285
G1 X109.478 Y92.623 E1239.25712
G1 X110.236 Y92.956 E1239.38714
G1 X110.731 Y93.083 E1239.4674
G1 F736.7 X111.408 Y93.142 E1239.57586
G1 F732 X112.099 Y93.106 E1239.68692
G1 F739.1 X112.928 Y92.905 E1239.82267
G1 X113.69 Y92.493 E1239.96054
G1 X114.306 Y92.05 E1240.08129
G0 F7200 X113.906 Y92.05
G10
;MESH:NONMESH
G0 F600 Z4.95
G0 F7200 X113.307 Y92.354
G0 X113.384 Y90.636
G0 X118.611 Y90.37
G0 X118.611 Y89.098
;TIME_ELAPSED:498.295018
;LAYER:31
;note -- min layer time used
;TYPE:WALL-OUTER
;MESH:LED-charm-base_N0.8_v12.stl
G11
G1 F1056.6 X123.753 Y85.358 E1240.81568
G1 F1062.6 X124.219 Y84.925 E1240.88877
G1 F1065.7 X124.696 Y84.28 E1240.9807
G1 F1059.6 X124.945 Y83.844 E1241.03854
G1 F1064.1 X125.194 Y83.067 E1241.13217
G1 F1084.3 X125.287 Y82.284 E1241.22111
G1 F1056.6 X125.282 Y81.782 E1241.27909
G1 F1037.3 X125.168 Y81.111 E1241.35903
G1 F1046.1 X121.324 Y69.284 E1242.80845
G1 F1055.1 X120.978 Y68.575 E1242.89969
G1 F1046.1 X120.464 Y67.914 E1242.99728
G1 F1037.3 X119.735 Y67.3 E1243.10922
G1 F1053.6 X118.969 Y66.925 E1243.20798
G1 F1059.6 X118.382 Y66.75 E1243.27855
G1 X117.656 Y66.656 E1243.36288
G1 F1050.6 X105.184 Y66.658 E1244.81088
G1 F1059.6 X104.6 Y66.763 E1244.87924
G1 F1079.6 X103.949 Y66.967 E1244.9565
G1 F1058.1 X103.397 Y67.221 E1245.02659
G1 F1047.6 X102.735 Y67.73 E1245.12379
G1 F1062.6 X102.065 Y68.502 E1245.24124
G1 F1053.6 X101.677 Y69.268 E1245.34067
G1 F1043.2 X97.832 Y81.112 E1246.79574
G1 F1059.6 X97.682 Y81.918 E1246.89019
G1 F1058.1 X97.737 Y82.793 E1246.99132
G1 F1056.6 X97.962 Y83.598 E1247.08786
G1 F1067.2 X98.391 Y84.451 E1247.19714
G1 F1052.1 X98.853 Y84.996 E1247.27998
G1 F1047.6 X99.243 Y85.357 E1247.34184
G1 X104.389 Y89.1 E1248.08253
G1 X118.611 Y89.098 E1249.73797
G10
G0 F7200 X118.611 Y90.37
G0 X113.384 Y90.636
G0 X114.305 Y92.05
G11
G1 F739 X112.019 Y92.05 E1250.10178
G1 F731.9 X111.42 Y92.06 E1250.19794
G1 F736.6 X110.826 Y92.043 E1250.29278
G1 F750.2 X108.683 Y92.045 E1250.62934
G1 X109.474 Y92.619 E1250.78283
G1 X110.237 Y92.956 E1250.91382
G1 X110.731 Y93.083 E1250.99393
G1 F736.6 X111.408 Y93.142 E1251.10239
G1 F731.9 X112.099 Y93.106 E1251.21344
G1 F739 X112.927 Y92.905 E1251.34905
G1 X113.685 Y92.493 E1251.48635
G1 X114.305 Y92.05 E1251.60762
G0 F7200 X113.905 Y92.05
G10
;MESH:NONMESH
G0 F600 Z5.1
G0 F7200 X113.307 Y92.354
G0 X113.384 Y90.636
G0 X118.611 Y90.37
G0 X118.611 Y89.098
;TIME_ELAPSED:505.146089
;LAYER:32
;note -- min layer time used
;TYPE:WALL-OUTER
;MESH:LED-charm-base_N0.8_v12.stl
G11
G1 F1056.7 X123.753 Y85.358 E1252.342
G1 F1062.7 X124.219 Y84.925 E1252.41509
G1 F1065.8 X124.696 Y84.28 E1252.50703
G1 F1059.7 X124.945 Y83.844 E1252.56487
G1 F1064.3 X125.194 Y83.067 E1252.6585
G1 F1084.4 X125.287 Y82.284 E1252.74744
G1 F1056.7 X125.282 Y81.782 E1252.80542
G1 F1037.5 X125.168 Y81.111 E1252.88536
G1 F1046.3 X121.324 Y69.284 E1254.33478
G1 F1055.2 X120.978 Y68.575 E1254.42602
G1 F1046.3 X120.464 Y67.914 E1254.52361
G1 F1037.5 X119.735 Y67.3 E1254.63555
G1 F1055.2 X118.966 Y66.924 E1254.73455
G1 F1059.7 X118.38 Y66.75 E1254.80497
G1 F1056.7 X117.581 Y66.654 E1254.89792
G1 F1044.8 X105.184 Y66.658 E1256.34465
G1 F1056.7 X104.6 Y66.763 E1256.41318
G1 F1079.7 X103.949 Y66.967 E1256.49044
G1 F1058.2 X103.397 Y67.221 E1256.56053
G1 F1047.7 X102.735 Y67.73 E1256.65773
G1 F1062.7 X102.065 Y68.502 E1256.77518
G1 F1053.7 X101.677 Y69.268 E1256.87462
G1 F1043.3 X97.832 Y81.112 E1258.32969
G1 F1059.7 X97.682 Y81.918 E1258.42413
G1 F1058.2 X97.737 Y82.793 E1258.52526
G1 F1056.7 X97.962 Y83.598 E1258.62181
G1 F1067.3 X98.391 Y84.451 E1258.73108
G1 F1052.2 X98.853 Y84.996 E1258.81393
G1 F1047.7 X99.243 Y85.357 E1258.87578
G1 X104.389 Y89.1 E1259.61647
G1 X118.611 Y89.098 E1261.27191
G10
G0 F7200 X118.611 Y90.37
G0 X113.384 Y90.636
G0 X114.3 Y92.05
G11
G1 F739.1 X112.019 Y92.05 E1261.63493
G1 F732 X111.42 Y92.06 E1261.73109
G1 F736.7 X110.827 Y92.043 E1261.82577
G1 F750.3 X108.671 Y92.044 E1262.16437
G1 X109.473 Y92.619 E1262.31935
G1 X110.241 Y92.955 E1262.451
G1 X110.732 Y93.083 E1262.53069
G1 F736.7 X111.408 Y93.142 E1262.63899
G1 F732 X112.099 Y93.106 E1262.75005
G1 F739.1 X112.927 Y92.905 E1262.88565
G1 X113.685 Y92.494 E1263.02288
G1 X114.3 Y92.05 E1263.1436
G0 F7200 X113.9 Y92.05
G10
;MESH:NONMESH
G0 F600 Z5.25
G0 F7200 X113.307 Y92.354
G0 X113.384 Y90.636
G0 X118.611 Y90.37
G0 X118.611 Y89.098
;TIME_ELAPSED:512.001427
;LAYER:33
;note -- min layer time used
;TYPE:WALL-OUTER
;MESH:LED-charm-base_N0.8_v12.stl
G11
G1 F1056.6 X123.753 Y85.358 E1263.87798
G1 F1062.7 X124.219 Y84.925 E1263.95107
G1 F1065.7 X124.696 Y84.28 E1264.043
G1 F1059.6 X124.945 Y83.844 E1264.10084
G1 F1064.2 X125.194 Y83.067 E1264.19447
G1 F1084.3 X125.287 Y82.284 E1264.28341
G1 F1056.6 X125.282 Y81.782 E1264.3414
G1 F1037.4 X125.168 Y81.111 E1264.42134
G1 F1046.2 X121.324 Y69.284 E1265.87075
G1 F1055.1 X120.978 Y68.575 E1265.96199
G1 F1046.2 X120.464 Y67.914 E1266.05958
G1 F1037.4 X119.735 Y67.3 E1266.17152
G1 F1053.6 X118.969 Y66.925 E1266.27029
G1 F1059.6 X118.382 Y66.75 E1266.34085
G1 X117.656 Y66.656 E1266.42518
G1 F1050.6 X105.184 Y66.658 E1267.87318
G1 F1059.6 X104.6 Y66.763 E1267.94154
G1 F1079.6 X103.949 Y66.967 E1268.0188
G1 F1058.1 X103.397 Y67.221 E1268.08889
G1 F1047.7 X102.735 Y67.73 E1268.18609
G1 F1062.7 X102.065 Y68.503 E1268.30363
G1 F1053.6 X101.677 Y69.269 E1268.40306
G1 F1041.8 X97.83 Y81.116 E1269.86041
G1 F1059.6 X97.689 Y81.927 E1269.95524
G1 F1061.2 X97.734 Y82.781 E1270.05363
G1 F1056.6 X97.962 Y83.598 E1270.15159
G1 F1067.2 X98.391 Y84.451 E1270.26087
G1 F1052.1 X98.853 Y84.996 E1270.34371
G1 F1047.7 X99.243 Y85.357 E1270.40557
G1 X104.389 Y89.1 E1271.14626
G1 X118.611 Y89.098 E1272.8017
G10
G0 F7200 X118.611 Y90.37
G0 X113.384 Y90.636
G0 X114.3 Y92.05
G11
G1 F739 X112.019 Y92.05 E1273.16472
G1 F732 X111.42 Y92.06 E1273.26087
G1 F736.7 X110.826 Y92.043 E1273.35572
G1 F750.3 X108.675 Y92.043 E1273.69353
G1 X109.478 Y92.623 E1273.8491
G1 X110.236 Y92.956 E1273.97912
G1 X110.731 Y93.083 E1274.05938
G1 F736.7 X111.408 Y93.142 E1274.16784
G1 F732 X112.099 Y93.106 E1274.2789
G1 F739 X112.927 Y92.905 E1274.4145
G1 X113.685 Y92.494 E1274.55173
G1 X114.3 Y92.05 E1274.67245
G0 F7200 X113.9 Y92.05
G10
;MESH:NONMESH
G0 F600 Z5.4
G0 F7200 X113.307 Y92.354
G0 X113.384 Y90.636
G0 X118.611 Y90.37
G0 X118.611 Y89.098
;TIME_ELAPSED:518.853354
;LAYER:34
;note -- min layer time used
;TYPE:WALL-OUTER
;MESH:LED-charm-base_N0.8_v12.stl
G11
G1 F1056.7 X123.753 Y85.358 E1275.40683
G1 F1062.8 X124.219 Y84.925 E1275.47992
G1 F1059.7 X124.889 Y84.019 E1275.60973
G1 X125.19 Y83.079 E1275.72343
G1 F1073.5 X125.294 Y82.357 E1275.80648
G1 F1053.7 X125.28 Y81.766 E1275.87494
G1 F1038.9 X125.168 Y81.111 E1275.95288
G1 F1046.3 X121.324 Y69.284 E1277.4023
G1 F1055.2 X120.978 Y68.575 E1277.49354
G1 F1046.3 X120.464 Y67.914 E1277.59113
G1 F1037.5 X119.735 Y67.3 E1277.70307
G1 F1053.7 X118.969 Y66.925 E1277.80184
G1 F1059.7 X118.382 Y66.75 E1277.8724
G1 X117.656 Y66.656 E1277.95673
G1 F1050.7 X105.184 Y66.658 E1279.40473
G1 F1059.7 X104.6 Y66.763 E1279.47309
G1 F1079.7 X103.949 Y66.967 E1279.55035
G1 F1058.2 X103.397 Y67.221 E1279.62044
G1 F1047.8 X102.735 Y67.73 E1279.71764
G1 F1062.8 X102.065 Y68.502 E1279.83509
G1 F1053.7 X101.677 Y69.268 E1279.93452
G1 F1043.3 X97.832 Y81.112 E1281.3896
G1 F1059.7 X97.682 Y81.918 E1281.48404
G1 F1058.2 X97.737 Y82.793 E1281.58517
G1 F1056.7 X97.962 Y83.598 E1281.68171
G1 F1067.3 X98.391 Y84.451 E1281.79099
G1 F1052.2 X98.853 Y84.996 E1281.87383
G1 F1047.8 X99.243 Y85.357 E1281.93569
G1 X104.389 Y89.1 E1282.67638
G1 X118.611 Y89.098 E1284.33182
G10
G0 F7200 X118.611 Y90.37
G0 X113.386 Y90.635
G0 X114.301 Y92.047
G11
G1 F738.3 X112.025 Y92.048 E1284.69439
G1 F731.3 X111.332 Y92.058 E1284.80573
G1 F736.7 X110.831 Y92.042 E1284.88573
G1 F748.7 X108.676 Y92.044 E1285.22482
G1 X109.478 Y92.622 E1285.38037
G1 X110.237 Y92.954 E1285.51072
G1 X110.734 Y93.083 E1285.59152
G1 F736.7 X111.314 Y93.138 E1285.6845
G1 F731.3 X112.102 Y93.105 E1285.8112
G1 F738.3 X112.928 Y92.904 E1285.94663
G1 X113.681 Y92.497 E1286.08298
G1 X114.301 Y92.047 E1286.20502
G0 F7200 X113.901 Y92.047
G10
;MESH:NONMESH
G0 F600 Z5.55
G0 F7200 X113.31 Y92.352
G0 X113.386 Y90.635
G0 X118.611 Y90.37
G0 X118.611 Y89.098
;TIME_ELAPSED:525.706704
;LAYER:35
;note -- min layer time used
;TYPE:WALL-OUTER
;MESH:LED-charm-base_N0.8_v12.stl
G11
G1 F1056.7 X123.753 Y85.358 E1286.9394
G1 F1062.8 X124.219 Y84.925 E1287.01249
G1 F1059.7 X124.889 Y84.019 E1287.1423
G1 X125.19 Y83.079 E1287.256
G1 F1073.5 X125.294 Y82.357 E1287.33905
G1 F1053.7 X125.28 Y81.766 E1287.40751
G1 F1039 X125.168 Y81.111 E1287.48546
G1 F1046.3 X121.324 Y69.284 E1288.93487
G1 F1055.2 X120.978 Y68.575 E1289.02611
G1 F1046.3 X120.464 Y67.914 E1289.1237
G1 F1037.5 X119.735 Y67.3 E1289.23565
G1 F1053.7 X118.969 Y66.925 E1289.33441
G1 F1059.7 X118.382 Y66.75 E1289.40497
G1 X117.656 Y66.656 E1289.48931
G1 F1050.7 X105.184 Y66.658 E1290.9373
G1 F1059.7 X104.6 Y66.763 E1291.00566
G1 F1079.7 X103.949 Y66.967 E1291.08292
G1 F1058.2 X103.397 Y67.221 E1291.15301
G1 F1047.8 X102.735 Y67.73 E1291.25021
G1 F1062.8 X102.065 Y68.502 E1291.36766
G1 F1053.7 X101.677 Y69.268 E1291.4671
G1 F1043.3 X97.832 Y81.112 E1292.92217
G1 F1059.7 X97.682 Y81.918 E1293.01661
G1 F1058.2 X97.737 Y82.793 E1293.11774
G1 F1056.7 X97.962 Y83.598 E1293.21429
G1 F1067.4 X98.391 Y84.451 E1293.32356
G1 F1052.2 X98.853 Y84.996 E1293.40641
G1 F1047.8 X99.243 Y85.357 E1293.46826
G1 X104.389 Y89.1 E1294.20895
G1 X118.611 Y89.098 E1295.86439
G10
G0 F7200 X118.611 Y90.37
G0 X113.386 Y90.635
G0 X114.301 Y92.048
G11
G1 F738.3 X112.025 Y92.048 E1296.22696
G1 F731.3 X111.332 Y92.058 E1296.3383
G1 F736.7 X110.831 Y92.042 E1296.4183
G1 F748.7 X108.675 Y92.044 E1296.75755
G1 X109.478 Y92.622 E1296.91323
G1 X110.237 Y92.954 E1297.04358
G1 X110.734 Y93.083 E1297.12438
G1 F736.7 X111.314 Y93.138 E1297.21736
G1 F731.3 X112.102 Y93.105 E1297.34406
G1 F738.3 X112.927 Y92.904 E1297.47933
G1 X113.684 Y92.493 E1297.61655
G1 X114.301 Y92.048 E1297.73773
G0 F7200 X113.901 Y92.048
G10
;MESH:NONMESH
G0 F600 Z5.7
G0 F7200 X113.31 Y92.352
G0 X109.578 Y92.335
G0 X109.577 Y90.636
G0 X104.342 Y90.37
G0 X104.342 Y89.063
;TIME_ELAPSED:532.610085
;LAYER:36
;note -- min layer time used
;TYPE:WALL-OUTER
;MESH:LED-charm-base_N0.8_v12.stl
G11
G1 F1444.6 X99.243 Y85.357 E1298.46768
G1 F1436.4 X98.853 Y84.996 E1298.52954
G1 F1424.3 X98.522 Y84.605 E1298.58963
G1 F1422.4 X98.134 Y83.973 E1298.67673
G1 F1428.4 X97.938 Y83.512 E1298.73534
G1 F1420.4 X97.737 Y82.792 E1298.82325
G1 F1440.5 X97.682 Y81.918 E1298.92492
G1 F1452.8 X97.832 Y81.112 E1299.01937
G1 F1430.4 X101.677 Y69.268 E1300.47444
G1 F1428.4 X101.972 Y68.686 E1300.55078
G1 F1446.7 X102.256 Y68.247 E1300.61125
G1 F1461.2 X102.745 Y67.72 E1300.69364
G1 F1436.4 X103.398 Y67.221 E1300.7893
G1 F1450.8 X103.949 Y66.967 E1300.85928
G1 F1480.3 X104.6 Y66.763 E1300.93655
G1 F1452.8 X105.195 Y66.656 E1301.00619
G1 F1442.6 X117.663 Y66.656 E1302.45185
G1 F1454.9 X118.382 Y66.75 E1302.53528
G1 F1461.2 X118.987 Y66.931 E1302.60765
G1 F1465.4 X119.782 Y67.342 E1302.70994
G1 F1446.7 X120.453 Y67.9 E1302.81087
G1 X120.978 Y68.575 E1302.90976
G1 X121.324 Y69.284 E1303.001
G1 F1434.4 X125.168 Y81.111 E1304.45042
G1 F1422.4 X125.282 Y81.782 E1304.53036
G1 F1412.4 X125.289 Y82.485 E1304.61346
G1 F1424.3 X125.167 Y83.152 E1304.69299
G1 X124.937 Y83.869 E1304.78132
G1 F1416.4 X124.476 Y84.602 E1304.88341
G1 F1422.4 X124.143 Y84.996 E1304.944
G1 F1442.6 X123.754 Y85.358 E1305.00561
G1 F1457 X118.709 Y89.026 E1305.7223
G0 F7200 X118.601 Y89.104
G1 F1404.6 X110.865 Y89.117 E1306.64134
G1 F1402.7 X104.4 Y89.105 E1307.41035
G1 X109.413 Y92.727 E1308.14601
G1 F1389.2 X110.196 Y93.072 E1308.24868
G1 X110.709 Y93.205 E1308.31228
G1 X111.405 Y93.282 E1308.39631
G1 X112.119 Y93.235 E1308.48217
G1 X112.975 Y93.027 E1308.58788
G1 X113.75 Y92.608 E1308.69361
G1 F1404.6 X118.601 Y89.104 E1309.40452
G0 F7200 X118.201 Y89.104
G10
G0 X117.207 Y89.553
G0 X113.06 Y91.494
G0 X113.323 Y91.93
;TYPE:WALL-INNER
G11
G1 F1389.2 X116.093 Y89.916 E1309.8155
G1 X106.903 Y89.916 E1310.9183
G1 X109.814 Y92.029 E1311.34994
G1 X110.637 Y92.392 E1311.45788
G1 X111.423 Y92.479 E1311.55278
G1 X111.997 Y92.441 E1311.62181
G1 X112.686 Y92.274 E1311.70688
G1 X113.323 Y91.93 E1311.79376
G0 F7200 X113.773 Y90.669
;TYPE:SKIN
;BRIDGE
G1 F1389.2 X111.44 Y90.676 E1312.13751
G1 X110.972 Y90.663 E1312.20603
G1 X109.2 Y90.662 E1312.46182
G1 X110.19 Y91.379 E1312.63828
G1 X110.838 Y91.665 E1312.74052
G1 X111.681 Y91.74 E1312.86305
G1 X112.407 Y91.568 E1312.97192
G1 X112.921 Y91.289 E1313.05751
G1 X113.773 Y90.669 E1313.21172
G0 F7200 X113.29 Y90.46
G10
;MESH:NONMESH
G0 F600 Z5.85
G0 F7200 X105.72 Y89.532
G0 X104.342 Y89.063
;TIME_ELAPSED:539.214919
;LAYER:37
;note -- min layer time used
;TYPE:WALL-OUTER
;MESH:LED-charm-base_N0.8_v12.stl
G11
G1 F1377.9 X99.243 Y85.357 E1313.94167
G1 F1370.1 X98.853 Y84.996 E1314.00353
G1 F1358.5 X98.522 Y84.605 E1314.06362
G1 F1356.6 X98.134 Y83.973 E1314.15072
G1 F1362.4 X97.938 Y83.512 E1314.20933
G1 F1366.2 X97.77 Y82.908 E1314.28249
G1 F1401.7 X97.687 Y82.068 E1314.37872
G1 F1418 X97.783 Y81.261 E1314.47039
G1 F1389.7 X99.732 Y75.26 E1315.19536
G1 F1374 X101.681 Y69.26 E1315.92779
G1 F1362.4 X101.972 Y68.686 E1316.00308
G1 F1379.8 X102.256 Y68.247 E1316.06355
G1 F1393.7 X102.745 Y67.72 E1316.14594
G1 F1370.1 X103.398 Y67.221 E1316.2416
G1 F1383.8 X103.949 Y66.967 E1316.31159
G1 F1411.9 X104.6 Y66.763 E1316.38885
G1 F1385.7 X105.195 Y66.656 E1316.45849
G1 F1374 X117.625 Y66.654 E1317.90162
G1 F1368.1 X118.576 Y66.784 E1318.01349
G1 F1377.9 X119.066 Y66.973 E1318.0743
G1 F1391.7 X119.728 Y67.297 E1318.15888
G1 F1356.6 X120.453 Y67.9 E1318.26963
G1 F1368.1 X120.978 Y68.575 E1318.3693
G1 F1379.8 X121.324 Y69.284 E1318.46054
G1 F1368.1 X125.168 Y81.111 E1319.90995
G1 F1356.6 X125.282 Y81.782 E1319.98989
G1 F1379.8 X125.288 Y82.283 E1320.04783
G1 F1389.7 X125.241 Y82.907 E1320.11974
G1 F1374 X125.007 Y83.668 E1320.21217
G1 X124.643 Y84.392 E1320.30625
G1 F1377.9 X124.217 Y84.927 E1320.38545
G1 F1391.7 X123.754 Y85.358 E1320.45803
G1 F1389.7 X118.709 Y89.026 E1321.17472
G0 F7200 X118.601 Y89.104
G1 F1339.7 X110.375 Y89.117 E1322.15197
G1 F1337.9 X104.4 Y89.105 E1322.8627
G1 X109.412 Y92.726 E1323.59819
G1 F1325 X110.411 Y93.161 E1323.72894
G1 X111.407 Y93.282 E1323.84934
G1 X112.119 Y93.235 E1323.93496
G1 X112.975 Y93.027 E1324.04067
G1 X113.75 Y92.608 E1324.14639
G1 F1339.7 X118.601 Y89.104 E1324.85731
G0 F7200 X118.201 Y89.104
G0 X117.207 Y89.553
G0 X114.743 Y90.354
G0 X116.093 Y89.916
;TYPE:WALL-INNER
G1 F1325 X106.905 Y89.917 E1325.95987
G1 X109.812 Y92.028 E1326.39099
G1 X110.623 Y92.381 E1326.49713
G1 X111.429 Y92.479 E1326.59456
G1 X111.997 Y92.441 E1326.66287
G1 X112.686 Y92.274 E1326.74795
G1 X113.323 Y91.93 E1326.83482
G1 X116.093 Y89.916 E1327.24579
G0 F7200 X114.743 Y90.354
G0 X113.74 Y90.68
;TYPE:SKIN
G1 F980.1 X111.627 Y90.681 E1327.56135
G1 F1001.7 X110.954 Y90.66 E1327.65998
G1 F1024.2 X109.196 Y90.66 E1327.9125
G1 X110.184 Y91.379 E1328.08802
G1 X110.821 Y91.656 E1328.1878
G1 F1001.7 X111.657 Y91.736 E1328.31082
G1 F980.1 X112.403 Y91.558 E1328.42536
G1 X112.915 Y91.28 E1328.51236
G1 X113.74 Y90.68 E1328.66471
G0 F7200 X113.268 Y90.476
G10
;MESH:NONMESH
G0 F600 Z6
G0 F7200 X105.72 Y89.532
G0 X104.342 Y89.063
;TIME_ELAPSED:545.809785
;LAYER:38
;note -- min layer time used
;TYPE:WALL-OUTER
;MESH:LED-charm-base_N0.8_v12.stl
G11
G1 F1378.5 X99.243 Y85.357 E1329.39465
G1 F1370.7 X98.853 Y84.996 E1329.45651
G1 F1359.2 X98.522 Y84.605 E1329.5166
G1 F1357.3 X98.134 Y83.973 E1329.6037
G1 F1363 X97.938 Y83.512 E1329.66231
G1 F1355.4 X97.737 Y82.792 E1329.75022
G1 F1374.6 X97.682 Y81.918 E1329.8519
G1 F1386.4 X97.832 Y81.112 E1329.94634
G1 F1364.9 X101.677 Y69.268 E1331.40141
G1 F1363 X101.972 Y68.686 E1331.47776
G1 F1380.4 X102.256 Y68.247 E1331.53822
G1 F1394.3 X102.745 Y67.72 E1331.62061
G1 F1370.7 X103.398 Y67.221 E1331.71627
G1 F1384.4 X103.949 Y66.967 E1331.78626
G1 F1412.5 X104.6 Y66.763 E1331.86352
G1 F1386.4 X105.195 Y66.656 E1331.93316
G1 F1378.5 X117.632 Y66.654 E1333.37337
G1 F1380.4 X118.29 Y66.73 E1333.44997
G1 F1378.5 X118.975 Y66.929 E1333.53257
G1 F1382.4 X119.728 Y67.297 E1333.62938
G1 F1357.3 X120.453 Y67.9 E1333.74013
G1 F1368.8 X120.978 Y68.575 E1333.8398
G1 F1380.4 X121.324 Y69.284 E1333.93104
G1 F1368.8 X125.168 Y81.111 E1335.38045
G1 F1357.3 X125.282 Y81.782 E1335.46039
G1 F1347.8 X125.289 Y82.485 E1335.54349
G1 F1359.2 X125.167 Y83.152 E1335.62303
G1 X124.937 Y83.869 E1335.71135
G1 F1351.6 X124.476 Y84.602 E1335.81344
G1 F1357.3 X124.143 Y84.996 E1335.87403
G1 F1376.5 X123.754 Y85.358 E1335.93565
G1 F1390.3 X118.709 Y89.026 E1336.65233
G0 F7200 X118.601 Y89.104
G1 F1340.3 X110.865 Y89.117 E1337.57137
G1 F1338.5 X104.4 Y89.105 E1338.34038
G1 X109.413 Y92.727 E1339.07604
G1 F1325.6 X110.196 Y93.072 E1339.17872
G1 X110.709 Y93.205 E1339.24231
G1 X111.405 Y93.282 E1339.32634
G1 X112.119 Y93.235 E1339.41221
G1 X112.975 Y93.027 E1339.51792
G1 X113.75 Y92.608 E1339.62364
G1 F1340.3 X118.601 Y89.104 E1340.33456
G0 F7200 X118.201 Y89.104
G0 X117.207 Y89.553
G0 X114.743 Y90.354
G0 X116.093 Y89.916
;TYPE:WALL-INNER
G1 F1325.6 X106.903 Y89.916 E1341.43736
G1 X109.814 Y92.029 E1341.869
G1 X110.637 Y92.392 E1341.97694
G1 X111.423 Y92.479 E1342.07184
G1 X111.997 Y92.441 E1342.14087
G1 X112.686 Y92.274 E1342.22594
G1 X113.323 Y91.93 E1342.31282
G1 X116.093 Y89.916 E1342.72379
G0 F7200 X114.743 Y90.354
G0 X113.773 Y90.669
;TYPE:SKIN
G1 F995.6 X111.44 Y90.676 E1343.06755
G1 F1003.3 X110.972 Y90.663 E1343.13606
G1 F1019 X109.2 Y90.662 E1343.39186
G1 X110.19 Y91.379 E1343.56831
G1 X110.838 Y91.665 E1343.67055
G1 F1015.6 X111.681 Y91.74 E1343.79309
G1 F1006.6 X112.407 Y91.568 E1343.90196
G1 F1003.3 X112.921 Y91.289 E1343.98755
G1 X113.773 Y90.669 E1344.14175
G0 F7200 X113.29 Y90.46
G10
;MESH:NONMESH
G0 F600 Z6.15
G0 F7200 X105.72 Y89.532
G0 X104.342 Y89.063
;TIME_ELAPSED:552.411314
;LAYER:39
;note -- min layer time used
;TYPE:WALL-OUTER
;MESH:LED-charm-base_N0.8_v12.stl
G11
G1 F1378.5 X99.243 Y85.357 E1344.8717
G1 F1370.7 X98.853 Y84.996 E1344.93356
G1 F1359.2 X98.522 Y84.605 E1344.99365
G1 F1357.3 X98.134 Y83.973 E1345.08075
G1 F1363 X97.938 Y83.512 E1345.13936
G1 F1355.4 X97.737 Y82.792 E1345.22727
G1 F1374.6 X97.682 Y81.918 E1345.32894
G1 F1386.4 X97.832 Y81.112 E1345.42339
G1 F1364.9 X101.677 Y69.268 E1346.87846
G1 F1363 X101.972 Y68.686 E1346.9548
G1 F1380.5 X102.256 Y68.247 E1347.01527
G1 F1394.3 X102.745 Y67.72 E1347.09766
G1 F1370.7 X103.398 Y67.221 E1347.19332
G1 F1384.4 X103.949 Y66.967 E1347.26331
G1 F1412.5 X104.6 Y66.763 E1347.34057
G1 F1386.4 X105.195 Y66.656 E1347.41021
G1 F1376.5 X117.663 Y66.656 E1348.85588
G1 F1388.4 X118.382 Y66.75 E1348.9393
G1 F1394.3 X118.987 Y66.931 E1349.01167
G1 F1398.3 X119.782 Y67.342 E1349.11396
G1 F1380.5 X120.453 Y67.9 E1349.21489
G1 X120.978 Y68.575 E1349.31379
G1 X121.324 Y69.284 E1349.40503
G1 F1368.8 X125.168 Y81.111 E1350.85444
G1 F1357.3 X125.282 Y81.782 E1350.93438
G1 F1347.8 X125.289 Y82.485 E1351.01748
G1 F1359.2 X125.167 Y83.152 E1351.09702
G1 X124.937 Y83.869 E1351.18534
G1 F1351.6 X124.476 Y84.602 E1351.28743
G1 F1357.3 X124.143 Y84.996 E1351.34802
G1 F1376.5 X123.754 Y85.358 E1351.40964
G1 F1390.3 X118.709 Y89.026 E1352.12632
G0 F7200 X118.601 Y89.104
G1 F1340.3 X110.865 Y89.117 E1353.04536
G1 F1338.5 X104.4 Y89.105 E1353.81437
G1 X109.413 Y92.727 E1354.55003
G1 F1325.6 X110.196 Y93.072 E1354.65271
G1 X110.709 Y93.205 E1354.7163
G1 X111.405 Y93.282 E1354.80033
G1 X112.119 Y93.235 E1354.8862
G1 X112.975 Y93.027 E1354.99191
G1 X113.75 Y92.608 E1355.09763
G1 F1340.3 X118.601 Y89.104 E1355.80855
G0 F7200 X118.201 Y89.104
G0 X117.207 Y89.553
G0 X114.743 Y90.354
G0 X116.093 Y89.916
;TYPE:WALL-INNER
G1 F1325.6 X106.903 Y89.916 E1356.91135
G1 X109.814 Y92.029 E1357.34299
G1 X110.637 Y92.392 E1357.45093
G1 X111.423 Y92.479 E1357.54583
G1 X111.997 Y92.441 E1357.61486
G1 X112.686 Y92.274 E1357.69993
G1 X113.323 Y91.93 E1357.78681
G1 X116.093 Y89.916 E1358.19778
G0 F7200 X114.743 Y90.354
G0 X113.773 Y90.669
;TYPE:SKIN
G1 F995.6 X111.44 Y90.676 E1358.54154
G1 F1003.3 X110.972 Y90.663 E1358.61005
G1 F1019 X109.2 Y90.662 E1358.86585
G1 X110.19 Y91.379 E1359.0423
G1 X110.838 Y91.665 E1359.14454
G1 F1015.6 X111.681 Y91.74 E1359.26708
G1 F1006.6 X112.407 Y91.568 E1359.37595
G1 F1003.3 X112.921 Y91.289 E1359.46154
G1 X113.773 Y90.669 E1359.61574
G0 F7200 X113.29 Y90.46
;MESH:NONMESH
G0 F600 Z6.3
G0 F7200 X110.445 Y90.425
G0 X110.445 Y90.236
;TIME_ELAPSED:558.600681
;LAYER:40
;note -- min layer time used
;TYPE:FILL
;MESH:LED-charm-base_N0.8_v12.stl
G1 F1343.4 X112.257 Y92.048 E1359.92325
G0 F7200 X112.214 Y91.866
G0 X110.769 Y91.87
G0 X110.714 Y92.076
G1 F1343.4 X112.554 Y90.236 E1360.23551
G1 X112.695 Y90.095
G10
G0 F7200 X112.695 Y90.425
G0 X105.72 Y89.532
G0 X104.342 Y89.063
;TYPE:WALL-OUTER
G11
G1 F1397 X99.243 Y85.357 E1360.96546
G1 F1389.1 X98.853 Y84.996 E1361.02731
G1 F1377.4 X98.522 Y84.605 E1361.08741
G1 F1375.5 X98.134 Y83.973 E1361.17451
G1 F1381.3 X97.938 Y83.512 E1361.23312
G1 F1373.6 X97.737 Y82.792 E1361.32103
G1 F1393 X97.682 Y81.918 E1361.4227
G1 F1405 X97.832 Y81.112 E1361.51714
G1 F1383.2 X101.677 Y69.268 E1362.97222
G1 F1381.3 X101.972 Y68.686 E1363.04856
G1 F1399 X102.256 Y68.247 E1363.10903
G1 F1413 X102.745 Y67.72 E1363.19141
G1 F1389.1 X103.398 Y67.221 E1363.28708
G1 F1403 X103.949 Y66.967 E1363.35706
G1 F1431.5 X104.6 Y66.763 E1363.43432
G1 F1405 X105.195 Y66.656 E1363.50397
G1 F1395 X117.672 Y66.656 E1364.95067
G1 F1397 X118.284 Y66.728 E1365.02203
G1 F1395 X118.975 Y66.929 E1365.10548
G1 F1401 X119.728 Y67.297 E1365.20228
G1 F1375.5 X120.453 Y67.9 E1365.31303
G1 F1387.1 X120.978 Y68.575 E1365.4127
G1 F1399 X121.324 Y69.284 E1365.50394
G1 F1393 X125.243 Y81.343 E1366.97606
G1 F1397 X125.303 Y82.416 E1367.10051
G1 F1409 X125.194 Y83.023 E1367.17137
G1 F1433.6 X125.001 Y83.667 E1367.24741
G1 F1421.2 X124.599 Y84.457 E1367.34846
G1 F1395 X124.143 Y84.996 E1367.43032
G1 X123.754 Y85.358 E1367.49193
G1 F1409 X118.709 Y89.026 E1368.20862
G0 F7200 X118.601 Y89.104
G1 F1358.3 X110.865 Y89.117 E1369.12766
G1 F1356.4 X104.4 Y89.105 E1369.89667
G1 X109.413 Y92.727 E1370.63233
G1 F1343.4 X110.196 Y93.072 E1370.735
G1 X110.709 Y93.205 E1370.7986
G1 X111.405 Y93.282 E1370.88263
G1 X112.119 Y93.235 E1370.96849
G1 X112.975 Y93.027 E1371.0742
G1 X113.75 Y92.608 E1371.17993
G1 F1358.3 X118.601 Y89.104 E1371.89084
G0 F7200 X118.201 Y89.104
G0 X117.207 Y89.553
G0 X114.743 Y90.354
G0 X116.093 Y89.916
;TYPE:WALL-INNER
G1 F1343.4 X106.903 Y89.916 E1372.99364
G1 X109.814 Y92.029 E1373.42529
G1 X110.637 Y92.392 E1373.53323
G1 X111.423 Y92.479 E1373.62812
G1 X111.997 Y92.441 E1373.69716
G1 X112.686 Y92.274 E1373.78223
G1 X113.323 Y91.93 E1373.8691
G1 X116.093 Y89.916 E1374.28008
;MESH:NONMESH
G0 F600 Z6.45
G0 F7200 X114.743 Y90.354
G0 X110.447 Y90.425
G0 X110.447 Y90.237
;TIME_ELAPSED:564.915377
;LAYER:41
;note -- min layer time used
;TYPE:FILL
;MESH:LED-charm-base_N0.8_v12.stl
G1 F1348.5 X112.257 Y92.048 E1374.58733
G0 F7200 X112.214 Y91.866
G0 X110.784 Y91.866
G0 X110.739 Y92.05
G1 F1348.5 X112.554 Y90.236 E1374.89526
G1 X112.695 Y90.095
G10
G0 F7200 X112.695 Y90.425
G0 X105.72 Y89.532
G0 X104.342 Y89.063
;TYPE:WALL-OUTER
G11
G1 F1402.3 X99.243 Y85.357 E1375.62521
G1 F1394.3 X98.853 Y84.996 E1375.68707
G1 F1382.6 X98.522 Y84.605 E1375.74716
G1 F1380.7 X98.134 Y83.973 E1375.83426
G1 F1386.5 X97.938 Y83.512 E1375.89287
G1 F1378.7 X97.737 Y82.792 E1375.98078
G1 F1398.3 X97.682 Y81.918 E1376.08245
G1 F1410.3 X97.832 Y81.112 E1376.17689
G1 F1388.4 X101.677 Y69.268 E1377.63197
G1 F1386.5 X101.972 Y68.686 E1377.70831
G1 F1404.2 X102.256 Y68.247 E1377.76878
G1 F1418.3 X102.745 Y67.72 E1377.85117
G1 F1394.3 X103.398 Y67.221 E1377.94683
G1 F1408.2 X103.949 Y66.967 E1378.01681
G1 F1436.9 X104.6 Y66.763 E1378.09407
G1 F1410.3 X105.195 Y66.656 E1378.16372
G1 F1400.3 X117.663 Y66.656 E1379.60938
G1 F1412.3 X118.382 Y66.75 E1379.69281
G1 F1418.3 X118.987 Y66.931 E1379.76518
G1 F1422.4 X119.782 Y67.342 E1379.86747
G1 F1404.2 X120.453 Y67.9 E1379.9684
G1 X120.978 Y68.575 E1380.06729
G1 X121.324 Y69.284 E1380.15853
G1 F1392.4 X125.168 Y81.111 E1381.60795
G1 F1380.7 X125.282 Y81.782 E1381.68789
G1 F1371 X125.289 Y82.485 E1381.77099
G1 F1382.6 X125.167 Y83.152 E1381.85052
G1 X124.937 Y83.869 E1381.93885
G1 F1374.9 X124.476 Y84.602 E1382.04094
G1 F1380.7 X124.143 Y84.996 E1382.10153
G1 F1400.3 X123.754 Y85.358 E1382.16314
G1 F1414.3 X118.709 Y89.026 E1382.87983
G0 F7200 X118.601 Y89.104
G1 F1363.4 X110.378 Y89.117 E1383.85672
G1 F1361.5 X104.4 Y89.105 E1384.56781
G1 X109.413 Y92.727 E1385.30346
G1 F1348.5 X110.197 Y93.071 E1385.4062
G1 X110.877 Y93.236 E1385.49017
G1 X111.409 Y93.282 E1385.55425
G1 X112.119 Y93.235 E1385.63963
G1 X112.975 Y93.027 E1385.74534
G1 X113.75 Y92.608 E1385.85106
G1 F1363.4 X118.601 Y89.104 E1386.56198
G0 F7200 X118.201 Y89.104
G0 X117.207 Y89.553
G0 X114.743 Y90.354
G0 X116.093 Y89.916
;TYPE:WALL-INNER
G1 F1348.5 X106.905 Y89.917 E1387.66454
G1 X109.814 Y92.029 E1388.09592
G1 X110.454 Y92.31 E1388.1798
G1 X111.212 Y92.494 E1388.2734
G1 X111.997 Y92.441 E1388.36782
G1 X112.686 Y92.274 E1388.45289
G1 X113.323 Y91.93 E1388.53976
G1 X116.093 Y89.916 E1388.95074
G10
;MESH:NONMESH
G0 F600 Z6.6
G0 F7200 X114.743 Y90.354
G0 X105.72 Y89.532
G0 X104.342 Y89.063
;TIME_ELAPSED:571.625028
;LAYER:42
;note -- min layer time used
;TYPE:WALL-OUTER
;MESH:LED-charm-base_N0.8_v12.stl
G11
G1 F1383.8 X99.243 Y85.357 E1389.68068
G1 F1376 X98.853 Y84.996 E1389.74254
G1 F1364.4 X98.522 Y84.605 E1389.80263
G1 F1362.5 X98.134 Y83.973 E1389.88974
G1 F1368.3 X97.938 Y83.512 E1389.94834
G1 F1372.1 X97.77 Y82.908 E1390.02151
G1 F1407.8 X97.687 Y82.068 E1390.11773
G1 F1424.2 X97.783 Y81.261 E1390.20941
G1 F1395.7 X99.73 Y75.264 E1390.93387
G1 F1379.9 X101.677 Y69.267 E1391.66589
G1 F1368.3 X101.972 Y68.686 E1391.74213
G1 F1385.8 X102.256 Y68.247 E1391.8026
G1 F1399.7 X102.745 Y67.72 E1391.88499
G1 F1376 X103.398 Y67.221 E1391.98065
G1 F1389.8 X103.949 Y66.967 E1392.05063
G1 F1418 X104.6 Y66.763 E1392.1279
G1 F1391.7 X105.195 Y66.656 E1392.19754
G1 F1381.9 X117.663 Y66.656 E1393.6432
G1 F1393.7 X118.382 Y66.75 E1393.72663
G1 F1399.7 X118.987 Y66.931 E1393.799
G1 F1403.7 X119.782 Y67.342 E1393.90129
G1 F1385.8 X120.453 Y67.9 E1394.00222
G1 X120.978 Y68.575 E1394.10111
G1 X121.324 Y69.284 E1394.19235
G1 F1376 X123.27 Y75.273 E1394.92535
G1 F1393.7 X125.216 Y81.262 E1395.64985
G1 F1372.1 X125.28 Y81.757 E1395.70809
G1 F1364.4 X125.29 Y82.355 E1395.77825
G1 F1387.8 X125.21 Y82.984 E1395.85148
G1 F1399.7 X125.038 Y83.595 E1395.92423
G1 F1391.7 X124.77 Y84.15 E1395.99523
G1 F1366.4 X124.476 Y84.602 E1396.05839
G1 F1362.5 X124.143 Y84.996 E1396.11898
G1 F1381.9 X123.754 Y85.358 E1396.1806
G1 F1395.7 X118.709 Y89.026 E1396.89728
G0 F7200 X118.601 Y89.104
G1 F1345.5 X110.865 Y89.117 E1397.81632
G1 F1343.7 X104.4 Y89.105 E1398.58533
G1 X109.413 Y92.727 E1399.32099
G1 F1330.7 X110.196 Y93.072 E1399.42367
G1 X110.709 Y93.205 E1399.48726
G1 X111.405 Y93.282 E1399.57129
G1 X112.119 Y93.235 E1399.65716
G1 X112.975 Y93.027 E1399.76287
G1 X113.75 Y92.608 E1399.86859
G1 F1345.5 X118.601 Y89.104 E1400.57951
G0 F7200 X118.201 Y89.104
G0 X117.207 Y89.553
G0 X114.743 Y90.354
G0 X116.093 Y89.916
;TYPE:WALL-INNER
G1 F1330.7 X106.903 Y89.916 E1401.68231
G1 X109.814 Y92.029 E1402.11395
G1 X110.637 Y92.392 E1402.22189
G1 X111.423 Y92.479 E1402.31679
G1 X111.997 Y92.441 E1402.38582
G1 X112.686 Y92.274 E1402.47089
G1 X113.323 Y91.93 E1402.55777
G1 X116.093 Y89.916 E1402.96874
G0 F7200 X114.743 Y90.354
G0 X113.773 Y90.669
;TYPE:SKIN
G1 F999.5 X111.44 Y90.676 E1403.3125
G1 F1007.2 X110.972 Y90.663 E1403.38101
G1 F1023 X109.2 Y90.662 E1403.63681
G1 X110.19 Y91.379 E1403.81326
G1 X110.838 Y91.665 E1403.9155
G1 F1019.5 X111.681 Y91.74 E1404.03804
G1 F1010.5 X112.407 Y91.568 E1404.14691
G1 F1007.2 X112.921 Y91.289 E1404.2325
G1 X113.773 Y90.669 E1404.3867
G0 F7200 X113.29 Y90.46
G10
;MESH:NONMESH
G0 F600 Z6.75
G0 F7200 X105.72 Y89.532
G0 X104.342 Y89.063
;TIME_ELAPSED:578.187069
;LAYER:43
;note -- min layer time used
;TYPE:WALL-OUTER
;MESH:LED-charm-base_N0.8_v12.stl
G11
G1 F1377.4 X99.243 Y85.357 E1405.11665
G1 F1369.6 X98.853 Y84.996 E1405.17851
G1 F1358.1 X98.522 Y84.605 E1405.2386
G1 F1356.2 X98.134 Y83.973 E1405.3257
G1 F1361.9 X97.938 Y83.512 E1405.38431
G1 F1365.8 X97.77 Y82.91 E1405.45725
G1 F1369.6 X97.676 Y81.976 E1405.56652
G1 X97.832 Y81.11 E1405.66894
G1 F1363.9 X101.677 Y69.268 E1407.12379
G1 F1361.9 X101.972 Y68.686 E1407.20013
G1 F1379.4 X102.256 Y68.247 E1407.2606
G1 F1393.2 X102.745 Y67.72 E1407.34299
G1 F1369.6 X103.398 Y67.221 E1407.43865
G1 F1383.3 X103.949 Y66.967 E1407.50864
G1 F1411.4 X104.6 Y66.763 E1407.5859
G1 F1385.3 X105.195 Y66.656 E1407.65554
G1 F1377.4 X117.631 Y66.654 E1409.09563
G1 F1379.4 X118.289 Y66.73 E1409.17223
G1 F1377.4 X118.975 Y66.928 E1409.25492
G1 F1381.3 X119.728 Y67.297 E1409.35177
G1 F1356.2 X120.453 Y67.9 E1409.46252
G1 F1367.7 X120.978 Y68.575 E1409.56219
G1 F1379.4 X121.324 Y69.284 E1409.65343
G1 F1367.7 X125.168 Y81.111 E1411.10284
G1 F1356.2 X125.282 Y81.782 E1411.18278
G1 F1346.8 X125.289 Y82.485 E1411.26588
G1 F1358.1 X125.167 Y83.152 E1411.34542
G1 X124.937 Y83.869 E1411.43374
G1 F1350.5 X124.476 Y84.602 E1411.53583
G1 F1356.2 X124.143 Y84.996 E1411.59642
G1 F1375.5 X123.754 Y85.358 E1411.65804
G1 F1389.3 X118.709 Y89.026 E1412.37472
G0 F7200 X118.601 Y89.104
G1 F1339.3 X110.865 Y89.117 E1413.29376
G1 F1337.4 X104.4 Y89.105 E1414.06278
G1 X109.413 Y92.727 E1414.79843
G1 F1324.6 X110.196 Y93.072 E1414.90111
G1 X110.711 Y93.206 E1414.96497
G1 X111.333 Y93.282 E1415.04016
G1 X112.12 Y93.234 E1415.13478
G1 X112.975 Y93.027 E1415.24034
G1 X113.75 Y92.608 E1415.34606
G1 F1339.3 X118.601 Y89.104 E1416.05698
G0 F7200 X118.201 Y89.104
G0 X117.207 Y89.553
G0 X114.743 Y90.354
G0 X116.093 Y89.916
;TYPE:WALL-INNER
G1 F1324.6 X106.903 Y89.916 E1417.15978
G1 X109.814 Y92.029 E1417.59143
G1 X110.632 Y92.39 E1417.69872
G1 X111.358 Y92.479 E1417.78649
G1 X112 Y92.44 E1417.86367
G1 X112.686 Y92.274 E1417.94837
G1 X113.323 Y91.93 E1418.03524
G1 X116.093 Y89.916 E1418.44622
G0 F7200 X114.743 Y90.354
G0 X113.773 Y90.669
;TYPE:SKIN
G1 F997 X109.241 Y90.675 E1419.11269
G1 F990.5 X110.196 Y91.366 E1419.28705
G1 X110.701 Y91.587 E1419.36859
G1 X111.385 Y91.714 E1419.47149
G1 F997 X111.893 Y91.69 E1419.54628
G1 F1003.6 X112.407 Y91.568 E1419.62352
G1 X112.921 Y91.289 E1419.70902
G1 X113.773 Y90.669 E1419.86308
G0 F7200 X113.29 Y90.46
G10
;MESH:NONMESH
G0 F600 Z6.9
G0 F7200 X105.72 Y89.532
G0 X104.342 Y89.063
;TIME_ELAPSED:584.793477
;LAYER:44
;note -- min layer time used
;TYPE:WALL-OUTER
;MESH:LED-charm-base_N0.8_v12.stl
G11
G1 F1378.5 X99.243 Y85.357 E1420.59303
G1 F1370.7 X98.853 Y84.996 E1420.65489
G1 F1359.2 X98.522 Y84.605 E1420.71498
G1 F1355.4 X98.133 Y83.972 E1420.80235
G1 F1359.2 X97.935 Y83.507 E1420.86164
G1 F1351.6 X97.737 Y82.794 E1420.94888
G1 F1374.6 X97.682 Y81.918 E1421.05078
G1 F1386.4 X97.832 Y81.112 E1421.14523
G1 F1364.9 X101.677 Y69.268 E1422.6003
G1 F1363 X101.972 Y68.686 E1422.67664
G1 F1380.5 X102.256 Y68.247 E1422.73711
G1 F1394.3 X102.745 Y67.72 E1422.8195
G1 F1370.7 X103.398 Y67.221 E1422.91516
G1 F1384.4 X103.949 Y66.967 E1422.98515
G1 F1412.5 X104.6 Y66.763 E1423.06241
G1 F1386.4 X105.195 Y66.656 E1423.13205
G1 F1376.6 X117.663 Y66.656 E1424.57772
G1 F1388.4 X118.382 Y66.75 E1424.66114
G1 F1394.3 X118.987 Y66.931 E1424.73351
G1 F1398.4 X119.782 Y67.342 E1424.8358
G1 F1380.5 X120.453 Y67.9 E1424.93673
G1 X120.978 Y68.575 E1425.03563
G1 X121.324 Y69.284 E1425.12687
G1 F1374.6 X125.243 Y81.344 E1426.59911
G1 F1384.4 X125.295 Y82.287 E1426.70805
G1 F1390.4 X125.225 Y82.915 E1426.78065
G1 F1382.4 X125.042 Y83.587 E1426.86109
G1 F1370.7 X124.77 Y84.15 E1426.93387
G1 F1361.1 X124.476 Y84.602 E1426.99704
G1 F1357.3 X124.143 Y84.996 E1427.05763
G1 F1376.6 X123.754 Y85.358 E1427.11924
G1 F1390.4 X118.709 Y89.026 E1427.83593
G0 F7200 X118.601 Y89.104
G1 F1340.4 X110.865 Y89.117 E1428.75497
G1 F1338.5 X104.4 Y89.105 E1429.52398
G1 X109.413 Y92.727 E1430.25964
G1 F1325.6 X110.196 Y93.072 E1430.36231
G1 X110.709 Y93.205 E1430.42591
G1 X111.405 Y93.282 E1430.50994
G1 X112.119 Y93.235 E1430.5958
G1 X112.975 Y93.027 E1430.70151
G1 X113.75 Y92.608 E1430.80724
G1 F1340.4 X118.601 Y89.104 E1431.51815
G0 F7200 X118.201 Y89.104
G0 X117.207 Y89.553
G0 X114.743 Y90.354
G0 X116.093 Y89.916
;TYPE:WALL-INNER
G1 F1325.6 X106.903 Y89.916 E1432.62095
G1 X109.814 Y92.029 E1433.0526
G1 X110.637 Y92.392 E1433.16054
G1 X111.423 Y92.479 E1433.25543
G1 X111.997 Y92.441 E1433.32447
G1 X112.686 Y92.274 E1433.40954
G1 X113.323 Y91.93 E1433.49641
G1 X116.093 Y89.916 E1433.90739
G0 F7200 X114.743 Y90.354
G0 X113.773 Y90.669
;TYPE:SKIN
G1 F995.6 X111.44 Y90.676 E1434.25114
G1 F1003.3 X110.972 Y90.663 E1434.31966
G1 F1019 X109.2 Y90.662 E1434.57545
G1 X110.19 Y91.379 E1434.75191
G1 X110.838 Y91.665 E1434.85415
G1 F1015.6 X111.681 Y91.74 E1434.97668
G1 F1006.7 X112.407 Y91.568 E1435.08555
G1 F1003.3 X112.921 Y91.289 E1435.17114
G1 X113.773 Y90.669 E1435.32535
G0 F7200 X113.29 Y90.46
G10
;MESH:NONMESH
G0 F600 Z7.05
G0 F7200 X105.72 Y89.532
G0 X104.342 Y89.063
;TIME_ELAPSED:591.388743
;LAYER:45
;note -- min layer time used
;TYPE:WALL-OUTER
;MESH:LED-charm-base_N0.8_v12.stl
G11
G1 F1370.7 X99.243 Y85.357 E1436.0553
G1 F1362.9 X98.853 Y84.996 E1436.11716
G1 F1351.5 X98.522 Y84.605 E1436.17725
G1 F1349.6 X98.134 Y83.973 E1436.26435
G1 F1355.3 X97.938 Y83.512 E1436.32296
G1 F1359.1 X97.769 Y82.906 E1436.39638
G1 F1398.4 X97.687 Y82.038 E1436.49551
G1 F1396.4 X97.832 Y81.112 E1436.60222
G1 F1357.2 X101.677 Y69.268 E1438.05729
G1 F1355.3 X101.972 Y68.686 E1438.13363
G1 F1372.6 X102.256 Y68.247 E1438.1941
G1 F1386.4 X102.745 Y67.72 E1438.27649
G1 F1362.9 X103.398 Y67.221 E1438.37215
G1 F1376.5 X103.949 Y66.967 E1438.44214
G1 F1404.5 X104.6 Y66.763 E1438.5194
G1 F1378.5 X105.195 Y66.656 E1438.58904
G1 F1368.7 X117.663 Y66.656 E1440.03471
G1 F1380.5 X118.382 Y66.75 E1440.11813
G1 F1386.4 X118.987 Y66.931 E1440.1905
G1 F1390.4 X119.782 Y67.342 E1440.29279
G1 F1372.6 X120.453 Y67.9 E1440.39372
G1 X120.978 Y68.575 E1440.49262
G1 X121.324 Y69.284 E1440.58386
G1 F1368.7 X125.243 Y81.343 E1442.05408
G1 F1374.6 X125.301 Y82.397 E1442.176
G1 F1382.4 X125.198 Y83.061 E1442.25321
G1 X124.936 Y83.872 E1442.35114
G1 F1353.4 X124.476 Y84.602 E1442.45222
G1 F1349.6 X124.143 Y84.996 E1442.51281
G1 F1368.7 X123.754 Y85.358 E1442.57442
G1 F1382.4 X118.709 Y89.026 E1443.29111
G0 F7200 X118.601 Y89.104
G1 F1332.7 X110.378 Y89.117 E1444.268
G1 F1330.9 X104.4 Y89.105 E1444.97909
G1 X109.413 Y92.727 E1445.71474
G1 F1318.1 X110.197 Y93.071 E1445.81748
G1 X110.877 Y93.236 E1445.90145
G1 X111.409 Y93.282 E1445.96553
G1 X112.119 Y93.235 E1446.05091
G1 X112.975 Y93.027 E1446.15662
G1 X113.75 Y92.608 E1446.26234
G1 F1332.7 X118.601 Y89.104 E1446.97326
G0 F7200 X118.201 Y89.104
G0 X116.093 Y89.916
;TYPE:WALL-INNER
G1 F1318.1 X106.905 Y89.917 E1448.07582
G1 X109.814 Y92.029 E1448.5072
G1 X110.454 Y92.31 E1448.59108
G1 X111.212 Y92.494 E1448.68468
G1 X111.997 Y92.441 E1448.77909
G1 X112.686 Y92.274 E1448.86417
G1 X113.323 Y91.93 E1448.95104
G1 X116.093 Y89.916 E1449.36202
G0 F7200 X113.773 Y90.669
;TYPE:SKIN
G1 F998.7 X111.813 Y90.669 E1449.66366
G1 F990 X111.319 Y90.678 E1449.74029
G1 F980.3 X109.25 Y90.677 E1450.06399
G1 X110.197 Y91.364 E1450.24703
G1 X110.701 Y91.584 E1450.33306
G1 X111.274 Y91.726 E1450.42542
G1 F990 X111.89 Y91.691 E1450.52111
G1 F998.7 X112.407 Y91.568 E1450.6029
G1 X112.921 Y91.289 E1450.69291
G1 X113.773 Y90.669 E1450.85507
;MESH:NONMESH
G0 F600 Z7.2
G0 F7200 X112.312 Y93.22
;TIME_ELAPSED:597.525111
;LAYER:46
;note -- min layer time used
;TYPE:WALL-OUTER
;MESH:LED-charm-base_N0.8_v12.stl
G1 F881 X113.04 Y93.01 E1450.94406
G1 F897.3 X113.72 Y92.648 E1451.03304
G1 F905 X123.754 Y85.358 E1452.45438
G1 F903.7 X124.22 Y84.925 E1452.52738
G1 F910.2 X124.734 Y84.224 E1452.62647
G1 F907.6 X125.042 Y83.587 E1452.70734
G1 F884.7 X125.248 Y82.8 E1452.80252
G1 F896 X125.288 Y82.284 E1452.86238
G1 F897.3 X125.282 Y81.782 E1452.92036
G1 F881 X125.168 Y81.111 E1453.0003
G1 F888.4 X121.324 Y69.284 E1454.44972
G1 F896 X120.978 Y68.575 E1454.54096
G1 F888.4 X120.464 Y67.914 E1454.63855
G1 F881 X119.734 Y67.3 E1454.75058
G1 F897.3 X118.975 Y66.929 E1454.84816
G1 F893.5 X118.283 Y66.728 E1454.93171
G1 F894.7 X117.672 Y66.656 E1455.00296
G1 F893.5 X105.184 Y66.658 E1456.45094
G1 F899.8 X104.6 Y66.763 E1456.5193
G1 F916.8 X103.949 Y66.967 E1456.59656
G1 F898.6 X103.397 Y67.221 E1456.66665
G1 F889.7 X102.735 Y67.73 E1456.76385
G1 F902.4 X102.065 Y68.502 E1456.8813
G1 F894.7 X101.677 Y69.268 E1456.98073
G1 F885.9 X97.832 Y81.112 E1458.4358
G1 F911.5 X97.688 Y82.002 E1458.53845
G1 F912.9 X97.769 Y82.905 E1458.64153
G1 F887.2 X97.938 Y83.513 E1458.71517
G1 F884.7 X98.134 Y83.973 E1458.77368
G1 F881 X98.522 Y84.605 E1458.86078
G1 F882.2 X98.853 Y84.996 E1458.92087
G1 F889.7 X99.243 Y85.357 E1458.98273
G1 F887.2 X109.34 Y92.694 E1460.43929
G1 F897.3 X110.35 Y93.172 E1460.56835
G1 F910.2 X111.404 Y93.299 E1460.68937
G1 F889.7 X112.312 Y93.22 E1460.79546
;MESH:NONMESH
G0 F600 Z7.35
G0 F7200 X112.04 Y93.265
;TIME_ELAPSED:603.353948
;LAYER:47
;note -- min layer time used
;TYPE:WALL-OUTER
;MESH:LED-charm-base_N0.8_v12.stl
G1 F872.9 X112.863 Y93.079 E1460.89507
G1 F894 X113.614 Y92.729 E1460.99077
G1 F917.5 X118.684 Y89.044 E1461.69776
G1 F904.3 X123.754 Y85.358 E1462.41423
G1 F900.4 X124.22 Y84.925 E1462.48722
G1 F903 X124.696 Y84.28 E1462.57897
G1 F896.6 X124.945 Y83.844 E1462.63681
G1 F900.4 X125.194 Y83.067 E1462.73044
G1 F917.5 X125.287 Y82.284 E1462.81938
G1 F894 X125.282 Y81.782 E1462.87736
G1 F877.8 X125.168 Y81.111 E1462.9573
G1 F885.2 X121.324 Y69.284 E1464.40672
G1 F892.7 X120.978 Y68.575 E1464.49796
G1 F885.2 X120.464 Y67.914 E1464.59555
G1 F877.8 X119.735 Y67.3 E1464.70749
G1 F891.5 X118.969 Y66.925 E1464.80625
G1 F896.6 X118.382 Y66.75 E1464.87682
G1 X117.656 Y66.656 E1464.96115
G1 F889 X105.184 Y66.658 E1466.40915
G1 F896.6 X104.6 Y66.763 E1466.47751
G1 F913.5 X103.949 Y66.967 E1466.55477
G1 F895.3 X103.397 Y67.221 E1466.62486
G1 F886.4 X102.735 Y67.73 E1466.72206
G1 F899.1 X102.065 Y68.502 E1466.83951
G1 F891.5 X101.677 Y69.268 E1466.93894
G1 F882.7 X97.832 Y81.112 E1468.39401
G1 F896.6 X97.682 Y81.918 E1468.48846
G1 F895.3 X97.737 Y82.793 E1468.58959
G1 F894 X97.962 Y83.598 E1468.68613
G1 F903 X98.391 Y84.451 E1468.79541
G1 F890.2 X98.853 Y84.996 E1468.87825
G1 F886.4 X99.243 Y85.357 E1468.94011
G1 F891.5 X109.45 Y92.777 E1470.40139
G1 F883.9 X110.193 Y93.081 E1470.49508
G1 F880.2 X110.707 Y93.215 E1470.5573
G1 F876.5 X111.405 Y93.289 E1470.63985
G1 F874.1 X112.04 Y93.265 E1470.71477
;MESH:NONMESH
G0 F600 Z7.5
G0 F7200 X112.461 Y93.178
;TIME_ELAPSED:609.195073
;LAYER:48
;note -- min layer time used
;TYPE:WALL-OUTER
;MESH:LED-charm-base_N0.8_v12.stl
G1 F879.1 X112.974 Y93.023 E1470.77763
G1 F884.1 X113.599 Y92.74 E1470.8577
G1 F917.6 X118.677 Y89.049 E1471.56582
G1 F905.7 X123.755 Y85.357 E1472.28249
G1 F900.6 X124.22 Y84.925 E1472.35532
G1 F903.1 X124.696 Y84.28 E1472.44707
G1 F896.7 X124.945 Y83.844 E1472.50491
G1 F900.6 X125.194 Y83.067 E1472.59853
G1 F917.6 X125.287 Y82.284 E1472.68748
G1 F894.1 X125.282 Y81.782 E1472.74546
G1 F877.9 X125.168 Y81.111 E1472.8254
G1 F885.3 X121.324 Y69.284 E1474.27482
G1 F892.9 X120.978 Y68.575 E1474.36606
G1 F885.3 X120.464 Y67.914 E1474.46365
G1 F877.9 X119.735 Y67.3 E1474.57559
G1 F894.1 X118.972 Y66.927 E1474.67368
G1 F892.9 X118.309 Y66.734 E1474.75354
G1 F890.3 X117.729 Y66.661 E1474.82132
G1 F886.6 X105.196 Y66.656 E1476.28016
G1 F896.7 X104.6 Y66.763 E1476.34992
G1 F913.6 X103.949 Y66.967 E1476.42718
G1 F895.4 X103.397 Y67.221 E1476.49727
G1 F886.6 X102.735 Y67.73 E1476.59447
G1 F899.3 X102.065 Y68.502 E1476.71192
G1 F891.6 X101.677 Y69.268 E1476.81136
G1 F882.8 X97.832 Y81.112 E1478.26643
G1 F896.7 X97.682 Y81.918 E1478.36088
G1 F895.4 X97.737 Y82.793 E1478.46201
G1 F894.1 X97.962 Y83.598 E1478.55855
G1 F903.1 X98.391 Y84.451 E1478.66782
G1 F890.3 X98.853 Y84.996 E1478.75067
G1 F886.6 X99.243 Y85.357 E1478.81253
G1 F881.6 X109.35 Y92.697 E1480.27398
G1 X110.216 Y93.094 E1480.38544
G1 F896.7 X110.907 Y93.258 E1480.46726
G1 F905.7 X111.812 Y93.278 E1480.57059
G1 F912.3 X112.461 Y93.178 E1480.64505
;MESH:NONMESH
G0 F600 Z7.65
G0 F7200 X112.04 Y93.266
;TIME_ELAPSED:615.042544
;LAYER:49
;note -- min layer time used
;TYPE:WALL-OUTER
;MESH:LED-charm-base_N0.8_v12.stl
G1 F886.8 X113.031 Y93.033 E1480.76355
G1 F893.1 X113.809 Y92.586 E1480.86732
G1 F894.4 X123.754 Y85.358 E1482.2873
G1 F900.8 X124.22 Y84.925 E1482.36029
G1 F894.4 X124.887 Y84.021 E1482.49005
G1 F885.6 X125.191 Y83.078 E1482.60553
G1 F879.3 X125.302 Y82.302 E1482.69748
G1 F884.3 X125.24 Y81.333 E1482.81079
G1 F886.8 X121.324 Y69.284 E1484.28551
G1 F893.1 X120.978 Y68.575 E1484.37675
G1 F885.6 X120.464 Y67.914 E1484.47434
G1 F878.1 X119.736 Y67.301 E1484.58612
G1 F900.8 X119.02 Y66.954 E1484.67742
G1 F899.5 X118.433 Y66.764 E1484.74831
G1 F889.3 X117.646 Y66.654 E1484.84057
G1 F884.3 X105.184 Y66.658 E1486.29488
G1 F894.4 X104.6 Y66.763 E1486.36342
G1 F913.9 X103.949 Y66.967 E1486.44068
G1 F895.7 X103.397 Y67.221 E1486.51077
G1 F886.8 X102.735 Y67.73 E1486.60797
G1 F899.5 X102.064 Y68.503 E1486.72558
G1 F894.4 X101.68 Y69.264 E1486.82403
G1 F888.1 X97.87 Y80.984 E1488.25667
G1 F902.1 X97.68 Y81.9 E1488.36388
G1 F896.9 X97.737 Y82.793 E1488.46696
G1 F894.4 X97.962 Y83.598 E1488.5635
G1 F903.4 X98.391 Y84.451 E1488.67278
G1 F890.6 X98.853 Y84.996 E1488.75562
G1 F886.8 X99.243 Y85.357 E1488.81748
G1 F881.8 X109.462 Y92.783 E1490.29545
G1 F872 X110.195 Y93.076 E1490.38876
G1 F884.3 X110.821 Y93.264 E1490.46503
G1 X111.408 Y93.288 E1490.5336
G1 F873.2 X112.04 Y93.266 E1490.60825
;MESH:NONMESH
G0 F600 Z7.8
G0 F7200 X112.175 Y93.261
;TIME_ELAPSED:620.898727
;LAYER:50
;note -- min layer time used
;TYPE:WALL-OUTER
;MESH:LED-charm-base_N0.8_v12.stl
G1 F864.4 X112.974 Y93.023 E1490.70754
G1 F884 X113.595 Y92.744 E1490.78699
G1 F917.5 X118.674 Y89.051 E1491.49534
G1 F905.6 X123.754 Y85.358 E1492.21226
G1 F900.4 X124.22 Y84.925 E1492.28525
G1 F897.9 X124.889 Y84.019 E1492.41482
G1 F901.7 X125.197 Y83.062 E1492.53004
G1 F899.2 X125.301 Y82.394 E1492.60771
G1 F894 X125.243 Y81.343 E1492.72929
G1 F890.2 X121.324 Y69.284 E1494.19952
G1 F892.8 X120.978 Y68.575 E1494.29075
G1 F885.2 X120.464 Y67.914 E1494.38835
G1 F877.8 X119.735 Y67.3 E1494.50029
G1 F894 X118.975 Y66.928 E1494.59802
G1 F891.5 X118.289 Y66.73 E1494.6807
G1 F892.8 X117.621 Y66.654 E1494.75845
G1 F891.5 X105.184 Y66.658 E1496.19866
G1 F896.6 X104.6 Y66.763 E1496.26701
G1 F913.5 X103.949 Y66.967 E1496.34428
G1 F895.3 X103.397 Y67.221 E1496.41437
G1 F886.5 X102.735 Y67.73 E1496.51157
G1 F899.2 X102.064 Y68.503 E1496.62918
G1 F894 X101.68 Y69.264 E1496.72763
G1 F882.7 X97.831 Y81.112 E1498.18329
G1 F894 X97.682 Y81.919 E1498.27808
G1 X97.737 Y82.793 E1498.37922
G1 X97.962 Y83.598 E1498.47576
G1 F903 X98.391 Y84.451 E1498.58504
G1 F890.2 X98.853 Y84.996 E1498.66788
G1 F886.5 X99.243 Y85.357 E1498.72974
G1 F885.2 X109.465 Y92.784 E1500.20238
G1 F871.7 X110.195 Y93.076 E1500.29532
G1 F881.5 X110.766 Y93.251 E1500.36519
G1 F884 X111.405 Y93.287 E1500.43988
G1 F876.5 X112.175 Y93.261 E1500.53048
;MESH:NONMESH
G0 F600 Z7.95
G0 F7200 X112.029 Y93.266
;TIME_ELAPSED:626.731567
;LAYER:51
;note -- min layer time used
;TYPE:WALL-OUTER
;MESH:LED-charm-base_N0.8_v12.stl
G1 F869.1 X112.916 Y93.057 E1500.63847
G1 F871.5 X113.723 Y92.65 E1500.7453
G1 F882.6 X118.739 Y89.004 E1501.4699
G1 F893.9 X123.755 Y85.357 E1502.18619
G1 F900.3 X124.217 Y84.927 E1502.25862
G1 F891.3 X124.643 Y84.392 E1502.33781
G1 F888.8 X125.007 Y83.668 E1502.43189
G1 X125.24 Y82.9 E1502.52507
G1 F899 X125.288 Y82.283 E1502.59618
G1 F892.6 X125.282 Y81.782 E1502.65412
G1 F877.6 X125.168 Y81.111 E1502.73406
G1 F885 X121.324 Y69.284 E1504.18348
G1 F892.6 X120.978 Y68.575 E1504.27472
G1 F881.3 X120.511 Y67.974 E1504.36377
G1 F864.3 X119.838 Y67.383 E1504.47044
G1 F869.1 X119.153 Y66.991 E1504.56397
G1 F872.7 X118.37 Y66.739 E1504.66107
G1 F888.8 X117.619 Y66.654 E1504.74882
G1 F891.3 X105.184 Y66.658 E1506.18879
G1 F896.4 X104.6 Y66.763 E1506.25714
G1 F913.3 X103.949 Y66.967 E1506.33441
G1 F895.1 X103.397 Y67.221 E1506.4045
G1 F886.3 X102.735 Y67.73 E1506.5017
G1 F899 X102.066 Y68.502 E1506.61907
G1 F891.3 X101.688 Y69.241 E1506.71519
G1 F888.8 X99.736 Y75.251 E1507.44884
G1 F899 X97.783 Y81.261 E1508.17493
G1 F917.3 X97.687 Y82.068 E1508.2666
G1 F912 X97.77 Y82.909 E1508.36243
G1 F901.6 X97.962 Y83.598 E1508.4444
G1 F902.9 X98.391 Y84.451 E1508.55368
G1 F890.1 X98.853 Y84.996 E1508.63652
G1 F886.3 X99.243 Y85.357 E1508.69838
G1 X109.457 Y92.781 E1510.16817
G1 F873.9 X110.195 Y93.076 E1510.26187
G1 F883.8 X110.76 Y93.251 E1510.3309
G1 F886.3 X111.355 Y93.287 E1510.40028
G1 F869.1 X112.029 Y93.266 E1510.48019
;MESH:NONMESH
G0 F600 Z8.1
G0 F7200 X112.052 Y93.263
;TIME_ELAPSED:632.574924
;LAYER:52
;note -- min layer time used
;TYPE:WALL-OUTER
;MESH:LED-charm-base_N0.8_v12.stl
G1 F871.3 X112.898 Y93.066 E1510.58286
G1 X113.723 Y92.65 E1510.69207
G1 F882.4 X118.739 Y89.004 E1511.41667
G1 F893.7 X123.755 Y85.357 E1512.13296
G1 F900.1 X124.22 Y84.925 E1512.2058
G1 F902.7 X124.696 Y84.28 E1512.29754
G1 F896.3 X124.945 Y83.844 E1512.35538
G1 F900.1 X125.194 Y83.067 E1512.44901
G1 F917.2 X125.287 Y82.284 E1512.53795
G1 F893.7 X125.282 Y81.782 E1512.59594
G1 F877.5 X125.168 Y81.111 E1512.67587
G1 F884.9 X121.324 Y69.284 E1514.12529
G1 F892.4 X120.978 Y68.575 E1514.21653
G1 F884.9 X120.464 Y67.914 E1514.31412
G1 F877.5 X119.736 Y67.301 E1514.4259
G1 F900.1 X119.02 Y66.954 E1514.5172
G1 X118.427 Y66.762 E1514.58873
G1 F884.9 X117.738 Y66.658 E1514.66994
G1 F876.2 X105.184 Y66.658 E1516.14629
G1 F891.2 X104.6 Y66.763 E1516.215
G1 F913.2 X103.949 Y66.967 E1516.29226
G1 F895 X103.397 Y67.221 E1516.36235
G1 F886.1 X102.735 Y67.73 E1516.45955
G1 F898.8 X102.065 Y68.502 E1516.577
G1 F891.2 X101.677 Y69.268 E1516.67644
G1 F882.4 X97.832 Y81.112 E1518.13151
G1 F896.3 X97.682 Y81.918 E1518.22595
G1 F895 X97.737 Y82.793 E1518.32708
G1 F893.7 X97.962 Y83.598 E1518.42363
G1 F902.7 X98.391 Y84.451 E1518.5329
G1 F889.9 X98.853 Y84.996 E1518.61575
G1 F886.1 X99.243 Y85.357 E1518.6776
G1 F887.4 X109.458 Y92.781 E1520.14559
G1 F876.2 X110.194 Y93.077 E1520.23888
G1 F888.7 X110.771 Y93.254 E1520.30895
G1 X111.355 Y93.287 E1520.37686
G1 F871.3 X112.052 Y93.263 E1520.4593
;MESH:NONMESH
G0 F600 Z8.25
G0 F7200 X112.029 Y93.266
;TIME_ELAPSED:638.438034
;LAYER:53
;note -- min layer time used
;TYPE:WALL-OUTER
;MESH:LED-charm-base_N0.8_v12.stl
G1 F871.3 X112.916 Y93.057 E1520.56701
G1 F872.6 X113.723 Y92.65 E1520.67371
G1 F882.4 X118.739 Y89.004 E1521.3983
G1 F893.7 X123.755 Y85.357 E1522.1146
G1 F900.1 X124.219 Y84.925 E1522.18735
G1 F893.7 X124.879 Y84.036 E1522.31523
G1 F883.7 X125.158 Y83.191 E1522.41908
G1 F878.7 X125.289 Y82.484 E1522.50342
G1 F871.3 X125.282 Y81.782 E1522.5864
G1 F877.5 X125.168 Y81.111 E1522.66634
G1 F884.9 X121.324 Y69.284 E1524.11576
G1 F892.5 X120.978 Y68.575 E1524.20699
G1 F881.2 X120.511 Y67.974 E1524.29604
G1 F865.3 X119.968 Y67.497 E1524.38202
G1 F875 X119.368 Y67.114 E1524.46583
G1 F879.9 X118.887 Y66.901 E1524.52746
G1 F882.4 X118.267 Y66.727 E1524.60271
G1 F891.2 X117.62 Y66.654 E1524.6781
G1 X105.184 Y66.658 E1526.11819
G1 F896.3 X104.6 Y66.763 E1526.18655
G1 F913.2 X103.949 Y66.967 E1526.26381
G1 F895 X103.397 Y67.221 E1526.3339
G1 F886.1 X102.735 Y67.73 E1526.4311
G1 F898.8 X102.066 Y68.501 E1526.54839
G1 F891.2 X101.685 Y69.245 E1526.64518
G1 F888.7 X97.868 Y80.996 E1528.07964
G1 F905.3 X97.68 Y81.899 E1528.18493
G1 F898.8 X97.737 Y82.793 E1528.28786
G1 F893.7 X97.962 Y83.598 E1528.3844
G1 F902.7 X98.391 Y84.451 E1528.49368
G1 F889.9 X98.853 Y84.996 E1528.57652
G1 F886.1 X99.243 Y85.357 E1528.63838
G1 F888.7 X109.453 Y92.78 E1530.10393
G1 F876.2 X110.195 Y93.076 E1530.19788
G1 F901.4 X110.828 Y93.26 E1530.27342
G1 X111.362 Y93.285 E1530.33469
G1 F871.3 X112.029 Y93.266 E1530.41356
;MESH:NONMESH
G0 F600 Z8.4
G0 F7200 X112.03 Y93.266
;TIME_ELAPSED:644.287077
;LAYER:54
;note -- min layer time used
;TYPE:WALL-OUTER
;MESH:LED-charm-base_N0.8_v12.stl
G1 F869 X112.916 Y93.057 E1530.52143
G1 F872.6 X113.723 Y92.65 E1530.62813
G1 F882.4 X118.739 Y89.004 E1531.35273
G1 F893.8 X123.755 Y85.357 E1532.06902
G1 F895 X124.355 Y84.799 E1532.16353
G1 F886.2 X124.855 Y83.987 E1532.27453
G1 F880 X125.104 Y83.373 E1532.35215
G1 F876.3 X125.289 Y82.499 E1532.45721
G1 F871.4 X125.282 Y81.782 E1532.54197
G1 F877.5 X125.168 Y81.111 E1532.6219
G1 F884.9 X121.324 Y69.284 E1534.07132
G1 F892.5 X120.978 Y68.575 E1534.16256
G1 F884.9 X120.464 Y67.914 E1534.26015
G1 F877.5 X119.735 Y67.3 E1534.37209
G1 F893.8 X118.976 Y66.929 E1534.46967
G1 F891.2 X118.312 Y66.735 E1534.54978
G1 F893.8 X117.614 Y66.654 E1534.63094
G1 F891.2 X105.184 Y66.658 E1536.07033
G1 F896.3 X104.6 Y66.763 E1536.13869
G1 F913.2 X103.949 Y66.967 E1536.21595
G1 F895 X103.397 Y67.221 E1536.28604
G1 F886.2 X102.735 Y67.73 E1536.38324
G1 F898.9 X102.065 Y68.502 E1536.50069
G1 F891.2 X101.677 Y69.268 E1536.60012
G1 F888.7 X97.866 Y81 E1538.03227
G1 F905.3 X97.68 Y81.899 E1538.13706
G1 F898.9 X97.737 Y82.793 E1538.23999
G1 F893.8 X97.962 Y83.598 E1538.33653
G1 F902.7 X98.391 Y84.451 E1538.44581
G1 F890 X98.853 Y84.996 E1538.52865
G1 F886.2 X99.243 Y85.357 E1538.59051
G1 F896.3 X109.516 Y92.825 E1540.05362
G1 F917.2 X110.634 Y93.23 E1540.18775
G1 F896.3 X111.196 Y93.291 E1540.25288
G1 F864.2 X112.03 Y93.266 E1540.35225
;MESH:NONMESH
G0 F600 Z8.55
G0 F7200 X112.027 Y93.266
;TIME_ELAPSED:650.121682
;LAYER:55
;note -- min layer time used
;TYPE:WALL-OUTER
;MESH:LED-charm-base_N0.8_v12.stl
G1 F871.2 X111.37 Y93.285 E1540.42994
G1 F876.1 X110.733 Y93.257 E1540.50492
G1 F881.1 X109.85 Y92.948 E1540.61438
G1 F888.5 X109.237 Y92.623 E1540.69493
G1 F894.9 X99.243 Y85.357 E1542.12021
G1 F886 X98.853 Y84.996 E1542.18207
G1 F878.6 X98.522 Y84.605 E1542.24216
G1 F877.3 X98.134 Y83.973 E1542.32927
G1 F881.1 X97.938 Y83.512 E1542.38787
G1 F883.5 X97.77 Y82.91 E1542.46081
G1 F887.3 X97.677 Y81.979 E1542.56958
G1 F886 X97.832 Y81.113 E1542.67198
G1 F883.5 X101.68 Y69.264 E1544.12585
G1 F882.3 X101.972 Y68.686 E1544.20152
G1 F892.3 X102.256 Y68.247 E1544.26199
G1 F901.3 X102.745 Y67.72 E1544.34438
G1 F886 X103.398 Y67.221 E1544.44004
G1 F894.9 X103.949 Y66.967 E1544.51002
G1 F913.1 X104.6 Y66.763 E1544.58729
G1 F894.9 X105.195 Y66.656 E1544.65702
G1 F886 X117.707 Y66.658 E1546.11342
G1 F892.3 X118.417 Y66.759 E1546.19635
G1 F901.3 X119.059 Y66.967 E1546.27369
G1 X119.787 Y67.347 E1546.3678
G1 F878.6 X120.453 Y67.899 E1546.46927
G1 F883.5 X120.978 Y68.575 E1546.56916
G1 F892.3 X121.324 Y69.284 E1546.6604
G1 F887.3 X125.144 Y81.043 E1548.0977
G1 F894.9 X125.255 Y81.569 E1548.15971
G1 F886 X125.298 Y82.426 E1548.25959
G1 F896.2 X125.201 Y82.997 E1548.32631
G1 F901.3 X124.954 Y83.849 E1548.42797
G1 F881.1 X124.477 Y84.601 E1548.53216
G1 F878.6 X124.143 Y84.996 E1548.59284
G1 F889.8 X123.754 Y85.358 E1548.65445
G1 F901.3 X113.728 Y92.644 E1550.07478
G1 F886 X112.917 Y93.057 E1550.18072
G1 F871.2 X112.027 Y93.266 E1550.28878
;MESH:NONMESH
G0 F600 Z8.7
G0 F7200 X112.12 Y93.245
;TIME_ELAPSED:655.963897
;LAYER:56
;note -- min layer time used
;TYPE:WALL-OUTER
;MESH:LED-charm-base_N0.8_v12.stl
G1 F871.4 X112.916 Y93.057 E1550.38546
G1 X113.723 Y92.65 E1550.49229
G1 F886.2 X123.753 Y85.358 E1551.93571
G1 X124.265 Y84.882 E1552.01709
G1 X124.681 Y84.313 E1552.09913
G1 F887.5 X125.004 Y83.696 E1552.18009
G1 F886.2 X125.202 Y83.026 E1552.26142
G1 F895.1 X125.294 Y82.319 E1552.34366
G1 F896.4 X125.244 Y81.344 E1552.45612
G1 F888.7 X121.324 Y69.284 E1553.9284
G1 F892.5 X120.978 Y68.575 E1554.01964
G1 F885 X120.464 Y67.914 E1554.11723
G1 F876.3 X119.793 Y67.349 E1554.22038
G1 F891.3 X119.085 Y66.974 E1554.31316
G1 F896.4 X118.467 Y66.768 E1554.38821
G1 F885 X117.809 Y66.656 E1554.466
G1 F876.3 X105.184 Y66.658 E1555.9507
G1 F896.4 X104.6 Y66.763 E1556.01905
G1 F913.3 X103.949 Y66.967 E1556.09632
G1 F895.1 X103.397 Y67.221 E1556.16641
G1 F886.2 X102.735 Y67.73 E1556.26361
G1 F898.9 X102.064 Y68.503 E1556.38122
G1 F893.8 X101.68 Y69.264 E1556.47967
G1 F877.5 X97.796 Y81.214 E1557.95547
G1 F878.8 X97.684 Y82.037 E1558.0529
G1 F892.5 X97.77 Y82.909 E1558.15423
G1 F901.5 X97.962 Y83.597 E1558.23609
G1 F902.8 X98.391 Y84.45 E1558.34537
G1 F890 X98.853 Y84.996 E1558.4283
G1 F886.2 X99.243 Y85.357 E1558.49016
G1 F892.5 X109.081 Y92.511 E1559.89694
G1 F900.2 X109.565 Y92.831 E1559.96352
G1 F887.5 X110.192 Y93.075 E1560.04173
G1 F886.2 X110.802 Y93.258 E1560.11587
G1 F885 X111.593 Y93.287 E1560.20812
G1 F871.4 X112.12 Y93.245 E1560.27061
;MESH:NONMESH
G0 F600 Z8.85
G0 F7200 X111.942 Y93.284
;TIME_ELAPSED:661.837881
;LAYER:57
;note -- min layer time used
;TYPE:WALL-OUTER
;MESH:LED-charm-base_N0.8_v12.stl
G1 F866.8 X112.915 Y93.057 E1560.3893
G1 F870.4 X113.723 Y92.65 E1560.49638
G1 F883.9 X123.749 Y85.363 E1561.9428
G1 F891.5 X124.246 Y84.89 E1562.02225
G1 F882.7 X124.701 Y84.298 E1562.1095
G1 F879 X125.032 Y83.606 E1562.19948
G1 F882.7 X125.225 Y82.921 E1562.28264
G1 F888.9 X125.294 Y82.319 E1562.35299
G1 F896.5 X125.244 Y81.344 E1562.46546
G1 F888.9 X121.324 Y69.284 E1563.93773
G1 F894 X120.98 Y68.577 E1564.02854
G1 F881.4 X120.51 Y67.971 E1564.11827
G1 F870.4 X119.754 Y67.31 E1564.23712
G1 F891.5 X118.975 Y66.928 E1564.33759
G1 X118.288 Y66.73 E1564.42038
G1 F892.7 X117.619 Y66.654 E1564.49825
G1 F891.5 X105.184 Y66.658 E1565.93822
G1 F896.5 X104.6 Y66.763 E1566.00658
G1 F913.5 X103.949 Y66.967 E1566.08384
G1 F894 X103.397 Y67.221 E1566.15402
G1 F883.9 X102.736 Y67.728 E1566.25124
G1 F890.2 X102.125 Y68.387 E1566.35544
G1 F880.2 X101.71 Y69.17 E1566.45925
G1 F879 X99.789 Y75.08 E1567.1882
G1 F891.5 X97.868 Y80.991 E1567.90793
G1 F890.2 X97.753 Y81.537 E1567.97263
G1 F906.9 X97.686 Y82.063 E1568.03308
G1 F912.1 X97.77 Y82.909 E1568.12949
G1 F901.7 X97.962 Y83.597 E1568.21134
G1 F903 X98.391 Y84.45 E1568.32062
G1 F890.2 X98.853 Y84.996 E1568.40355
G1 F886.4 X99.243 Y85.357 E1568.46541
G1 X104.346 Y89.068 E1569.19986
G1 F876.5 X109.45 Y92.779 E1569.94197
G1 F859.6 X110.175 Y93.077 E1570.0358
G1 F879 X110.872 Y93.271 E1570.12067
G1 F890.2 X111.942 Y93.284 E1570.24474
;MESH:NONMESH
G0 F600 Z9
G0 F7200 X111.954 Y93.282
;TIME_ELAPSED:667.694634
;LAYER:58
;note -- min layer time used
;TYPE:WALL-OUTER
;MESH:LED-charm-base_N0.8_v12.stl
G1 F867.8 X112.905 Y93.06 E1570.36061
G1 F878.8 X113.701 Y92.667 E1570.46474
G1 F895.1 X123.753 Y85.358 E1571.89835
G1 F899 X124.217 Y84.927 E1571.97112
G1 F888.8 X124.642 Y84.391 E1572.05054
G1 F883.8 X124.984 Y83.734 E1572.13697
G1 F899 X125.208 Y82.988 E1572.22647
G1 F896.4 X125.301 Y82.395 E1572.29562
G1 F893.8 X125.243 Y81.341 E1572.41754
G1 F890 X121.324 Y69.284 E1573.88755
G1 F893.8 X120.98 Y68.577 E1573.97836
G1 F881.3 X120.51 Y67.971 E1574.06808
G1 F871.5 X119.811 Y67.358 E1574.17798
G1 F899 X119.052 Y66.967 E1574.27608
G1 F890 X118.499 Y66.767 E1574.34426
G1 F873.9 X117.753 Y66.659 E1574.43313
G1 X105.184 Y66.658 E1575.91502
G1 F872.7 X104.396 Y66.8 E1576.00954
G1 F882.5 X103.467 Y67.181 E1576.12687
G1 F895.1 X102.618 Y67.817 E1576.24923
G1 F899 X102.077 Y68.493 E1576.34872
G1 F888.8 X101.712 Y69.164 E1576.4374
G1 F881.3 X97.836 Y81.093 E1577.90492
G1 F899 X97.689 Y81.912 E1578.00052
G1 X97.717 Y82.463 E1578.06392
G1 F881.3 X97.805 Y83.079 E1578.13672
G1 F883.8 X98.022 Y83.746 E1578.21857
G1 F885 X98.356 Y84.382 E1578.3023
G1 F883.8 X98.793 Y84.94 E1578.38501
G1 X99.293 Y85.396 E1578.46398
G1 F893.8 X104.411 Y89.116 E1579.19477
G1 F908 X109.529 Y92.836 E1579.91511
G1 F917.3 X110.681 Y93.237 E1580.0527
G1 F899 X111.208 Y93.282 E1580.11347
G1 F876.3 X111.954 Y93.282 E1580.2012
;MESH:NONMESH
G0 F600 Z9.15
G0 F7200 X111.941 Y93.284
;TIME_ELAPSED:673.541225
;LAYER:59
;note -- min layer time used
;TYPE:WALL-OUTER
;MESH:LED-charm-base_N0.8_v12.stl
G1 F866.5 X112.915 Y93.057 E1580.32001
G1 F870.2 X113.723 Y92.65 E1580.42709
G1 F882.4 X118.739 Y89.004 E1581.15169
G1 F893.7 X123.755 Y85.357 E1581.86798
G1 F896.3 X124.335 Y84.817 E1581.95927
G1 F888.7 X124.762 Y84.168 E1582.04947
G1 F893.7 X125.034 Y83.604 E1582.12179
G1 F896.3 X125.202 Y83.026 E1582.19113
G1 X125.294 Y82.378 E1582.26653
G1 F884.9 X125.28 Y81.77 E1582.33741
G1 F878.7 X125.168 Y81.111 E1582.41582
G1 F884.9 X121.324 Y69.284 E1583.86523
G1 F892.5 X120.978 Y68.575 E1583.95647
G1 F884.9 X120.464 Y67.914 E1584.05406
G1 F873.8 X119.737 Y67.302 E1584.1661
G1 F883.7 X118.987 Y66.933 E1584.26365
G1 F895 X118.303 Y66.733 E1584.34585
G1 F898.9 X117.701 Y66.657 E1584.41557
G1 F886.2 X105.184 Y66.658 E1585.87255
G1 F895 X104.6 Y66.763 E1585.94099
G1 F904 X103.788 Y67.017 E1586.03824
G1 F888.7 X103.168 Y67.389 E1586.12219
G1 F887.4 X102.735 Y67.729 E1586.18619
G1 F897.6 X102.067 Y68.5 E1586.30355
G1 F893.7 X101.684 Y69.252 E1586.40102
G1 F888.7 X97.862 Y81.012 E1587.83666
G1 F886.2 X97.75 Y81.549 E1587.90051
G1 F906.6 X97.687 Y82.065 E1587.95977
G1 F914.5 X97.77 Y82.909 E1588.05569
G1 F901.4 X97.962 Y83.598 E1588.13765
G1 F902.7 X98.382 Y84.431 E1588.24442
G1 F889.9 X98.843 Y84.986 E1588.32808
G1 F886.2 X99.22 Y85.337 E1588.38804
G1 F893.7 X109.085 Y92.514 E1589.79708
G1 F901.4 X109.598 Y92.859 E1589.86793
G1 F907.9 X110.776 Y93.271 E1590.01001
G1 F888.7 X111.941 Y93.284 E1590.14527
;MESH:NONMESH
G0 F600 Z9.3
G0 F7200 X112.022 Y93.267
;TIME_ELAPSED:679.386554
;LAYER:60
;note -- min layer time used
;TYPE:WALL-OUTER
;MESH:LED-charm-base_N0.8_v12.stl
G1 F870.2 X112.915 Y93.057 E1590.25384
G1 F872.7 X113.723 Y92.65 E1590.36064
G1 F886.3 X123.718 Y85.385 E1591.79893
G1 F885 X124.269 Y84.877 E1591.88628
G1 X124.684 Y84.309 E1591.96826
G1 F886.3 X125.01 Y83.681 E1592.05062
G1 F873.9 X125.238 Y82.897 E1592.14689
G1 F896.4 X125.288 Y82.286 E1592.21751
G1 F890 X125.283 Y81.77 E1592.27734
G1 F881.3 X125.211 Y81.25 E1592.33876
G1 F896.4 X123.264 Y75.259 E1593.06446
G1 F883.8 X121.317 Y69.267 E1593.79971
G1 F888.8 X120.98 Y68.577 E1593.88887
G1 F878.8 X120.514 Y67.975 E1593.97817
G1 F864.2 X119.992 Y67.516 E1594.06095
G1 F876.3 X119.165 Y66.983 E1594.17666
G1 F883.8 X118.3 Y66.733 E1594.28173
G1 F888.8 X117.697 Y66.657 E1594.3523
G1 F895.1 X105.324 Y66.656 E1595.77952
G1 F896.4 X104.707 Y66.729 E1595.8511
G1 F904.1 X103.947 Y66.966 E1595.94209
G1 F891.3 X103.398 Y67.221 E1596.01219
G1 F883.8 X102.743 Y67.721 E1596.10835
G1 F896.4 X102.073 Y68.49 E1596.22585
G1 F892.6 X101.684 Y69.252 E1596.32479
G1 F881.3 X99.736 Y75.248 E1597.06242
G1 F870.2 X97.787 Y81.243 E1597.80848
G1 F893.8 X97.68 Y82.126 E1597.91121
G1 F909.3 X97.786 Y82.984 E1598.00951
G1 F891.3 X97.959 Y83.587 E1598.08215
G1 F886.3 X98.226 Y84.15 E1598.15468
G1 F888.8 X98.66 Y84.816 E1598.24697
G1 F891.3 X99.243 Y85.357 E1598.33907
G1 F888.8 X109.452 Y92.778 E1599.8044
G1 F876.3 X110.168 Y93.066 E1599.89515
G1 F883.8 X110.763 Y93.25 E1599.96784
G1 X111.378 Y93.287 E1600.03974
G1 F869 X112.022 Y93.267 E1600.11609
;MESH:NONMESH
G0 F600 Z9.45
G0 F7200 X112.661 Y93.135
;TIME_ELAPSED:685.267187
;LAYER:61
;note -- min layer time used
;TYPE:WALL-OUTER
;MESH:LED-charm-base_N0.8_v12.stl
G1 F903.5 X111.939 Y93.274 E1600.20024
G1 F883.2 X111.386 Y93.287 E1600.26487
G1 F886.9 X110.75 Y93.249 E1600.33903
G1 X110.177 Y93.07 E1600.40891
G1 F874.5 X109.447 Y92.775 E1600.50174
G1 F886.9 X99.243 Y85.357 E1601.97017
G1 X98.781 Y84.929 E1602.04348
G1 F884.4 X98.408 Y84.45 E1602.11433
G1 X98.025 Y83.755 E1602.20693
G1 X97.805 Y83.078 E1602.29001
G1 F902.2 X97.678 Y82.192 E1602.39258
G1 F889.4 X97.737 Y81.573 E1602.46477
G1 F881.9 X97.85 Y81.065 E1602.52566
G1 F894.5 X101.75 Y69.049 E1603.98478
G1 F874.5 X102.273 Y68.227 E1604.09965
G1 F861.3 X102.816 Y67.641 E1604.19516
G1 F867.3 X103.496 Y67.17 E1604.29343
G1 F875.8 X104.396 Y66.8 E1604.40801
G1 F880.7 X105.195 Y66.656 E1604.50312
G1 F889.4 X117.707 Y66.658 E1605.95576
G1 F892 X118.296 Y66.731 E1606.02449
G1 F884.4 X119.165 Y66.984 E1606.13011
G1 F877 X119.988 Y67.513 E1606.24517
G1 F864.9 X120.517 Y67.978 E1606.32905
G1 F880.7 X120.978 Y68.579 E1606.41778
G1 F892 X121.318 Y69.269 E1606.50686
G1 F885.7 X123.265 Y75.26 E1607.24106
G1 F899.6 X125.211 Y81.252 E1607.96494
G1 F881.9 X125.283 Y81.771 E1608.02624
G1 F864.9 X125.29 Y82.513 E1608.11462
G1 F875.8 X125.109 Y83.356 E1608.21614
G1 F884.4 X124.922 Y83.85 E1608.27779
G1 F892 X124.675 Y84.322 E1608.33948
G1 F895.8 X124.247 Y84.891 E1608.42161
G1 F893.2 X123.743 Y85.368 E1608.50186
G1 F888.2 X113.724 Y92.649 E1609.94164
G1 F875.8 X113.141 Y92.943 E1610.01852
G1 F886.9 X112.661 Y93.135 E1610.0787
;MESH:NONMESH
G0 F600 Z9.6
G0 F7200 X112.021 Y93.267
;TIME_ELAPSED:691.138404
;LAYER:62
;note -- min layer time used
;TYPE:WALL-OUTER
;MESH:LED-charm-base_N0.8_v12.stl
G1 F869.7 X112.91 Y93.06 E1610.18686
G1 F884.5 X113.752 Y92.628 E1610.2973
G1 F901 X123.754 Y85.358 E1611.71618
G1 F892 X124.144 Y84.996 E1611.7778
G1 F899.7 X124.693 Y84.279 E1611.88156
G1 F911.4 X125.002 Y83.674 E1611.9587
G1 F887 X125.175 Y83.202 E1612.01722
G1 F873.4 X125.301 Y82.387 E1612.11457
G1 F885.7 X125.243 Y81.347 E1612.23597
G1 F887 X121.318 Y69.269 E1613.71422
G1 F892 X120.98 Y68.58 E1613.80309
G1 X120.62 Y68.113 E1613.87137
G1 F894.5 X120.269 Y67.731 E1613.93129
G1 F902.2 X119.696 Y67.295 E1614.01381
G1 F895.8 X119.071 Y66.968 E1614.09517
G1 F893.3 X118.395 Y66.754 E1614.17717
G1 F894.5 X117.682 Y66.656 E1614.2603
G1 F889.5 X105.206 Y66.656 E1615.70876
G1 F875.8 X104.385 Y66.795 E1615.80681
G1 F870.9 X103.621 Y67.117 E1615.90493
G1 F879.5 X103.182 Y67.381 E1615.96502
G1 F877 X102.597 Y67.842 E1616.05261
G1 F864.9 X102.064 Y68.51 E1616.15439
G1 F874.6 X101.68 Y69.261 E1616.25384
G1 F884.5 X97.834 Y81.101 E1617.70664
G1 F890.7 X97.659 Y82.028 E1617.81602
G1 F898.4 X97.787 Y82.989 E1617.92756
G1 F897.1 X97.991 Y83.666 E1618.00902
G1 F898.4 X98.311 Y84.307 E1618.09144
G1 F897.1 X98.731 Y84.871 E1618.17245
G1 F888.2 X99.193 Y85.318 E1618.24718
G1 F882 X109.447 Y92.775 E1619.7306
G1 F877 X110.18 Y93.07 E1619.82352
G1 F889.5 X110.751 Y93.25 E1619.89303
G1 F888.2 X111.382 Y93.287 E1619.96651
G1 F869.7 X112.021 Y93.267 E1620.04227
;MESH:NONMESH
G0 F600 Z9.75
G0 F7200 X111.754 Y93.303
;TIME_ELAPSED:696.999276
;LAYER:63
;note -- min layer time used
;TYPE:WALL-OUTER
;MESH:LED-charm-base_N0.8_v12.stl
G1 F852.7 X112.469 Y93.179 E1620.12978
G1 F874.2 X112.966 Y93.03 E1620.19095
G1 F896.7 X113.701 Y92.667 E1620.28539
G1 F895.5 X123.742 Y85.367 E1621.71736
G1 F889.1 X124.14 Y84.999 E1621.7803
G1 X124.632 Y84.395 E1621.87074
G1 F898 X125.04 Y83.626 E1621.9709
G1 F891.7 X125.307 Y82.532 E1622.1013
G1 F894.2 X125.245 Y81.348 E1622.23824
G1 F901.9 X121.357 Y69.381 E1623.68022
G1 F903.2 X120.984 Y68.561 E1623.78333
G1 F901.9 X120.376 Y67.837 E1623.89167
G1 F889.1 X119.833 Y67.394 E1623.97303
G1 F881.6 X119.149 Y66.987 E1624.06616
G1 F891.7 X118.362 Y66.749 E1624.16137
G1 X117.803 Y66.656 E1624.22699
G1 F889.1 X105.324 Y66.656 E1625.6758
G1 F887.9 X104.811 Y66.717 E1625.73586
G1 F879.2 X104.032 Y66.922 E1625.83035
G1 F877.9 X103.392 Y67.227 E1625.91361
G1 F885.4 X102.743 Y67.721 E1626.00867
G1 F876.7 X102.278 Y68.22 E1626.08889
G1 F869.4 X101.746 Y69.056 E1626.20631
G1 F871.8 X97.787 Y81.245 E1627.72114
G1 F894.2 X97.68 Y82.126 E1627.82364
G1 F908.4 X97.786 Y82.989 E1627.92263
G1 F884.1 X98.028 Y83.786 E1628.01984
G1 F894.2 X98.334 Y84.33 E1628.09193
G1 X98.653 Y84.799 E1628.15744
G1 F882.9 X99.235 Y85.351 E1628.25117
G1 F886.6 X109.451 Y92.778 E1629.72135
G1 F874.2 X110.176 Y93.068 E1629.81341
G1 F901.9 X110.827 Y93.259 E1629.89116
G1 F894.2 X111.754 Y93.303 E1629.99835
;MESH:NONMESH
G0 F600 Z9.9
G0 F7200 X112.288 Y93.211
;TIME_ELAPSED:702.865588
;LAYER:64
;note -- min layer time used
;TYPE:WALL-OUTER
;MESH:LED-charm-base_N0.8_v12.stl
G1 F880.6 X112.833 Y93.077 E1630.0641
G1 F900.8 X113.691 Y92.667 E1630.17322
G1 X118.748 Y88.993 E1630.89049
G1 F888.1 X123.806 Y85.319 E1631.61723
G1 F891.9 X124.271 Y84.86 E1631.69289
G1 F902.1 X124.778 Y84.166 E1631.79138
G1 F894.4 X125.056 Y83.526 E1631.87198
G1 F895.7 X125.225 Y82.924 E1631.9441
G1 F900.8 X125.296 Y82.287 E1632.01765
G1 F895.7 X125.255 Y81.377 E1632.12272
G1 F889.4 X123.274 Y75.284 E1632.86657
G1 F879.4 X121.293 Y69.191 E1633.61811
G1 F893.2 X120.901 Y68.455 E1633.71454
G1 F903.4 X120.381 Y67.842 E1633.80655
G1 F884.4 X119.704 Y67.288 E1633.90863
G1 F885.6 X119.073 Y66.968 E1633.99109
G1 F886.9 X118.39 Y66.745 E1634.07472
G1 F885.6 X117.686 Y66.657 E1634.15741
G1 F886.9 X105.206 Y66.656 E1635.61008
G1 F874.5 X104.394 Y66.794 E1635.70719
G1 F890.6 X103.918 Y66.98 E1635.76645
G1 F908.6 X103.31 Y67.294 E1635.84436
G1 F884.4 X102.888 Y67.592 E1635.90464
G1 F868.4 X102.399 Y68.093 E1635.98771
G1 F879.4 X101.775 Y68.97 E1636.11396
G1 F885.6 X97.835 Y81.1 E1637.60042
G1 F902.1 X97.671 Y82.123 E1637.71916
G1 F910 X97.788 Y82.99 E1637.81863
G1 F895.7 X97.989 Y83.666 E1637.89998
G1 F885.6 X98.299 Y84.302 E1637.98244
G1 F888.1 X98.715 Y84.85 E1638.06242
G1 F895.7 X99.248 Y85.36 E1638.14752
G1 F889.4 X109.446 Y92.775 E1639.6114
G1 F876.9 X110.18 Y93.07 E1639.70442
G1 F878.2 X110.824 Y93.272 E1639.7837
G1 F881.9 X111.771 Y93.284 E1639.8945
G1 F872 X112.288 Y93.211 E1639.95622
;MESH:NONMESH
G0 F600 Z10.05
G0 F7200 X112.794 Y93.089
;TIME_ELAPSED:708.730905
;LAYER:65
;note -- min layer time used
;TYPE:WALL-OUTER
;MESH:LED-charm-base_N0.8_v12.stl
G1 F879.3 X113.294 Y92.872 E1640.02015
G1 X113.912 Y92.515 E1640.10387
G1 F889.3 X118.906 Y88.884 E1640.82073
G1 F876.9 X123.901 Y85.252 E1641.54701
G1 F888 X124.271 Y84.859 E1641.60976
G1 F891.8 X124.639 Y84.398 E1641.67807
G1 F889.3 X125.008 Y83.669 E1641.77293
G1 F902.1 X125.195 Y83.069 E1641.84495
G1 F894.4 X125.301 Y82.388 E1641.92455
G1 X125.243 Y81.343 E1642.04544
G1 F896.9 X121.338 Y69.333 E1643.50029
G1 F902.1 X120.98 Y68.579 E1643.59594
G1 F885.5 X120.51 Y67.97 E1643.6856
G1 F865.9 X119.852 Y67.393 E1643.7897
G1 F872 X119.167 Y66.997 E1643.88322
G1 F874.4 X118.386 Y66.745 E1643.97998
G1 F885.5 X117.686 Y66.657 E1644.0622
G1 F889.3 X105.257 Y66.658 E1645.50521
G1 X104.63 Y66.748 E1645.57875
G1 F895.6 X103.95 Y66.959 E1645.66088
G1 F899.5 X103.383 Y67.242 E1645.73369
G1 F881.8 X102.887 Y67.592 E1645.80472
G1 F867.1 X102.397 Y68.094 E1645.88805
G1 F875.6 X101.983 Y68.667 E1645.97129
G1 F883 X101.68 Y69.261 E1646.04921
G1 F885.5 X97.834 Y81.105 E1647.50058
G1 F891.8 X97.659 Y82.032 E1647.60983
G1 F899.5 X97.788 Y82.989 E1647.72078
G1 F898.2 X97.991 Y83.666 E1647.8021
G1 X98.304 Y84.295 E1647.88293
G1 F896.9 X98.729 Y84.868 E1647.96511
G1 F885.5 X99.164 Y85.293 E1648.03599
G1 F884.3 X104.288 Y89.023 E1648.77562
G1 F899.5 X109.413 Y92.753 E1649.50393
G1 F876.9 X110.008 Y93.017 E1649.58048
G1 F872 X110.756 Y93.252 E1649.67315
G1 F881.8 X111.389 Y93.287 E1649.74733
G1 F869.6 X112.02 Y93.267 E1649.82214
G1 F883 X112.794 Y93.089 E1649.91494
;MESH:NONMESH
G0 F600 Z10.2
G0 F7200 X112.643 Y93.13
;TIME_ELAPSED:714.585426
;LAYER:66
;note -- min layer time used
;TYPE:WALL-OUTER
;MESH:LED-charm-base_N0.8_v12.stl
G1 F873.9 X113.114 Y92.955 E1649.97418
G1 F876.4 X113.725 Y92.647 E1650.05465
G1 F875.2 X123.899 Y85.254 E1651.53552
G1 F885 X124.271 Y84.861 E1651.59859
G1 F904.2 X124.677 Y84.315 E1651.67636
G1 F882.6 X124.945 Y83.848 E1651.73928
G1 F865.5 X125.156 Y83.17 E1651.82374
G1 F882.6 X125.297 Y82.528 E1651.90055
G1 F888.8 X125.271 Y81.749 E1651.99104
G1 F901.6 X125.21 Y81.248 E1652.04888
G1 F917.3 X123.283 Y75.314 E1652.75264
G1 F905.5 X121.356 Y69.38 E1653.46483
G1 F888.8 X121.119 Y68.852 E1653.53202
G1 F887.6 X120.842 Y68.389 E1653.59475
G1 F899 X120.384 Y67.845 E1653.67645
G1 F886.3 X119.701 Y67.288 E1653.77904
G1 F885 X119.072 Y66.969 E1653.86124
G1 F896.4 X118.376 Y66.749 E1653.94533
G1 X117.675 Y66.656 E1654.02679
G1 X105.336 Y66.656 E1655.44824
G1 F888.8 X104.716 Y66.728 E1655.52071
G1 F881.3 X104.116 Y66.901 E1655.59377
G1 F877.6 X103.623 Y67.117 E1655.65699
G1 F869.1 X102.922 Y67.548 E1655.7545
G1 F866.7 X102.386 Y68.105 E1655.84633
G1 F873.9 X101.981 Y68.67 E1655.92829
G1 F882.6 X101.68 Y69.264 E1656.0061
G1 X97.831 Y81.113 E1657.46188
G1 F886.3 X97.657 Y82.047 E1657.57247
G1 F888.8 X97.807 Y83.086 E1657.69434
G1 X97.985 Y83.65 E1657.76301
G1 F897.7 X98.306 Y84.299 E1657.84631
G1 F887.6 X98.722 Y84.871 E1657.92853
G1 F876.4 X99.191 Y85.318 E1658.00472
G1 F878.8 X109.451 Y92.778 E1659.49272
G1 F873.9 X110.184 Y93.072 E1659.58583
G1 F881.3 X110.814 Y93.262 E1659.66282
G1 F882.6 X111.404 Y93.288 E1659.73183
G1 X111.942 Y93.274 E1659.79472
G1 F887.6 X112.643 Y93.13 E1659.87791
;MESH:NONMESH
G0 F600 Z10.35
G0 F7200 X112.027 Y93.273
;TIME_ELAPSED:720.460481
;LAYER:67
;note -- min layer time used
;TYPE:WALL-OUTER
;MESH:LED-charm-base_N0.8_v12.stl
G1 F863.7 X112.901 Y93.062 E1659.98513
G1 F872.2 X113.729 Y92.645 E1660.09471
G1 F887 X123.741 Y85.369 E1661.53535
G1 F898.4 X124.192 Y84.952 E1661.60601
G1 F893.3 X124.588 Y84.449 E1661.68005
G1 F889.5 X124.986 Y83.767 E1661.77173
G1 F894.5 X125.21 Y82.988 E1661.86535
G1 F899.7 X125.294 Y82.359 E1661.93826
G1 F887 X125.28 Y81.77 E1662.00684
G1 F880.7 X125.169 Y81.115 E1662.08467
G1 F885.7 X121.292 Y69.197 E1663.54536
G1 F872.2 X120.928 Y68.488 E1663.63956
G1 F862.5 X120.244 Y67.709 E1663.76334
G1 F897.1 X119.829 Y67.381 E1663.82428
G1 F931.5 X119.223 Y67.015 E1663.90307
G1 F910.1 X118.303 Y66.732 E1664.01251
G1 F898.4 X117.679 Y66.656 E1664.08484
G1 F889.5 X105.206 Y66.656 E1665.53295
G1 F875.8 X104.409 Y66.791 E1665.62814
G1 F885.7 X103.917 Y66.977 E1665.68944
G1 F899.7 X103.2 Y67.352 E1665.78241
G1 F887 X102.555 Y67.878 E1665.87929
G1 F877 X101.996 Y68.613 E1665.98788
G1 F878.3 X101.657 Y69.324 E1666.0804
G1 F879.5 X97.83 Y81.117 E1667.53473
G1 F895.8 X97.688 Y81.925 E1667.62936
G1 F899.7 X97.717 Y82.455 E1667.69035
G1 F884.5 X97.806 Y83.086 E1667.76472
G1 F889.5 X97.985 Y83.649 E1667.8333
G1 F899.7 X98.307 Y84.299 E1667.91665
G1 F898.4 X98.736 Y84.876 E1667.99937
G1 F892 X99.196 Y85.322 E1668.07357
G1 F887 X109.451 Y92.778 E1669.5494
G1 F874.6 X110.188 Y93.073 E1669.643
G1 F887 X110.762 Y93.252 E1669.71298
G1 X111.401 Y93.287 E1669.78748
G1 F866.1 X112.027 Y93.273 E1669.86196
;MESH:NONMESH
G0 F600 Z10.5
G0 F7200 X112.774 Y93.128
;TIME_ELAPSED:726.347258
;LAYER:68
;note -- min layer time used
;TYPE:WALL-OUTER
;MESH:LED-charm-base_N0.8_v12.stl
G1 F877.2 X113.727 Y92.646 E1669.98755
G1 F889.7 X123.745 Y85.365 E1671.42538
G1 F883.4 X124.273 Y84.875 E1671.50955
G1 F892.2 X124.726 Y84.242 E1671.59969
G1 F894.7 X125.082 Y83.496 E1671.69516
G1 F912.9 X125.285 Y82.604 E1671.7989
G1 F902.4 X125.283 Y81.774 E1671.89401
G1 F883.4 X125.212 Y81.256 E1671.95511
G1 F899.8 X123.265 Y75.262 E1672.67924
G1 F887.1 X121.318 Y69.269 E1673.41272
G1 F892.2 X120.981 Y68.583 E1673.50122
G1 F907.6 X120.488 Y67.943 E1673.59332
G1 F880.9 X120.118 Y67.606 E1673.65195
G1 F882.1 X119.626 Y67.248 E1673.72314
G1 F905 X118.974 Y66.927 E1673.80621
G1 F894.7 X118.287 Y66.728 E1673.88882
G1 X117.68 Y66.656 E1673.95942
G1 F898.6 X105.337 Y66.656 E1675.37948
G1 F887.1 X104.522 Y66.761 E1675.47513
G1 F897.3 X103.948 Y66.968 E1675.54542
G1 F907.6 X103.254 Y67.323 E1675.63429
G1 F898.6 X102.753 Y67.713 E1675.70733
G1 F882.1 X102.396 Y68.094 E1675.76842
G1 F873.5 X101.976 Y68.678 E1675.85334
G1 F882.1 X101.677 Y69.268 E1675.93073
G1 F884.6 X97.834 Y81.109 E1677.38353
G1 F899.8 X97.681 Y81.911 E1677.47734
G1 F919.5 X97.759 Y82.931 E1677.59258
G1 F910.2 X97.985 Y83.65 E1677.67827
G1 F898.6 X98.311 Y84.307 E1677.76265
G1 F897.3 X98.736 Y84.876 E1677.84447
G1 F885.9 X99.164 Y85.293 E1677.91412
G1 F880.9 X109.457 Y92.781 E1679.40526
G1 F876 X110.192 Y93.075 E1679.49848
G1 F882.1 X110.815 Y93.262 E1679.57458
G1 F872.3 X111.763 Y93.302 E1679.68674
G1 F860.3 X112.774 Y93.128 E1679.80953
;MESH:NONMESH
G0 F600 Z10.65
G0 F7200 X112.139 Y93.263
;TIME_ELAPSED:732.207245
;LAYER:69
;note -- min layer time used
;TYPE:WALL-OUTER
;MESH:LED-charm-base_N0.8_v12.stl
G1 F877.1 X112.96 Y93.034 E1679.90977
G1 F892.1 X113.725 Y92.648 E1680.00899
G1 F884.5 X123.799 Y85.324 E1681.46249
G1 F887 X124.324 Y84.817 E1681.54744
G1 F894.6 X124.772 Y84.156 E1681.63967
G1 F899.7 X125.07 Y83.501 E1681.72235
G1 F912.8 X125.291 Y82.663 E1681.82063
G1 F894.6 X125.282 Y81.786 E1681.92193
G1 F879.6 X125.169 Y81.115 E1682.00175
G1 F884.5 X121.294 Y69.194 E1683.46458
G1 F890.8 X120.899 Y68.456 E1683.56164
G1 F892.1 X120.311 Y67.76 E1683.66714
G1 F879.6 X119.616 Y67.242 E1683.76882
G1 F880.8 X118.973 Y66.927 E1683.8527
G1 F887 X118.382 Y66.75 E1683.92451
G1 F895.9 X117.656 Y66.656 E1684.00896
G1 F889.5 X105.206 Y66.656 E1685.4544
G1 F875.9 X104.394 Y66.794 E1685.55139
G1 F890.8 X103.918 Y66.98 E1685.61064
G1 F892.1 X103.32 Y67.273 E1685.68776
G1 F884.5 X102.533 Y67.899 E1685.80511
G1 F889.5 X102.017 Y68.593 E1685.90551
G1 X101.68 Y69.263 E1685.99259
G1 F887 X97.831 Y81.117 E1687.44331
G1 F895.9 X97.681 Y81.92 E1687.53753
G1 F890.8 X97.756 Y82.885 E1687.64976
G1 F873.4 X97.987 Y83.678 E1687.74727
G1 F887 X98.305 Y84.298 E1687.82838
G1 F895.9 X98.739 Y84.879 E1687.91203
G1 F887 X99.166 Y85.293 E1687.98126
G1 F882 X109.453 Y92.78 E1689.46986
G1 F874.7 X110.195 Y93.076 E1689.56405
G1 F887 X110.758 Y93.251 E1689.63267
G1 X111.401 Y93.287 E1689.70763
G1 F862.6 X112.139 Y93.263 E1689.7958
;MESH:NONMESH
G0 F600 Z10.8
G0 F7200 X112.024 Y93.267
;TIME_ELAPSED:738.075627
;LAYER:70
;note -- min layer time used
;TYPE:WALL-OUTER
;MESH:LED-charm-base_N0.8_v12.stl
G1 F870.2 X112.915 Y93.057 E1689.90414
G1 F872.6 X113.723 Y92.65 E1690.01094
G1 F882.4 X118.739 Y89.004 E1690.73554
G1 F893.7 X123.755 Y85.357 E1691.45183
G1 F900.1 X124.22 Y84.925 E1691.52466
G1 F902.7 X124.696 Y84.28 E1691.61641
G1 F896.3 X124.945 Y83.844 E1691.67425
G1 F900.1 X125.194 Y83.067 E1691.76788
G1 F917.2 X125.287 Y82.284 E1691.85682
G1 F893.7 X125.282 Y81.782 E1691.9148
G1 F877.5 X125.168 Y81.111 E1691.99474
G1 F889.9 X121.322 Y69.267 E1693.43864
G1 F877.5 X121.015 Y68.677 E1693.51676
G1 F862.9 X120.512 Y67.974 E1693.61984
G1 F873.8 X119.756 Y67.311 E1693.73839
G1 F891.2 X118.969 Y66.925 E1693.8399
G1 F896.3 X118.382 Y66.75 E1693.91046
G1 X117.656 Y66.656 E1693.9948
G1 F888.7 X105.184 Y66.658 E1695.4428
G1 F896.3 X104.6 Y66.763 E1695.51115
G1 F913.2 X103.949 Y66.967 E1695.58841
G1 F895 X103.397 Y67.221 E1695.6585
G1 F886.2 X102.735 Y67.73 E1695.7557
G1 F898.9 X102.065 Y68.502 E1695.87315
G1 F891.2 X101.677 Y69.268 E1695.97259
G1 F883.7 X97.837 Y81.09 E1697.42317
G1 F879.9 X97.713 Y81.766 E1697.50368
G1 F875 X97.729 Y82.731 E1697.61733
G1 F883.7 X97.937 Y83.524 E1697.713
G1 F896.3 X98.387 Y84.446 E1697.83119
G1 F888.7 X98.853 Y84.996 E1697.91489
G1 F886.2 X99.243 Y85.357 E1697.97674
G1 F884.9 X109.465 Y92.784 E1699.44938
G1 F871.4 X110.195 Y93.076 E1699.54232
G1 F881.2 X110.766 Y93.251 E1699.61219
G1 F883.7 X111.405 Y93.287 E1699.68688
G1 F868.9 X112.024 Y93.267 E1699.76027
;TIME_ELAPSED:743.873910
G10
M107
;Version _2.6 of the firmware can abort the print too early if the file ends
;too soon. However if the file hasn't ended yet because there are comments at
;the end of the file, it won't abort yet. Therefore we have to put at least 512
;bytes at the end of the g-code so that the file is not yet finished by the
;time that the motion planner gets flushed. With firmware version _3.3 this
;should be fixed, so this comment wouldn't be necessary any more. Now we have
;to pad this text to make precisely 512 bytes.
M82 ;absolute extrusion mode
;End of Gcode
;SETTING_3 {"global_quality": "[general]\\nversion = 4\\nname = Normal #2\\ndefi
;SETTING_3 nition = ultimaker2_extended_olsson\\n\\n[metadata]\\ntype = quality_
;SETTING_3 changes\\nquality_type = fast\\nsetting_version = 27\\n\\n[values]\\n
;SETTING_3 adhesion_type = skirt\\n\\n", "extruder_quality": ["[general]\\nversi
;SETTING_3 on = 4\\nname = Normal #2\\ndefinition = ultimaker2_extended_olsson\\
;SETTING_3 n\\n[metadata]\\ntype = quality_changes\\nquality_type = fast\\nsetti
;SETTING_3 ng_version = 27\\nposition = 0\\n\\n[values]\\ntop_bottom_thickness =
;SETTING_3  0.6\\n\\n"]}
